0,26,39822,0
0,26,39822,1
0,26,39822,2
0,26,39822,3
0,26,39822,4
0,26,39822,5
0,26,39822,6
0,26,39822,7
0,26,39822,8
0,26,39822,9
0,26,39822,10
0,26,39822,11
0,26,39822,12
0,26,39822,13
0,26,39822,14
0,26,39822,15
0,26,39822,16
0,26,39822,17
0,26,39822,18
0,26,39822,19
0,26,39822,20
0,26,39822,21
0,26,39822,22
0,26,39822,23
0,26,39822,24
0,26,39822,25
0,26,39822,26
0,26,39822,27
0,26,39822,28
0,26,39822,29
0,26,39822,30
0,26,39822,31
0,26,39822,32
0,26,39822,33
0,26,39822,34
0,26,39822,35
0,26,39822,36
0,26,39822,37
0,26,39822,38
0,26,39822,39
0,26,39822,40
0,26,39822,41
0,26,39822,42
0,26,39822,43
0,26,39822,44
0,26,39822,45
0,26,39822,46
0,26,39822,47
0,26,39822,48
0,26,39822,49
0,26,39822,50
0,26,39822,51
0,26,39822,52
0,26,39822,53
0,26,39822,54
0,26,39822,55
0,26,39822,56
0,26,39822,57
0,26,39822,58
0,26,39822,59
0,26,39822,60
0,26,39822,61
0,26,39822,62
0,26,39822,63
0,26,39822,64
0,26,39822,65
0,26,39822,66
0,26,39822,67
0,26,39822,68
0,26,39822,69
0,26,39822,70
0,26,39822,71
0,26,39822,72
0,26,39822,73
0,26,39822,74
0,26,39822,75
0,26,39822,76
0,26,39822,77
0,26,39822,78
0,26,39822,79
0,1,38133,0
0,1,38133,1
0,1,38133,2
0,1,38133,3
0,1,38133,4
0,1,38133,5
0,1,38133,6
0,1,38133,7
0,1,38133,8
0,1,38133,9
0,1,38133,10
0,1,38133,11
0,1,38133,12
0,1,38133,13
0,1,38133,14
0,1,38133,15
0,1,38133,16
0,1,38133,17
0,1,38133,18
0,1,38133,19
0,1,38133,20
0,1,38133,21
0,1,38133,22
0,1,38133,23
0,1,38133,24
0,1,38133,25
0,1,38133,26
0,1,38133,27
0,1,38133,28
0,1,38133,29
0,1,38133,30
0,1,38133,31
0,1,38133,32
0,1,38133,33
0,1,38133,34
0,1,38133,35
0,1,38133,36
0,1,38133,37
0,1,38133,38
0,1,38133,39
0,1,38133,40
0,1,38133,41
0,1,38133,42
0,1,38133,43
0,1,38133,44
0,1,38133,45
0,1,38133,46
0,1,38133,47
0,1,38133,48
0,1,38133,49
0,1,38133,50
0,1,38133,51
0,1,38133,52
0,1,38133,53
0,1,38133,54
0,1,38133,55
0,1,38133,56
0,1,38133,57
0,1,38133,58
0,1,38133,59
0,1,38133,60
0,1,38133,61
0,1,38133,62
0,1,38133,63
0,1,38133,64
0,1,38133,65
0,1,38133,66
0,1,38133,67
0,1,38133,68
0,1,38133,69
0,1,38133,70
0,1,38133,71
0,1,38133,72
0,1,38133,73
0,1,38133,74
0,1,38133,75
0,1,38133,76
0,1,38133,77
0,1,38133,78
0,1,38133,79
0,19,99576,0
0,19,99576,1
0,19,99576,2
0,19,99576,3
0,19,99576,4
0,19,99576,5
0,19,99576,6
0,19,99576,7
0,19,99576,8
0,19,99576,9
0,19,99576,10
0,19,99576,11
0,19,99576,12
0,19,99576,13
0,19,99576,14
0,19,99576,15
0,19,99576,16
0,19,99576,17
0,19,99576,18
0,19,99576,19
0,19,99576,20
0,19,99576,21
0,19,99576,22
0,19,99576,23
0,19,99576,24
0,19,99576,25
0,19,99576,26
0,19,99576,27
0,19,99576,28
0,19,99576,29
0,19,99576,30
0,19,99576,31
0,19,99576,32
0,19,99576,33
0,19,99576,34
0,19,99576,35
0,19,99576,36
0,19,99576,37
0,19,99576,38
0,19,99576,39
0,19,99576,40
0,19,99576,41
0,19,99576,42
0,19,99576,43
0,19,99576,44
0,19,99576,45
0,19,99576,46
0,19,99576,47
0,19,99576,48
0,19,99576,49
0,19,99576,50
0,19,99576,51
0,19,99576,52
0,19,99576,53
0,19,99576,54
0,19,99576,55
0,19,99576,56
0,19,99576,57
0,19,99576,58
0,19,99576,59
0,19,99576,60
0,19,99576,61
0,19,99576,62
0,19,99576,63
0,19,99576,64
0,19,99576,65
0,19,99576,66
0,19,99576,67
0,19,99576,68
0,19,99576,69
0,19,99576,70
0,19,99576,71
0,19,99576,72
0,19,99576,73
0,19,99576,74
0,19,99576,75
0,19,99576,76
0,19,99576,77
0,19,99576,78
0,19,99576,79
0,17,91647,0
0,17,91647,1
0,17,91647,2
0,17,91647,3
0,17,91647,4
0,17,91647,5
0,17,91647,6
0,17,91647,7
0,17,91647,8
0,17,91647,9
0,17,91647,10
0,17,91647,11
0,17,91647,12
0,17,91647,13
0,17,91647,14
0,17,91647,15
0,17,91647,16
0,17,91647,17
0,17,91647,18
0,17,91647,19
0,17,91647,20
0,17,91647,21
0,17,91647,22
0,17,91647,23
0,17,91647,24
0,17,91647,25
0,17,91647,26
0,17,91647,27
0,17,91647,28
0,17,91647,29
0,17,91647,30
0,17,91647,31
0,17,91647,32
0,17,91647,33
0,17,91647,34
0,17,91647,35
0,17,91647,36
0,17,91647,37
0,17,91647,38
0,17,91647,39
0,17,91647,40
0,17,91647,41
0,17,91647,42
0,17,91647,43
0,17,91647,44
0,17,91647,45
0,17,91647,46
0,17,91647,47
0,17,91647,48
0,17,91647,49
0,17,91647,50
0,17,91647,51
0,17,91647,52
0,17,91647,53
0,17,91647,54
0,17,91647,55
0,17,91647,56
0,17,91647,57
0,17,91647,58
0,17,91647,59
0,17,91647,60
0,17,91647,61
0,17,91647,62
0,17,91647,63
0,17,91647,64
0,17,91647,65
0,17,91647,66
0,17,91647,67
0,17,91647,68
0,17,91647,69
0,17,91647,70
0,17,91647,71
0,17,91647,72
0,17,91647,73
0,17,91647,74
0,17,91647,75
0,17,91647,76
0,17,91647,77
0,17,91647,78
0,17,91647,79
0,5,91314,0
0,5,91314,1
0,5,91314,2
0,5,91314,3
0,5,91314,4
0,5,91314,5
0,5,91314,6
0,5,91314,7
0,5,91314,8
0,5,91314,9
0,5,91314,10
0,5,91314,11
0,5,91314,12
0,5,91314,13
0,5,91314,14
0,5,91314,15
0,5,91314,16
0,5,91314,17
0,5,91314,18
0,5,91314,19
0,5,91314,20
0,5,91314,21
0,5,91314,22
0,5,91314,23
0,5,91314,24
0,5,91314,25
0,5,91314,26
0,5,91314,27
0,5,91314,28
0,5,91314,29
0,5,91314,30
0,5,91314,31
0,5,91314,32
0,5,91314,33
0,5,91314,34
0,5,91314,35
0,5,91314,36
0,5,91314,37
0,5,91314,38
0,5,91314,39
0,5,91314,40
0,5,91314,41
0,5,91314,42
0,5,91314,43
0,5,91314,44
0,5,91314,45
0,5,91314,46
0,5,91314,47
0,5,91314,48
0,5,91314,49
0,5,91314,50
0,5,91314,51
0,5,91314,52
0,5,91314,53
0,5,91314,54
0,5,91314,55
0,5,91314,56
0,5,91314,57
0,5,91314,58
0,5,91314,59
0,5,91314,60
0,5,91314,61
0,5,91314,62
0,5,91314,63
0,5,91314,64
0,5,91314,65
0,5,91314,66
0,5,91314,67
0,5,91314,68
0,5,91314,69
0,5,91314,70
0,5,91314,71
0,5,91314,72
0,5,91314,73
0,5,91314,74
0,5,91314,75
0,5,91314,76
0,5,91314,77
0,5,91314,78
0,5,91314,79
0,9,90318,0
0,9,90318,1
0,9,90318,2
0,9,90318,3
0,9,90318,4
0,9,90318,5
0,9,90318,6
0,9,90318,7
0,9,90318,8
0,9,90318,9
0,9,90318,10
0,9,90318,11
0,9,90318,12
0,9,90318,13
0,9,90318,14
0,9,90318,15
0,9,90318,16
0,9,90318,17
0,9,90318,18
0,9,90318,19
0,9,90318,20
0,9,90318,21
0,9,90318,22
0,9,90318,23
0,9,90318,24
0,9,90318,25
0,9,90318,26
0,9,90318,27
0,9,90318,28
0,9,90318,29
0,9,90318,30
0,9,90318,31
0,9,90318,32
0,9,90318,33
0,9,90318,34
0,9,90318,35
0,9,90318,36
0,9,90318,37
0,9,90318,38
0,9,90318,39
0,9,90318,40
0,9,90318,41
0,9,90318,42
0,9,90318,43
0,9,90318,44
0,9,90318,45
0,9,90318,46
0,9,90318,47
0,9,90318,48
0,9,90318,49
0,9,90318,50
0,9,90318,51
0,9,90318,52
0,9,90318,53
0,9,90318,54
0,9,90318,55
0,9,90318,56
0,9,90318,57
0,9,90318,58
0,9,90318,59
0,9,90318,60
0,9,90318,61
0,9,90318,62
0,9,90318,63
0,9,90318,64
0,9,90318,65
0,9,90318,66
0,9,90318,67
0,9,90318,68
0,9,90318,69
0,9,90318,70
0,9,90318,71
0,9,90318,72
0,9,90318,73
0,9,90318,74
0,9,90318,75
0,9,90318,76
0,9,90318,77
0,9,90318,78
0,9,90318,79
0,21,35805,0
0,21,35805,1
0,21,35805,2
0,21,35805,3
0,21,35805,4
0,21,35805,5
0,21,35805,6
0,21,35805,7
0,21,35805,8
0,21,35805,9
0,21,35805,10
0,21,35805,11
0,21,35805,12
0,21,35805,13
0,21,35805,14
0,21,35805,15
0,21,35805,16
0,21,35805,17
0,21,35805,18
0,21,35805,19
0,21,35805,20
0,21,35805,21
0,21,35805,22
0,21,35805,23
0,21,35805,24
0,21,35805,25
0,21,35805,26
0,21,35805,27
0,21,35805,28
0,21,35805,29
0,21,35805,30
0,21,35805,31
0,21,35805,32
0,21,35805,33
0,21,35805,34
0,21,35805,35
0,21,35805,36
0,21,35805,37
0,21,35805,38
0,21,35805,39
0,21,35805,40
0,21,35805,41
0,21,35805,42
0,21,35805,43
0,21,35805,44
0,21,35805,45
0,21,35805,46
0,21,35805,47
0,21,35805,48
0,21,35805,49
0,21,35805,50
0,21,35805,51
0,21,35805,52
0,21,35805,53
0,21,35805,54
0,21,35805,55
0,21,35805,56
0,21,35805,57
0,21,35805,58
0,21,35805,59
0,21,35805,60
0,21,35805,61
0,21,35805,62
0,21,35805,63
0,21,35805,64
0,21,35805,65
0,21,35805,66
0,21,35805,67
0,21,35805,68
0,21,35805,69
0,21,35805,70
0,21,35805,71
0,21,35805,72
0,21,35805,73
0,21,35805,74
0,21,35805,75
0,21,35805,76
0,21,35805,77
0,21,35805,78
0,21,35805,79
0,14,14184,0
0,14,14184,1
0,14,14184,2
0,14,14184,3
0,14,14184,4
0,14,14184,5
0,14,14184,6
0,14,14184,7
0,14,14184,8
0,14,14184,9
0,14,14184,10
0,14,14184,11
0,14,14184,12
0,14,14184,13
0,14,14184,14
0,14,14184,15
0,14,14184,16
0,14,14184,17
0,14,14184,18
0,14,14184,19
0,14,14184,20
0,14,14184,21
0,14,14184,22
0,14,14184,23
0,14,14184,24
0,14,14184,25
0,14,14184,26
0,14,14184,27
0,14,14184,28
0,14,14184,29
0,14,14184,30
0,14,14184,31
0,14,14184,32
0,14,14184,33
0,14,14184,34
0,14,14184,35
0,14,14184,36
0,14,14184,37
0,14,14184,38
0,14,14184,39
0,14,14184,40
0,14,14184,41
0,14,14184,42
0,14,14184,43
0,14,14184,44
0,14,14184,45
0,14,14184,46
0,14,14184,47
0,14,14184,48
0,14,14184,49
0,14,14184,50
0,14,14184,51
0,14,14184,52
0,14,14184,53
0,14,14184,54
0,14,14184,55
0,14,14184,56
0,14,14184,57
0,14,14184,58
0,14,14184,59
0,14,14184,60
0,14,14184,61
0,14,14184,62
0,14,14184,63
0,14,14184,64
0,14,14184,65
0,14,14184,66
0,14,14184,67
0,14,14184,68
0,14,14184,69
0,14,14184,70
0,14,14184,71
0,14,14184,72
0,14,14184,73
0,14,14184,74
0,14,14184,75
0,14,14184,76
0,14,14184,77
0,14,14184,78
0,14,14184,79
0,39,16788,0
0,39,16788,1
0,39,16788,2
0,39,16788,3
0,39,16788,4
0,39,16788,5
0,39,16788,6
0,39,16788,7
0,39,16788,8
0,39,16788,9
0,39,16788,10
0,39,16788,11
0,39,16788,12
0,39,16788,13
0,39,16788,14
0,39,16788,15
0,39,16788,16
0,39,16788,17
0,39,16788,18
0,39,16788,19
0,39,16788,20
0,39,16788,21
0,39,16788,22
0,39,16788,23
0,39,16788,24
0,39,16788,25
0,39,16788,26
0,39,16788,27
0,39,16788,28
0,39,16788,29
0,39,16788,30
0,39,16788,31
0,39,16788,32
0,39,16788,33
0,39,16788,34
0,39,16788,35
0,39,16788,36
0,39,16788,37
0,39,16788,38
0,39,16788,39
0,39,16788,40
0,39,16788,41
0,39,16788,42
0,39,16788,43
0,39,16788,44
0,39,16788,45
0,39,16788,46
0,39,16788,47
0,39,16788,48
0,39,16788,49
0,39,16788,50
0,39,16788,51
0,39,16788,52
0,39,16788,53
0,39,16788,54
0,39,16788,55
0,39,16788,56
0,39,16788,57
0,39,16788,58
0,39,16788,59
0,39,16788,60
0,39,16788,61
0,39,16788,62
0,39,16788,63
0,39,16788,64
0,39,16788,65
0,39,16788,66
0,39,16788,67
0,39,16788,68
0,39,16788,69
0,39,16788,70
0,39,16788,71
0,39,16788,72
0,39,16788,73
0,39,16788,74
0,39,16788,75
0,39,16788,76
0,39,16788,77
0,39,16788,78
0,39,16788,79
0,20,98256,0
0,20,98256,1
0,20,98256,2
0,20,98256,3
0,20,98256,4
0,20,98256,5
0,20,98256,6
0,20,98256,7
0,20,98256,8
0,20,98256,9
0,20,98256,10
0,20,98256,11
0,20,98256,12
0,20,98256,13
0,20,98256,14
0,20,98256,15
0,20,98256,16
0,20,98256,17
0,20,98256,18
0,20,98256,19
0,20,98256,20
0,20,98256,21
0,20,98256,22
0,20,98256,23
0,20,98256,24
0,20,98256,25
0,20,98256,26
0,20,98256,27
0,20,98256,28
0,20,98256,29
0,20,98256,30
0,20,98256,31
0,20,98256,32
0,20,98256,33
0,20,98256,34
0,20,98256,35
0,20,98256,36
0,20,98256,37
0,20,98256,38
0,20,98256,39
0,20,98256,40
0,20,98256,41
0,20,98256,42
0,20,98256,43
0,20,98256,44
0,20,98256,45
0,20,98256,46
0,20,98256,47
0,20,98256,48
0,20,98256,49
0,20,98256,50
0,20,98256,51
0,20,98256,52
0,20,98256,53
0,20,98256,54
0,20,98256,55
0,20,98256,56
0,20,98256,57
0,20,98256,58
0,20,98256,59
0,20,98256,60
0,20,98256,61
0,20,98256,62
0,20,98256,63
0,20,98256,64
0,20,98256,65
0,20,98256,66
0,20,98256,67
0,20,98256,68
0,20,98256,69
0,20,98256,70
0,20,98256,71
0,20,98256,72
0,20,98256,73
0,20,98256,74
0,20,98256,75
0,20,98256,76
0,20,98256,77
0,20,98256,78
0,20,98256,79
0,27,19971,0
0,27,19971,1
0,27,19971,2
0,27,19971,3
0,27,19971,4
0,27,19971,5
0,27,19971,6
0,27,19971,7
0,27,19971,8
0,27,19971,9
0,27,19971,10
0,27,19971,11
0,27,19971,12
0,27,19971,13
0,27,19971,14
0,27,19971,15
0,27,19971,16
0,27,19971,17
0,27,19971,18
0,27,19971,19
0,27,19971,20
0,27,19971,21
0,27,19971,22
0,27,19971,23
0,27,19971,24
0,27,19971,25
0,27,19971,26
0,27,19971,27
0,27,19971,28
0,27,19971,29
0,27,19971,30
0,27,19971,31
0,27,19971,32
0,27,19971,33
0,27,19971,34
0,27,19971,35
0,27,19971,36
0,27,19971,37
0,27,19971,38
0,27,19971,39
0,27,19971,40
0,27,19971,41
0,27,19971,42
0,27,19971,43
0,27,19971,44
0,27,19971,45
0,27,19971,46
0,27,19971,47
0,27,19971,48
0,27,19971,49
0,27,19971,50
0,27,19971,51
0,27,19971,52
0,27,19971,53
0,27,19971,54
0,27,19971,55
0,27,19971,56
0,27,19971,57
0,27,19971,58
0,27,19971,59
0,27,19971,60
0,27,19971,61
0,27,19971,62
0,27,19971,63
0,27,19971,64
0,27,19971,65
0,27,19971,66
0,27,19971,67
0,27,19971,68
0,27,19971,69
0,27,19971,70
0,27,19971,71
0,27,19971,72
0,27,19971,73
0,27,19971,74
0,27,19971,75
0,27,19971,76
0,27,19971,77
0,27,19971,78
0,27,19971,79
26,0,103599,0
26,0,103599,1
26,0,103599,2
26,0,103599,3
26,0,103599,4
26,0,103599,5
26,0,103599,6
26,0,103599,7
26,0,103599,8
26,0,103599,9
26,0,103599,10
26,0,103599,11
26,0,103599,12
26,0,103599,13
26,0,103599,14
26,0,103599,15
26,0,103599,16
26,0,103599,17
26,0,103599,18
26,0,103599,19
26,0,103599,20
26,0,103599,21
26,0,103599,22
26,0,103599,23
26,0,103599,24
26,0,103599,25
26,0,103599,26
26,0,103599,27
26,0,103599,28
26,0,103599,29
26,0,103599,30
26,0,103599,31
26,0,103599,32
26,0,103599,33
26,0,103599,34
26,0,103599,35
26,0,103599,36
26,0,103599,37
26,0,103599,38
26,0,103599,39
26,0,103599,40
26,0,103599,41
26,0,103599,42
26,0,103599,43
26,0,103599,44
26,0,103599,45
26,0,103599,46
26,0,103599,47
26,0,103599,48
26,0,103599,49
26,0,103599,50
26,0,103599,51
26,0,103599,52
26,0,103599,53
26,0,103599,54
26,0,103599,55
26,0,103599,56
26,0,103599,57
26,0,103599,58
26,0,103599,59
26,0,103599,60
26,0,103599,61
26,0,103599,62
26,0,103599,63
26,0,103599,64
26,0,103599,65
26,0,103599,66
26,0,103599,67
26,0,103599,68
26,0,103599,69
26,0,103599,70
26,0,103599,71
26,0,103599,72
26,0,103599,73
26,0,103599,74
26,0,103599,75
26,0,103599,76
26,0,103599,77
26,0,103599,78
26,0,103599,79
26,1,119064,0
26,1,119064,1
26,1,119064,2
26,1,119064,3
26,1,119064,4
26,1,119064,5
26,1,119064,6
26,1,119064,7
26,1,119064,8
26,1,119064,9
26,1,119064,10
26,1,119064,11
26,1,119064,12
26,1,119064,13
26,1,119064,14
26,1,119064,15
26,1,119064,16
26,1,119064,17
26,1,119064,18
26,1,119064,19
26,1,119064,20
26,1,119064,21
26,1,119064,22
26,1,119064,23
26,1,119064,24
26,1,119064,25
26,1,119064,26
26,1,119064,27
26,1,119064,28
26,1,119064,29
26,1,119064,30
26,1,119064,31
26,1,119064,32
26,1,119064,33
26,1,119064,34
26,1,119064,35
26,1,119064,36
26,1,119064,37
26,1,119064,38
26,1,119064,39
26,1,119064,40
26,1,119064,41
26,1,119064,42
26,1,119064,43
26,1,119064,44
26,1,119064,45
26,1,119064,46
26,1,119064,47
26,1,119064,48
26,1,119064,49
26,1,119064,50
26,1,119064,51
26,1,119064,52
26,1,119064,53
26,1,119064,54
26,1,119064,55
26,1,119064,56
26,1,119064,57
26,1,119064,58
26,1,119064,59
26,1,119064,60
26,1,119064,61
26,1,119064,62
26,1,119064,63
26,1,119064,64
26,1,119064,65
26,1,119064,66
26,1,119064,67
26,1,119064,68
26,1,119064,69
26,1,119064,70
26,1,119064,71
26,1,119064,72
26,1,119064,73
26,1,119064,74
26,1,119064,75
26,1,119064,76
26,1,119064,77
26,1,119064,78
26,1,119064,79
26,19,200856,0
26,19,200856,1
26,19,200856,2
26,19,200856,3
26,19,200856,4
26,19,200856,5
26,19,200856,6
26,19,200856,7
26,19,200856,8
26,19,200856,9
26,19,200856,10
26,19,200856,11
26,19,200856,12
26,19,200856,13
26,19,200856,14
26,19,200856,15
26,19,200856,16
26,19,200856,17
26,19,200856,18
26,19,200856,19
26,19,200856,20
26,19,200856,21
26,19,200856,22
26,19,200856,23
26,19,200856,24
26,19,200856,25
26,19,200856,26
26,19,200856,27
26,19,200856,28
26,19,200856,29
26,19,200856,30
26,19,200856,31
26,19,200856,32
26,19,200856,33
26,19,200856,34
26,19,200856,35
26,19,200856,36
26,19,200856,37
26,19,200856,38
26,19,200856,39
26,19,200856,40
26,19,200856,41
26,19,200856,42
26,19,200856,43
26,19,200856,44
26,19,200856,45
26,19,200856,46
26,19,200856,47
26,19,200856,48
26,19,200856,49
26,19,200856,50
26,19,200856,51
26,19,200856,52
26,19,200856,53
26,19,200856,54
26,19,200856,55
26,19,200856,56
26,19,200856,57
26,19,200856,58
26,19,200856,59
26,19,200856,60
26,19,200856,61
26,19,200856,62
26,19,200856,63
26,19,200856,64
26,19,200856,65
26,19,200856,66
26,19,200856,67
26,19,200856,68
26,19,200856,69
26,19,200856,70
26,19,200856,71
26,19,200856,72
26,19,200856,73
26,19,200856,74
26,19,200856,75
26,19,200856,76
26,19,200856,77
26,19,200856,78
26,19,200856,79
26,17,252003,0
26,17,252003,1
26,17,252003,2
26,17,252003,3
26,17,252003,4
26,17,252003,5
26,17,252003,6
26,17,252003,7
26,17,252003,8
26,17,252003,9
26,17,252003,10
26,17,252003,11
26,17,252003,12
26,17,252003,13
26,17,252003,14
26,17,252003,15
26,17,252003,16
26,17,252003,17
26,17,252003,18
26,17,252003,19
26,17,252003,20
26,17,252003,21
26,17,252003,22
26,17,252003,23
26,17,252003,24
26,17,252003,25
26,17,252003,26
26,17,252003,27
26,17,252003,28
26,17,252003,29
26,17,252003,30
26,17,252003,31
26,17,252003,32
26,17,252003,33
26,17,252003,34
26,17,252003,35
26,17,252003,36
26,17,252003,37
26,17,252003,38
26,17,252003,39
26,17,252003,40
26,17,252003,41
26,17,252003,42
26,17,252003,43
26,17,252003,44
26,17,252003,45
26,17,252003,46
26,17,252003,47
26,17,252003,48
26,17,252003,49
26,17,252003,50
26,17,252003,51
26,17,252003,52
26,17,252003,53
26,17,252003,54
26,17,252003,55
26,17,252003,56
26,17,252003,57
26,17,252003,58
26,17,252003,59
26,17,252003,60
26,17,252003,61
26,17,252003,62
26,17,252003,63
26,17,252003,64
26,17,252003,65
26,17,252003,66
26,17,252003,67
26,17,252003,68
26,17,252003,69
26,17,252003,70
26,17,252003,71
26,17,252003,72
26,17,252003,73
26,17,252003,74
26,17,252003,75
26,17,252003,76
26,17,252003,77
26,17,252003,78
26,17,252003,79
26,5,123687,0
26,5,123687,1
26,5,123687,2
26,5,123687,3
26,5,123687,4
26,5,123687,5
26,5,123687,6
26,5,123687,7
26,5,123687,8
26,5,123687,9
26,5,123687,10
26,5,123687,11
26,5,123687,12
26,5,123687,13
26,5,123687,14
26,5,123687,15
26,5,123687,16
26,5,123687,17
26,5,123687,18
26,5,123687,19
26,5,123687,20
26,5,123687,21
26,5,123687,22
26,5,123687,23
26,5,123687,24
26,5,123687,25
26,5,123687,26
26,5,123687,27
26,5,123687,28
26,5,123687,29
26,5,123687,30
26,5,123687,31
26,5,123687,32
26,5,123687,33
26,5,123687,34
26,5,123687,35
26,5,123687,36
26,5,123687,37
26,5,123687,38
26,5,123687,39
26,5,123687,40
26,5,123687,41
26,5,123687,42
26,5,123687,43
26,5,123687,44
26,5,123687,45
26,5,123687,46
26,5,123687,47
26,5,123687,48
26,5,123687,49
26,5,123687,50
26,5,123687,51
26,5,123687,52
26,5,123687,53
26,5,123687,54
26,5,123687,55
26,5,123687,56
26,5,123687,57
26,5,123687,58
26,5,123687,59
26,5,123687,60
26,5,123687,61
26,5,123687,62
26,5,123687,63
26,5,123687,64
26,5,123687,65
26,5,123687,66
26,5,123687,67
26,5,123687,68
26,5,123687,69
26,5,123687,70
26,5,123687,71
26,5,123687,72
26,5,123687,73
26,5,123687,74
26,5,123687,75
26,5,123687,76
26,5,123687,77
26,5,123687,78
26,5,123687,79
26,9,122514,0
26,9,122514,1
26,9,122514,2
26,9,122514,3
26,9,122514,4
26,9,122514,5
26,9,122514,6
26,9,122514,7
26,9,122514,8
26,9,122514,9
26,9,122514,10
26,9,122514,11
26,9,122514,12
26,9,122514,13
26,9,122514,14
26,9,122514,15
26,9,122514,16
26,9,122514,17
26,9,122514,18
26,9,122514,19
26,9,122514,20
26,9,122514,21
26,9,122514,22
26,9,122514,23
26,9,122514,24
26,9,122514,25
26,9,122514,26
26,9,122514,27
26,9,122514,28
26,9,122514,29
26,9,122514,30
26,9,122514,31
26,9,122514,32
26,9,122514,33
26,9,122514,34
26,9,122514,35
26,9,122514,36
26,9,122514,37
26,9,122514,38
26,9,122514,39
26,9,122514,40
26,9,122514,41
26,9,122514,42
26,9,122514,43
26,9,122514,44
26,9,122514,45
26,9,122514,46
26,9,122514,47
26,9,122514,48
26,9,122514,49
26,9,122514,50
26,9,122514,51
26,9,122514,52
26,9,122514,53
26,9,122514,54
26,9,122514,55
26,9,122514,56
26,9,122514,57
26,9,122514,58
26,9,122514,59
26,9,122514,60
26,9,122514,61
26,9,122514,62
26,9,122514,63
26,9,122514,64
26,9,122514,65
26,9,122514,66
26,9,122514,67
26,9,122514,68
26,9,122514,69
26,9,122514,70
26,9,122514,71
26,9,122514,72
26,9,122514,73
26,9,122514,74
26,9,122514,75
26,9,122514,76
26,9,122514,77
26,9,122514,78
26,9,122514,79
26,21,63780,0
26,21,63780,1
26,21,63780,2
26,21,63780,3
26,21,63780,4
26,21,63780,5
26,21,63780,6
26,21,63780,7
26,21,63780,8
26,21,63780,9
26,21,63780,10
26,21,63780,11
26,21,63780,12
26,21,63780,13
26,21,63780,14
26,21,63780,15
26,21,63780,16
26,21,63780,17
26,21,63780,18
26,21,63780,19
26,21,63780,20
26,21,63780,21
26,21,63780,22
26,21,63780,23
26,21,63780,24
26,21,63780,25
26,21,63780,26
26,21,63780,27
26,21,63780,28
26,21,63780,29
26,21,63780,30
26,21,63780,31
26,21,63780,32
26,21,63780,33
26,21,63780,34
26,21,63780,35
26,21,63780,36
26,21,63780,37
26,21,63780,38
26,21,63780,39
26,21,63780,40
26,21,63780,41
26,21,63780,42
26,21,63780,43
26,21,63780,44
26,21,63780,45
26,21,63780,46
26,21,63780,47
26,21,63780,48
26,21,63780,49
26,21,63780,50
26,21,63780,51
26,21,63780,52
26,21,63780,53
26,21,63780,54
26,21,63780,55
26,21,63780,56
26,21,63780,57
26,21,63780,58
26,21,63780,59
26,21,63780,60
26,21,63780,61
26,21,63780,62
26,21,63780,63
26,21,63780,64
26,21,63780,65
26,21,63780,66
26,21,63780,67
26,21,63780,68
26,21,63780,69
26,21,63780,70
26,21,63780,71
26,21,63780,72
26,21,63780,73
26,21,63780,74
26,21,63780,75
26,21,63780,76
26,21,63780,77
26,21,63780,78
26,21,63780,79
26,14,32259,0
26,14,32259,1
26,14,32259,2
26,14,32259,3
26,14,32259,4
26,14,32259,5
26,14,32259,6
26,14,32259,7
26,14,32259,8
26,14,32259,9
26,14,32259,10
26,14,32259,11
26,14,32259,12
26,14,32259,13
26,14,32259,14
26,14,32259,15
26,14,32259,16
26,14,32259,17
26,14,32259,18
26,14,32259,19
26,14,32259,20
26,14,32259,21
26,14,32259,22
26,14,32259,23
26,14,32259,24
26,14,32259,25
26,14,32259,26
26,14,32259,27
26,14,32259,28
26,14,32259,29
26,14,32259,30
26,14,32259,31
26,14,32259,32
26,14,32259,33
26,14,32259,34
26,14,32259,35
26,14,32259,36
26,14,32259,37
26,14,32259,38
26,14,32259,39
26,14,32259,40
26,14,32259,41
26,14,32259,42
26,14,32259,43
26,14,32259,44
26,14,32259,45
26,14,32259,46
26,14,32259,47
26,14,32259,48
26,14,32259,49
26,14,32259,50
26,14,32259,51
26,14,32259,52
26,14,32259,53
26,14,32259,54
26,14,32259,55
26,14,32259,56
26,14,32259,57
26,14,32259,58
26,14,32259,59
26,14,32259,60
26,14,32259,61
26,14,32259,62
26,14,32259,63
26,14,32259,64
26,14,32259,65
26,14,32259,66
26,14,32259,67
26,14,32259,68
26,14,32259,69
26,14,32259,70
26,14,32259,71
26,14,32259,72
26,14,32259,73
26,14,32259,74
26,14,32259,75
26,14,32259,76
26,14,32259,77
26,14,32259,78
26,14,32259,79
26,39,43569,0
26,39,43569,1
26,39,43569,2
26,39,43569,3
26,39,43569,4
26,39,43569,5
26,39,43569,6
26,39,43569,7
26,39,43569,8
26,39,43569,9
26,39,43569,10
26,39,43569,11
26,39,43569,12
26,39,43569,13
26,39,43569,14
26,39,43569,15
26,39,43569,16
26,39,43569,17
26,39,43569,18
26,39,43569,19
26,39,43569,20
26,39,43569,21
26,39,43569,22
26,39,43569,23
26,39,43569,24
26,39,43569,25
26,39,43569,26
26,39,43569,27
26,39,43569,28
26,39,43569,29
26,39,43569,30
26,39,43569,31
26,39,43569,32
26,39,43569,33
26,39,43569,34
26,39,43569,35
26,39,43569,36
26,39,43569,37
26,39,43569,38
26,39,43569,39
26,39,43569,40
26,39,43569,41
26,39,43569,42
26,39,43569,43
26,39,43569,44
26,39,43569,45
26,39,43569,46
26,39,43569,47
26,39,43569,48
26,39,43569,49
26,39,43569,50
26,39,43569,51
26,39,43569,52
26,39,43569,53
26,39,43569,54
26,39,43569,55
26,39,43569,56
26,39,43569,57
26,39,43569,58
26,39,43569,59
26,39,43569,60
26,39,43569,61
26,39,43569,62
26,39,43569,63
26,39,43569,64
26,39,43569,65
26,39,43569,66
26,39,43569,67
26,39,43569,68
26,39,43569,69
26,39,43569,70
26,39,43569,71
26,39,43569,72
26,39,43569,73
26,39,43569,74
26,39,43569,75
26,39,43569,76
26,39,43569,77
26,39,43569,78
26,39,43569,79
26,20,115359,0
26,20,115359,1
26,20,115359,2
26,20,115359,3
26,20,115359,4
26,20,115359,5
26,20,115359,6
26,20,115359,7
26,20,115359,8
26,20,115359,9
26,20,115359,10
26,20,115359,11
26,20,115359,12
26,20,115359,13
26,20,115359,14
26,20,115359,15
26,20,115359,16
26,20,115359,17
26,20,115359,18
26,20,115359,19
26,20,115359,20
26,20,115359,21
26,20,115359,22
26,20,115359,23
26,20,115359,24
26,20,115359,25
26,20,115359,26
26,20,115359,27
26,20,115359,28
26,20,115359,29
26,20,115359,30
26,20,115359,31
26,20,115359,32
26,20,115359,33
26,20,115359,34
26,20,115359,35
26,20,115359,36
26,20,115359,37
26,20,115359,38
26,20,115359,39
26,20,115359,40
26,20,115359,41
26,20,115359,42
26,20,115359,43
26,20,115359,44
26,20,115359,45
26,20,115359,46
26,20,115359,47
26,20,115359,48
26,20,115359,49
26,20,115359,50
26,20,115359,51
26,20,115359,52
26,20,115359,53
26,20,115359,54
26,20,115359,55
26,20,115359,56
26,20,115359,57
26,20,115359,58
26,20,115359,59
26,20,115359,60
26,20,115359,61
26,20,115359,62
26,20,115359,63
26,20,115359,64
26,20,115359,65
26,20,115359,66
26,20,115359,67
26,20,115359,68
26,20,115359,69
26,20,115359,70
26,20,115359,71
26,20,115359,72
26,20,115359,73
26,20,115359,74
26,20,115359,75
26,20,115359,76
26,20,115359,77
26,20,115359,78
26,20,115359,79
26,27,36357,0
26,27,36357,1
26,27,36357,2
26,27,36357,3
26,27,36357,4
26,27,36357,5
26,27,36357,6
26,27,36357,7
26,27,36357,8
26,27,36357,9
26,27,36357,10
26,27,36357,11
26,27,36357,12
26,27,36357,13
26,27,36357,14
26,27,36357,15
26,27,36357,16
26,27,36357,17
26,27,36357,18
26,27,36357,19
26,27,36357,20
26,27,36357,21
26,27,36357,22
26,27,36357,23
26,27,36357,24
26,27,36357,25
26,27,36357,26
26,27,36357,27
26,27,36357,28
26,27,36357,29
26,27,36357,30
26,27,36357,31
26,27,36357,32
26,27,36357,33
26,27,36357,34
26,27,36357,35
26,27,36357,36
26,27,36357,37
26,27,36357,38
26,27,36357,39
26,27,36357,40
26,27,36357,41
26,27,36357,42
26,27,36357,43
26,27,36357,44
26,27,36357,45
26,27,36357,46
26,27,36357,47
26,27,36357,48
26,27,36357,49
26,27,36357,50
26,27,36357,51
26,27,36357,52
26,27,36357,53
26,27,36357,54
26,27,36357,55
26,27,36357,56
26,27,36357,57
26,27,36357,58
26,27,36357,59
26,27,36357,60
26,27,36357,61
26,27,36357,62
26,27,36357,63
26,27,36357,64
26,27,36357,65
26,27,36357,66
26,27,36357,67
26,27,36357,68
26,27,36357,69
26,27,36357,70
26,27,36357,71
26,27,36357,72
26,27,36357,73
26,27,36357,74
26,27,36357,75
26,27,36357,76
26,27,36357,77
26,27,36357,78
26,27,36357,79
1,0,177570,0
1,0,177570,1
1,0,177570,2
1,0,177570,3
1,0,177570,4
1,0,177570,5
1,0,177570,6
1,0,177570,7
1,0,177570,8
1,0,177570,9
1,0,177570,10
1,0,177570,11
1,0,177570,12
1,0,177570,13
1,0,177570,14
1,0,177570,15
1,0,177570,16
1,0,177570,17
1,0,177570,18
1,0,177570,19
1,0,177570,20
1,0,177570,21
1,0,177570,22
1,0,177570,23
1,0,177570,24
1,0,177570,25
1,0,177570,26
1,0,177570,27
1,0,177570,28
1,0,177570,29
1,0,177570,30
1,0,177570,31
1,0,177570,32
1,0,177570,33
1,0,177570,34
1,0,177570,35
1,0,177570,36
1,0,177570,37
1,0,177570,38
1,0,177570,39
1,0,177570,40
1,0,177570,41
1,0,177570,42
1,0,177570,43
1,0,177570,44
1,0,177570,45
1,0,177570,46
1,0,177570,47
1,0,177570,48
1,0,177570,49
1,0,177570,50
1,0,177570,51
1,0,177570,52
1,0,177570,53
1,0,177570,54
1,0,177570,55
1,0,177570,56
1,0,177570,57
1,0,177570,58
1,0,177570,59
1,0,177570,60
1,0,177570,61
1,0,177570,62
1,0,177570,63
1,0,177570,64
1,0,177570,65
1,0,177570,66
1,0,177570,67
1,0,177570,68
1,0,177570,69
1,0,177570,70
1,0,177570,71
1,0,177570,72
1,0,177570,73
1,0,177570,74
1,0,177570,75
1,0,177570,76
1,0,177570,77
1,0,177570,78
1,0,177570,79
1,26,213108,0
1,26,213108,1
1,26,213108,2
1,26,213108,3
1,26,213108,4
1,26,213108,5
1,26,213108,6
1,26,213108,7
1,26,213108,8
1,26,213108,9
1,26,213108,10
1,26,213108,11
1,26,213108,12
1,26,213108,13
1,26,213108,14
1,26,213108,15
1,26,213108,16
1,26,213108,17
1,26,213108,18
1,26,213108,19
1,26,213108,20
1,26,213108,21
1,26,213108,22
1,26,213108,23
1,26,213108,24
1,26,213108,25
1,26,213108,26
1,26,213108,27
1,26,213108,28
1,26,213108,29
1,26,213108,30
1,26,213108,31
1,26,213108,32
1,26,213108,33
1,26,213108,34
1,26,213108,35
1,26,213108,36
1,26,213108,37
1,26,213108,38
1,26,213108,39
1,26,213108,40
1,26,213108,41
1,26,213108,42
1,26,213108,43
1,26,213108,44
1,26,213108,45
1,26,213108,46
1,26,213108,47
1,26,213108,48
1,26,213108,49
1,26,213108,50
1,26,213108,51
1,26,213108,52
1,26,213108,53
1,26,213108,54
1,26,213108,55
1,26,213108,56
1,26,213108,57
1,26,213108,58
1,26,213108,59
1,26,213108,60
1,26,213108,61
1,26,213108,62
1,26,213108,63
1,26,213108,64
1,26,213108,65
1,26,213108,66
1,26,213108,67
1,26,213108,68
1,26,213108,69
1,26,213108,70
1,26,213108,71
1,26,213108,72
1,26,213108,73
1,26,213108,74
1,26,213108,75
1,26,213108,76
1,26,213108,77
1,26,213108,78
1,26,213108,79
1,19,304482,0
1,19,304482,1
1,19,304482,2
1,19,304482,3
1,19,304482,4
1,19,304482,5
1,19,304482,6
1,19,304482,7
1,19,304482,8
1,19,304482,9
1,19,304482,10
1,19,304482,11
1,19,304482,12
1,19,304482,13
1,19,304482,14
1,19,304482,15
1,19,304482,16
1,19,304482,17
1,19,304482,18
1,19,304482,19
1,19,304482,20
1,19,304482,21
1,19,304482,22
1,19,304482,23
1,19,304482,24
1,19,304482,25
1,19,304482,26
1,19,304482,27
1,19,304482,28
1,19,304482,29
1,19,304482,30
1,19,304482,31
1,19,304482,32
1,19,304482,33
1,19,304482,34
1,19,304482,35
1,19,304482,36
1,19,304482,37
1,19,304482,38
1,19,304482,39
1,19,304482,40
1,19,304482,41
1,19,304482,42
1,19,304482,43
1,19,304482,44
1,19,304482,45
1,19,304482,46
1,19,304482,47
1,19,304482,48
1,19,304482,49
1,19,304482,50
1,19,304482,51
1,19,304482,52
1,19,304482,53
1,19,304482,54
1,19,304482,55
1,19,304482,56
1,19,304482,57
1,19,304482,58
1,19,304482,59
1,19,304482,60
1,19,304482,61
1,19,304482,62
1,19,304482,63
1,19,304482,64
1,19,304482,65
1,19,304482,66
1,19,304482,67
1,19,304482,68
1,19,304482,69
1,19,304482,70
1,19,304482,71
1,19,304482,72
1,19,304482,73
1,19,304482,74
1,19,304482,75
1,19,304482,76
1,19,304482,77
1,19,304482,78
1,19,304482,79
1,17,196638,0
1,17,196638,1
1,17,196638,2
1,17,196638,3
1,17,196638,4
1,17,196638,5
1,17,196638,6
1,17,196638,7
1,17,196638,8
1,17,196638,9
1,17,196638,10
1,17,196638,11
1,17,196638,12
1,17,196638,13
1,17,196638,14
1,17,196638,15
1,17,196638,16
1,17,196638,17
1,17,196638,18
1,17,196638,19
1,17,196638,20
1,17,196638,21
1,17,196638,22
1,17,196638,23
1,17,196638,24
1,17,196638,25
1,17,196638,26
1,17,196638,27
1,17,196638,28
1,17,196638,29
1,17,196638,30
1,17,196638,31
1,17,196638,32
1,17,196638,33
1,17,196638,34
1,17,196638,35
1,17,196638,36
1,17,196638,37
1,17,196638,38
1,17,196638,39
1,17,196638,40
1,17,196638,41
1,17,196638,42
1,17,196638,43
1,17,196638,44
1,17,196638,45
1,17,196638,46
1,17,196638,47
1,17,196638,48
1,17,196638,49
1,17,196638,50
1,17,196638,51
1,17,196638,52
1,17,196638,53
1,17,196638,54
1,17,196638,55
1,17,196638,56
1,17,196638,57
1,17,196638,58
1,17,196638,59
1,17,196638,60
1,17,196638,61
1,17,196638,62
1,17,196638,63
1,17,196638,64
1,17,196638,65
1,17,196638,66
1,17,196638,67
1,17,196638,68
1,17,196638,69
1,17,196638,70
1,17,196638,71
1,17,196638,72
1,17,196638,73
1,17,196638,74
1,17,196638,75
1,17,196638,76
1,17,196638,77
1,17,196638,78
1,17,196638,79
1,3,7575,0
1,3,7575,1
1,3,7575,2
1,3,7575,3
1,3,7575,4
1,3,7575,5
1,3,7575,6
1,3,7575,7
1,3,7575,8
1,3,7575,9
1,3,7575,10
1,3,7575,11
1,3,7575,12
1,3,7575,13
1,3,7575,14
1,3,7575,15
1,3,7575,16
1,3,7575,17
1,3,7575,18
1,3,7575,19
1,3,7575,20
1,3,7575,21
1,3,7575,22
1,3,7575,23
1,3,7575,24
1,3,7575,25
1,3,7575,26
1,3,7575,27
1,3,7575,28
1,3,7575,29
1,3,7575,30
1,3,7575,31
1,3,7575,32
1,3,7575,33
1,3,7575,34
1,3,7575,35
1,3,7575,36
1,3,7575,37
1,3,7575,38
1,3,7575,39
1,3,7575,40
1,3,7575,41
1,3,7575,42
1,3,7575,43
1,3,7575,44
1,3,7575,45
1,3,7575,46
1,3,7575,47
1,3,7575,48
1,3,7575,49
1,3,7575,50
1,3,7575,51
1,3,7575,52
1,3,7575,53
1,3,7575,54
1,3,7575,55
1,3,7575,56
1,3,7575,57
1,3,7575,58
1,3,7575,59
1,3,7575,60
1,3,7575,61
1,3,7575,62
1,3,7575,63
1,3,7575,64
1,3,7575,65
1,3,7575,66
1,3,7575,67
1,3,7575,68
1,3,7575,69
1,3,7575,70
1,3,7575,71
1,3,7575,72
1,3,7575,73
1,3,7575,74
1,3,7575,75
1,3,7575,76
1,3,7575,77
1,3,7575,78
1,3,7575,79
1,5,266376,0
1,5,266376,1
1,5,266376,2
1,5,266376,3
1,5,266376,4
1,5,266376,5
1,5,266376,6
1,5,266376,7
1,5,266376,8
1,5,266376,9
1,5,266376,10
1,5,266376,11
1,5,266376,12
1,5,266376,13
1,5,266376,14
1,5,266376,15
1,5,266376,16
1,5,266376,17
1,5,266376,18
1,5,266376,19
1,5,266376,20
1,5,266376,21
1,5,266376,22
1,5,266376,23
1,5,266376,24
1,5,266376,25
1,5,266376,26
1,5,266376,27
1,5,266376,28
1,5,266376,29
1,5,266376,30
1,5,266376,31
1,5,266376,32
1,5,266376,33
1,5,266376,34
1,5,266376,35
1,5,266376,36
1,5,266376,37
1,5,266376,38
1,5,266376,39
1,5,266376,40
1,5,266376,41
1,5,266376,42
1,5,266376,43
1,5,266376,44
1,5,266376,45
1,5,266376,46
1,5,266376,47
1,5,266376,48
1,5,266376,49
1,5,266376,50
1,5,266376,51
1,5,266376,52
1,5,266376,53
1,5,266376,54
1,5,266376,55
1,5,266376,56
1,5,266376,57
1,5,266376,58
1,5,266376,59
1,5,266376,60
1,5,266376,61
1,5,266376,62
1,5,266376,63
1,5,266376,64
1,5,266376,65
1,5,266376,66
1,5,266376,67
1,5,266376,68
1,5,266376,69
1,5,266376,70
1,5,266376,71
1,5,266376,72
1,5,266376,73
1,5,266376,74
1,5,266376,75
1,5,266376,76
1,5,266376,77
1,5,266376,78
1,5,266376,79
1,8,4602,0
1,8,4602,1
1,8,4602,2
1,8,4602,3
1,8,4602,4
1,8,4602,5
1,8,4602,6
1,8,4602,7
1,8,4602,8
1,8,4602,9
1,8,4602,10
1,8,4602,11
1,8,4602,12
1,8,4602,13
1,8,4602,14
1,8,4602,15
1,8,4602,16
1,8,4602,17
1,8,4602,18
1,8,4602,19
1,8,4602,20
1,8,4602,21
1,8,4602,22
1,8,4602,23
1,8,4602,24
1,8,4602,25
1,8,4602,26
1,8,4602,27
1,8,4602,28
1,8,4602,29
1,8,4602,30
1,8,4602,31
1,8,4602,32
1,8,4602,33
1,8,4602,34
1,8,4602,35
1,8,4602,36
1,8,4602,37
1,8,4602,38
1,8,4602,39
1,8,4602,40
1,8,4602,41
1,8,4602,42
1,8,4602,43
1,8,4602,44
1,8,4602,45
1,8,4602,46
1,8,4602,47
1,8,4602,48
1,8,4602,49
1,8,4602,50
1,8,4602,51
1,8,4602,52
1,8,4602,53
1,8,4602,54
1,8,4602,55
1,8,4602,56
1,8,4602,57
1,8,4602,58
1,8,4602,59
1,8,4602,60
1,8,4602,61
1,8,4602,62
1,8,4602,63
1,8,4602,64
1,8,4602,65
1,8,4602,66
1,8,4602,67
1,8,4602,68
1,8,4602,69
1,8,4602,70
1,8,4602,71
1,8,4602,72
1,8,4602,73
1,8,4602,74
1,8,4602,75
1,8,4602,76
1,8,4602,77
1,8,4602,78
1,8,4602,79
1,9,345003,0
1,9,345003,1
1,9,345003,2
1,9,345003,3
1,9,345003,4
1,9,345003,5
1,9,345003,6
1,9,345003,7
1,9,345003,8
1,9,345003,9
1,9,345003,10
1,9,345003,11
1,9,345003,12
1,9,345003,13
1,9,345003,14
1,9,345003,15
1,9,345003,16
1,9,345003,17
1,9,345003,18
1,9,345003,19
1,9,345003,20
1,9,345003,21
1,9,345003,22
1,9,345003,23
1,9,345003,24
1,9,345003,25
1,9,345003,26
1,9,345003,27
1,9,345003,28
1,9,345003,29
1,9,345003,30
1,9,345003,31
1,9,345003,32
1,9,345003,33
1,9,345003,34
1,9,345003,35
1,9,345003,36
1,9,345003,37
1,9,345003,38
1,9,345003,39
1,9,345003,40
1,9,345003,41
1,9,345003,42
1,9,345003,43
1,9,345003,44
1,9,345003,45
1,9,345003,46
1,9,345003,47
1,9,345003,48
1,9,345003,49
1,9,345003,50
1,9,345003,51
1,9,345003,52
1,9,345003,53
1,9,345003,54
1,9,345003,55
1,9,345003,56
1,9,345003,57
1,9,345003,58
1,9,345003,59
1,9,345003,60
1,9,345003,61
1,9,345003,62
1,9,345003,63
1,9,345003,64
1,9,345003,65
1,9,345003,66
1,9,345003,67
1,9,345003,68
1,9,345003,69
1,9,345003,70
1,9,345003,71
1,9,345003,72
1,9,345003,73
1,9,345003,74
1,9,345003,75
1,9,345003,76
1,9,345003,77
1,9,345003,78
1,9,345003,79
1,21,348870,0
1,21,348870,1
1,21,348870,2
1,21,348870,3
1,21,348870,4
1,21,348870,5
1,21,348870,6
1,21,348870,7
1,21,348870,8
1,21,348870,9
1,21,348870,10
1,21,348870,11
1,21,348870,12
1,21,348870,13
1,21,348870,14
1,21,348870,15
1,21,348870,16
1,21,348870,17
1,21,348870,18
1,21,348870,19
1,21,348870,20
1,21,348870,21
1,21,348870,22
1,21,348870,23
1,21,348870,24
1,21,348870,25
1,21,348870,26
1,21,348870,27
1,21,348870,28
1,21,348870,29
1,21,348870,30
1,21,348870,31
1,21,348870,32
1,21,348870,33
1,21,348870,34
1,21,348870,35
1,21,348870,36
1,21,348870,37
1,21,348870,38
1,21,348870,39
1,21,348870,40
1,21,348870,41
1,21,348870,42
1,21,348870,43
1,21,348870,44
1,21,348870,45
1,21,348870,46
1,21,348870,47
1,21,348870,48
1,21,348870,49
1,21,348870,50
1,21,348870,51
1,21,348870,52
1,21,348870,53
1,21,348870,54
1,21,348870,55
1,21,348870,56
1,21,348870,57
1,21,348870,58
1,21,348870,59
1,21,348870,60
1,21,348870,61
1,21,348870,62
1,21,348870,63
1,21,348870,64
1,21,348870,65
1,21,348870,66
1,21,348870,67
1,21,348870,68
1,21,348870,69
1,21,348870,70
1,21,348870,71
1,21,348870,72
1,21,348870,73
1,21,348870,74
1,21,348870,75
1,21,348870,76
1,21,348870,77
1,21,348870,78
1,21,348870,79
1,12,5628,0
1,12,5628,1
1,12,5628,2
1,12,5628,3
1,12,5628,4
1,12,5628,5
1,12,5628,6
1,12,5628,7
1,12,5628,8
1,12,5628,9
1,12,5628,10
1,12,5628,11
1,12,5628,12
1,12,5628,13
1,12,5628,14
1,12,5628,15
1,12,5628,16
1,12,5628,17
1,12,5628,18
1,12,5628,19
1,12,5628,20
1,12,5628,21
1,12,5628,22
1,12,5628,23
1,12,5628,24
1,12,5628,25
1,12,5628,26
1,12,5628,27
1,12,5628,28
1,12,5628,29
1,12,5628,30
1,12,5628,31
1,12,5628,32
1,12,5628,33
1,12,5628,34
1,12,5628,35
1,12,5628,36
1,12,5628,37
1,12,5628,38
1,12,5628,39
1,12,5628,40
1,12,5628,41
1,12,5628,42
1,12,5628,43
1,12,5628,44
1,12,5628,45
1,12,5628,46
1,12,5628,47
1,12,5628,48
1,12,5628,49
1,12,5628,50
1,12,5628,51
1,12,5628,52
1,12,5628,53
1,12,5628,54
1,12,5628,55
1,12,5628,56
1,12,5628,57
1,12,5628,58
1,12,5628,59
1,12,5628,60
1,12,5628,61
1,12,5628,62
1,12,5628,63
1,12,5628,64
1,12,5628,65
1,12,5628,66
1,12,5628,67
1,12,5628,68
1,12,5628,69
1,12,5628,70
1,12,5628,71
1,12,5628,72
1,12,5628,73
1,12,5628,74
1,12,5628,75
1,12,5628,76
1,12,5628,77
1,12,5628,78
1,12,5628,79
1,14,168138,0
1,14,168138,1
1,14,168138,2
1,14,168138,3
1,14,168138,4
1,14,168138,5
1,14,168138,6
1,14,168138,7
1,14,168138,8
1,14,168138,9
1,14,168138,10
1,14,168138,11
1,14,168138,12
1,14,168138,13
1,14,168138,14
1,14,168138,15
1,14,168138,16
1,14,168138,17
1,14,168138,18
1,14,168138,19
1,14,168138,20
1,14,168138,21
1,14,168138,22
1,14,168138,23
1,14,168138,24
1,14,168138,25
1,14,168138,26
1,14,168138,27
1,14,168138,28
1,14,168138,29
1,14,168138,30
1,14,168138,31
1,14,168138,32
1,14,168138,33
1,14,168138,34
1,14,168138,35
1,14,168138,36
1,14,168138,37
1,14,168138,38
1,14,168138,39
1,14,168138,40
1,14,168138,41
1,14,168138,42
1,14,168138,43
1,14,168138,44
1,14,168138,45
1,14,168138,46
1,14,168138,47
1,14,168138,48
1,14,168138,49
1,14,168138,50
1,14,168138,51
1,14,168138,52
1,14,168138,53
1,14,168138,54
1,14,168138,55
1,14,168138,56
1,14,168138,57
1,14,168138,58
1,14,168138,59
1,14,168138,60
1,14,168138,61
1,14,168138,62
1,14,168138,63
1,14,168138,64
1,14,168138,65
1,14,168138,66
1,14,168138,67
1,14,168138,68
1,14,168138,69
1,14,168138,70
1,14,168138,71
1,14,168138,72
1,14,168138,73
1,14,168138,74
1,14,168138,75
1,14,168138,76
1,14,168138,77
1,14,168138,78
1,14,168138,79
1,39,377067,0
1,39,377067,1
1,39,377067,2
1,39,377067,3
1,39,377067,4
1,39,377067,5
1,39,377067,6
1,39,377067,7
1,39,377067,8
1,39,377067,9
1,39,377067,10
1,39,377067,11
1,39,377067,12
1,39,377067,13
1,39,377067,14
1,39,377067,15
1,39,377067,16
1,39,377067,17
1,39,377067,18
1,39,377067,19
1,39,377067,20
1,39,377067,21
1,39,377067,22
1,39,377067,23
1,39,377067,24
1,39,377067,25
1,39,377067,26
1,39,377067,27
1,39,377067,28
1,39,377067,29
1,39,377067,30
1,39,377067,31
1,39,377067,32
1,39,377067,33
1,39,377067,34
1,39,377067,35
1,39,377067,36
1,39,377067,37
1,39,377067,38
1,39,377067,39
1,39,377067,40
1,39,377067,41
1,39,377067,42
1,39,377067,43
1,39,377067,44
1,39,377067,45
1,39,377067,46
1,39,377067,47
1,39,377067,48
1,39,377067,49
1,39,377067,50
1,39,377067,51
1,39,377067,52
1,39,377067,53
1,39,377067,54
1,39,377067,55
1,39,377067,56
1,39,377067,57
1,39,377067,58
1,39,377067,59
1,39,377067,60
1,39,377067,61
1,39,377067,62
1,39,377067,63
1,39,377067,64
1,39,377067,65
1,39,377067,66
1,39,377067,67
1,39,377067,68
1,39,377067,69
1,39,377067,70
1,39,377067,71
1,39,377067,72
1,39,377067,73
1,39,377067,74
1,39,377067,75
1,39,377067,76
1,39,377067,77
1,39,377067,78
1,39,377067,79
1,18,5808,0
1,18,5808,1
1,18,5808,2
1,18,5808,3
1,18,5808,4
1,18,5808,5
1,18,5808,6
1,18,5808,7
1,18,5808,8
1,18,5808,9
1,18,5808,10
1,18,5808,11
1,18,5808,12
1,18,5808,13
1,18,5808,14
1,18,5808,15
1,18,5808,16
1,18,5808,17
1,18,5808,18
1,18,5808,19
1,18,5808,20
1,18,5808,21
1,18,5808,22
1,18,5808,23
1,18,5808,24
1,18,5808,25
1,18,5808,26
1,18,5808,27
1,18,5808,28
1,18,5808,29
1,18,5808,30
1,18,5808,31
1,18,5808,32
1,18,5808,33
1,18,5808,34
1,18,5808,35
1,18,5808,36
1,18,5808,37
1,18,5808,38
1,18,5808,39
1,18,5808,40
1,18,5808,41
1,18,5808,42
1,18,5808,43
1,18,5808,44
1,18,5808,45
1,18,5808,46
1,18,5808,47
1,18,5808,48
1,18,5808,49
1,18,5808,50
1,18,5808,51
1,18,5808,52
1,18,5808,53
1,18,5808,54
1,18,5808,55
1,18,5808,56
1,18,5808,57
1,18,5808,58
1,18,5808,59
1,18,5808,60
1,18,5808,61
1,18,5808,62
1,18,5808,63
1,18,5808,64
1,18,5808,65
1,18,5808,66
1,18,5808,67
1,18,5808,68
1,18,5808,69
1,18,5808,70
1,18,5808,71
1,18,5808,72
1,18,5808,73
1,18,5808,74
1,18,5808,75
1,18,5808,76
1,18,5808,77
1,18,5808,78
1,18,5808,79
1,20,239799,0
1,20,239799,1
1,20,239799,2
1,20,239799,3
1,20,239799,4
1,20,239799,5
1,20,239799,6
1,20,239799,7
1,20,239799,8
1,20,239799,9
1,20,239799,10
1,20,239799,11
1,20,239799,12
1,20,239799,13
1,20,239799,14
1,20,239799,15
1,20,239799,16
1,20,239799,17
1,20,239799,18
1,20,239799,19
1,20,239799,20
1,20,239799,21
1,20,239799,22
1,20,239799,23
1,20,239799,24
1,20,239799,25
1,20,239799,26
1,20,239799,27
1,20,239799,28
1,20,239799,29
1,20,239799,30
1,20,239799,31
1,20,239799,32
1,20,239799,33
1,20,239799,34
1,20,239799,35
1,20,239799,36
1,20,239799,37
1,20,239799,38
1,20,239799,39
1,20,239799,40
1,20,239799,41
1,20,239799,42
1,20,239799,43
1,20,239799,44
1,20,239799,45
1,20,239799,46
1,20,239799,47
1,20,239799,48
1,20,239799,49
1,20,239799,50
1,20,239799,51
1,20,239799,52
1,20,239799,53
1,20,239799,54
1,20,239799,55
1,20,239799,56
1,20,239799,57
1,20,239799,58
1,20,239799,59
1,20,239799,60
1,20,239799,61
1,20,239799,62
1,20,239799,63
1,20,239799,64
1,20,239799,65
1,20,239799,66
1,20,239799,67
1,20,239799,68
1,20,239799,69
1,20,239799,70
1,20,239799,71
1,20,239799,72
1,20,239799,73
1,20,239799,74
1,20,239799,75
1,20,239799,76
1,20,239799,77
1,20,239799,78
1,20,239799,79
1,27,146157,0
1,27,146157,1
1,27,146157,2
1,27,146157,3
1,27,146157,4
1,27,146157,5
1,27,146157,6
1,27,146157,7
1,27,146157,8
1,27,146157,9
1,27,146157,10
1,27,146157,11
1,27,146157,12
1,27,146157,13
1,27,146157,14
1,27,146157,15
1,27,146157,16
1,27,146157,17
1,27,146157,18
1,27,146157,19
1,27,146157,20
1,27,146157,21
1,27,146157,22
1,27,146157,23
1,27,146157,24
1,27,146157,25
1,27,146157,26
1,27,146157,27
1,27,146157,28
1,27,146157,29
1,27,146157,30
1,27,146157,31
1,27,146157,32
1,27,146157,33
1,27,146157,34
1,27,146157,35
1,27,146157,36
1,27,146157,37
1,27,146157,38
1,27,146157,39
1,27,146157,40
1,27,146157,41
1,27,146157,42
1,27,146157,43
1,27,146157,44
1,27,146157,45
1,27,146157,46
1,27,146157,47
1,27,146157,48
1,27,146157,49
1,27,146157,50
1,27,146157,51
1,27,146157,52
1,27,146157,53
1,27,146157,54
1,27,146157,55
1,27,146157,56
1,27,146157,57
1,27,146157,58
1,27,146157,59
1,27,146157,60
1,27,146157,61
1,27,146157,62
1,27,146157,63
1,27,146157,64
1,27,146157,65
1,27,146157,66
1,27,146157,67
1,27,146157,68
1,27,146157,69
1,27,146157,70
1,27,146157,71
1,27,146157,72
1,27,146157,73
1,27,146157,74
1,27,146157,75
1,27,146157,76
1,27,146157,77
1,27,146157,78
1,27,146157,79
19,0,259044,0
19,0,259044,1
19,0,259044,2
19,0,259044,3
19,0,259044,4
19,0,259044,5
19,0,259044,6
19,0,259044,7
19,0,259044,8
19,0,259044,9
19,0,259044,10
19,0,259044,11
19,0,259044,12
19,0,259044,13
19,0,259044,14
19,0,259044,15
19,0,259044,16
19,0,259044,17
19,0,259044,18
19,0,259044,19
19,0,259044,20
19,0,259044,21
19,0,259044,22
19,0,259044,23
19,0,259044,24
19,0,259044,25
19,0,259044,26
19,0,259044,27
19,0,259044,28
19,0,259044,29
19,0,259044,30
19,0,259044,31
19,0,259044,32
19,0,259044,33
19,0,259044,34
19,0,259044,35
19,0,259044,36
19,0,259044,37
19,0,259044,38
19,0,259044,39
19,0,259044,40
19,0,259044,41
19,0,259044,42
19,0,259044,43
19,0,259044,44
19,0,259044,45
19,0,259044,46
19,0,259044,47
19,0,259044,48
19,0,259044,49
19,0,259044,50
19,0,259044,51
19,0,259044,52
19,0,259044,53
19,0,259044,54
19,0,259044,55
19,0,259044,56
19,0,259044,57
19,0,259044,58
19,0,259044,59
19,0,259044,60
19,0,259044,61
19,0,259044,62
19,0,259044,63
19,0,259044,64
19,0,259044,65
19,0,259044,66
19,0,259044,67
19,0,259044,68
19,0,259044,69
19,0,259044,70
19,0,259044,71
19,0,259044,72
19,0,259044,73
19,0,259044,74
19,0,259044,75
19,0,259044,76
19,0,259044,77
19,0,259044,78
19,0,259044,79
19,26,200856,0
19,26,200856,1
19,26,200856,2
19,26,200856,3
19,26,200856,4
19,26,200856,5
19,26,200856,6
19,26,200856,7
19,26,200856,8
19,26,200856,9
19,26,200856,10
19,26,200856,11
19,26,200856,12
19,26,200856,13
19,26,200856,14
19,26,200856,15
19,26,200856,16
19,26,200856,17
19,26,200856,18
19,26,200856,19
19,26,200856,20
19,26,200856,21
19,26,200856,22
19,26,200856,23
19,26,200856,24
19,26,200856,25
19,26,200856,26
19,26,200856,27
19,26,200856,28
19,26,200856,29
19,26,200856,30
19,26,200856,31
19,26,200856,32
19,26,200856,33
19,26,200856,34
19,26,200856,35
19,26,200856,36
19,26,200856,37
19,26,200856,38
19,26,200856,39
19,26,200856,40
19,26,200856,41
19,26,200856,42
19,26,200856,43
19,26,200856,44
19,26,200856,45
19,26,200856,46
19,26,200856,47
19,26,200856,48
19,26,200856,49
19,26,200856,50
19,26,200856,51
19,26,200856,52
19,26,200856,53
19,26,200856,54
19,26,200856,55
19,26,200856,56
19,26,200856,57
19,26,200856,58
19,26,200856,59
19,26,200856,60
19,26,200856,61
19,26,200856,62
19,26,200856,63
19,26,200856,64
19,26,200856,65
19,26,200856,66
19,26,200856,67
19,26,200856,68
19,26,200856,69
19,26,200856,70
19,26,200856,71
19,26,200856,72
19,26,200856,73
19,26,200856,74
19,26,200856,75
19,26,200856,76
19,26,200856,77
19,26,200856,78
19,26,200856,79
19,1,170115,0
19,1,170115,1
19,1,170115,2
19,1,170115,3
19,1,170115,4
19,1,170115,5
19,1,170115,6
19,1,170115,7
19,1,170115,8
19,1,170115,9
19,1,170115,10
19,1,170115,11
19,1,170115,12
19,1,170115,13
19,1,170115,14
19,1,170115,15
19,1,170115,16
19,1,170115,17
19,1,170115,18
19,1,170115,19
19,1,170115,20
19,1,170115,21
19,1,170115,22
19,1,170115,23
19,1,170115,24
19,1,170115,25
19,1,170115,26
19,1,170115,27
19,1,170115,28
19,1,170115,29
19,1,170115,30
19,1,170115,31
19,1,170115,32
19,1,170115,33
19,1,170115,34
19,1,170115,35
19,1,170115,36
19,1,170115,37
19,1,170115,38
19,1,170115,39
19,1,170115,40
19,1,170115,41
19,1,170115,42
19,1,170115,43
19,1,170115,44
19,1,170115,45
19,1,170115,46
19,1,170115,47
19,1,170115,48
19,1,170115,49
19,1,170115,50
19,1,170115,51
19,1,170115,52
19,1,170115,53
19,1,170115,54
19,1,170115,55
19,1,170115,56
19,1,170115,57
19,1,170115,58
19,1,170115,59
19,1,170115,60
19,1,170115,61
19,1,170115,62
19,1,170115,63
19,1,170115,64
19,1,170115,65
19,1,170115,66
19,1,170115,67
19,1,170115,68
19,1,170115,69
19,1,170115,70
19,1,170115,71
19,1,170115,72
19,1,170115,73
19,1,170115,74
19,1,170115,75
19,1,170115,76
19,1,170115,77
19,1,170115,78
19,1,170115,79
19,17,749637,0
19,17,749637,1
19,17,749637,2
19,17,749637,3
19,17,749637,4
19,17,749637,5
19,17,749637,6
19,17,749637,7
19,17,749637,8
19,17,749637,9
19,17,749637,10
19,17,749637,11
19,17,749637,12
19,17,749637,13
19,17,749637,14
19,17,749637,15
19,17,749637,16
19,17,749637,17
19,17,749637,18
19,17,749637,19
19,17,749637,20
19,17,749637,21
19,17,749637,22
19,17,749637,23
19,17,749637,24
19,17,749637,25
19,17,749637,26
19,17,749637,27
19,17,749637,28
19,17,749637,29
19,17,749637,30
19,17,749637,31
19,17,749637,32
19,17,749637,33
19,17,749637,34
19,17,749637,35
19,17,749637,36
19,17,749637,37
19,17,749637,38
19,17,749637,39
19,17,749637,40
19,17,749637,41
19,17,749637,42
19,17,749637,43
19,17,749637,44
19,17,749637,45
19,17,749637,46
19,17,749637,47
19,17,749637,48
19,17,749637,49
19,17,749637,50
19,17,749637,51
19,17,749637,52
19,17,749637,53
19,17,749637,54
19,17,749637,55
19,17,749637,56
19,17,749637,57
19,17,749637,58
19,17,749637,59
19,17,749637,60
19,17,749637,61
19,17,749637,62
19,17,749637,63
19,17,749637,64
19,17,749637,65
19,17,749637,66
19,17,749637,67
19,17,749637,68
19,17,749637,69
19,17,749637,70
19,17,749637,71
19,17,749637,72
19,17,749637,73
19,17,749637,74
19,17,749637,75
19,17,749637,76
19,17,749637,77
19,17,749637,78
19,17,749637,79
19,5,143901,0
19,5,143901,1
19,5,143901,2
19,5,143901,3
19,5,143901,4
19,5,143901,5
19,5,143901,6
19,5,143901,7
19,5,143901,8
19,5,143901,9
19,5,143901,10
19,5,143901,11
19,5,143901,12
19,5,143901,13
19,5,143901,14
19,5,143901,15
19,5,143901,16
19,5,143901,17
19,5,143901,18
19,5,143901,19
19,5,143901,20
19,5,143901,21
19,5,143901,22
19,5,143901,23
19,5,143901,24
19,5,143901,25
19,5,143901,26
19,5,143901,27
19,5,143901,28
19,5,143901,29
19,5,143901,30
19,5,143901,31
19,5,143901,32
19,5,143901,33
19,5,143901,34
19,5,143901,35
19,5,143901,36
19,5,143901,37
19,5,143901,38
19,5,143901,39
19,5,143901,40
19,5,143901,41
19,5,143901,42
19,5,143901,43
19,5,143901,44
19,5,143901,45
19,5,143901,46
19,5,143901,47
19,5,143901,48
19,5,143901,49
19,5,143901,50
19,5,143901,51
19,5,143901,52
19,5,143901,53
19,5,143901,54
19,5,143901,55
19,5,143901,56
19,5,143901,57
19,5,143901,58
19,5,143901,59
19,5,143901,60
19,5,143901,61
19,5,143901,62
19,5,143901,63
19,5,143901,64
19,5,143901,65
19,5,143901,66
19,5,143901,67
19,5,143901,68
19,5,143901,69
19,5,143901,70
19,5,143901,71
19,5,143901,72
19,5,143901,73
19,5,143901,74
19,5,143901,75
19,5,143901,76
19,5,143901,77
19,5,143901,78
19,5,143901,79
19,9,153741,0
19,9,153741,1
19,9,153741,2
19,9,153741,3
19,9,153741,4
19,9,153741,5
19,9,153741,6
19,9,153741,7
19,9,153741,8
19,9,153741,9
19,9,153741,10
19,9,153741,11
19,9,153741,12
19,9,153741,13
19,9,153741,14
19,9,153741,15
19,9,153741,16
19,9,153741,17
19,9,153741,18
19,9,153741,19
19,9,153741,20
19,9,153741,21
19,9,153741,22
19,9,153741,23
19,9,153741,24
19,9,153741,25
19,9,153741,26
19,9,153741,27
19,9,153741,28
19,9,153741,29
19,9,153741,30
19,9,153741,31
19,9,153741,32
19,9,153741,33
19,9,153741,34
19,9,153741,35
19,9,153741,36
19,9,153741,37
19,9,153741,38
19,9,153741,39
19,9,153741,40
19,9,153741,41
19,9,153741,42
19,9,153741,43
19,9,153741,44
19,9,153741,45
19,9,153741,46
19,9,153741,47
19,9,153741,48
19,9,153741,49
19,9,153741,50
19,9,153741,51
19,9,153741,52
19,9,153741,53
19,9,153741,54
19,9,153741,55
19,9,153741,56
19,9,153741,57
19,9,153741,58
19,9,153741,59
19,9,153741,60
19,9,153741,61
19,9,153741,62
19,9,153741,63
19,9,153741,64
19,9,153741,65
19,9,153741,66
19,9,153741,67
19,9,153741,68
19,9,153741,69
19,9,153741,70
19,9,153741,71
19,9,153741,72
19,9,153741,73
19,9,153741,74
19,9,153741,75
19,9,153741,76
19,9,153741,77
19,9,153741,78
19,9,153741,79
19,21,86829,0
19,21,86829,1
19,21,86829,2
19,21,86829,3
19,21,86829,4
19,21,86829,5
19,21,86829,6
19,21,86829,7
19,21,86829,8
19,21,86829,9
19,21,86829,10
19,21,86829,11
19,21,86829,12
19,21,86829,13
19,21,86829,14
19,21,86829,15
19,21,86829,16
19,21,86829,17
19,21,86829,18
19,21,86829,19
19,21,86829,20
19,21,86829,21
19,21,86829,22
19,21,86829,23
19,21,86829,24
19,21,86829,25
19,21,86829,26
19,21,86829,27
19,21,86829,28
19,21,86829,29
19,21,86829,30
19,21,86829,31
19,21,86829,32
19,21,86829,33
19,21,86829,34
19,21,86829,35
19,21,86829,36
19,21,86829,37
19,21,86829,38
19,21,86829,39
19,21,86829,40
19,21,86829,41
19,21,86829,42
19,21,86829,43
19,21,86829,44
19,21,86829,45
19,21,86829,46
19,21,86829,47
19,21,86829,48
19,21,86829,49
19,21,86829,50
19,21,86829,51
19,21,86829,52
19,21,86829,53
19,21,86829,54
19,21,86829,55
19,21,86829,56
19,21,86829,57
19,21,86829,58
19,21,86829,59
19,21,86829,60
19,21,86829,61
19,21,86829,62
19,21,86829,63
19,21,86829,64
19,21,86829,65
19,21,86829,66
19,21,86829,67
19,21,86829,68
19,21,86829,69
19,21,86829,70
19,21,86829,71
19,21,86829,72
19,21,86829,73
19,21,86829,74
19,21,86829,75
19,21,86829,76
19,21,86829,77
19,21,86829,78
19,21,86829,79
19,14,37695,0
19,14,37695,1
19,14,37695,2
19,14,37695,3
19,14,37695,4
19,14,37695,5
19,14,37695,6
19,14,37695,7
19,14,37695,8
19,14,37695,9
19,14,37695,10
19,14,37695,11
19,14,37695,12
19,14,37695,13
19,14,37695,14
19,14,37695,15
19,14,37695,16
19,14,37695,17
19,14,37695,18
19,14,37695,19
19,14,37695,20
19,14,37695,21
19,14,37695,22
19,14,37695,23
19,14,37695,24
19,14,37695,25
19,14,37695,26
19,14,37695,27
19,14,37695,28
19,14,37695,29
19,14,37695,30
19,14,37695,31
19,14,37695,32
19,14,37695,33
19,14,37695,34
19,14,37695,35
19,14,37695,36
19,14,37695,37
19,14,37695,38
19,14,37695,39
19,14,37695,40
19,14,37695,41
19,14,37695,42
19,14,37695,43
19,14,37695,44
19,14,37695,45
19,14,37695,46
19,14,37695,47
19,14,37695,48
19,14,37695,49
19,14,37695,50
19,14,37695,51
19,14,37695,52
19,14,37695,53
19,14,37695,54
19,14,37695,55
19,14,37695,56
19,14,37695,57
19,14,37695,58
19,14,37695,59
19,14,37695,60
19,14,37695,61
19,14,37695,62
19,14,37695,63
19,14,37695,64
19,14,37695,65
19,14,37695,66
19,14,37695,67
19,14,37695,68
19,14,37695,69
19,14,37695,70
19,14,37695,71
19,14,37695,72
19,14,37695,73
19,14,37695,74
19,14,37695,75
19,14,37695,76
19,14,37695,77
19,14,37695,78
19,14,37695,79
19,39,52572,0
19,39,52572,1
19,39,52572,2
19,39,52572,3
19,39,52572,4
19,39,52572,5
19,39,52572,6
19,39,52572,7
19,39,52572,8
19,39,52572,9
19,39,52572,10
19,39,52572,11
19,39,52572,12
19,39,52572,13
19,39,52572,14
19,39,52572,15
19,39,52572,16
19,39,52572,17
19,39,52572,18
19,39,52572,19
19,39,52572,20
19,39,52572,21
19,39,52572,22
19,39,52572,23
19,39,52572,24
19,39,52572,25
19,39,52572,26
19,39,52572,27
19,39,52572,28
19,39,52572,29
19,39,52572,30
19,39,52572,31
19,39,52572,32
19,39,52572,33
19,39,52572,34
19,39,52572,35
19,39,52572,36
19,39,52572,37
19,39,52572,38
19,39,52572,39
19,39,52572,40
19,39,52572,41
19,39,52572,42
19,39,52572,43
19,39,52572,44
19,39,52572,45
19,39,52572,46
19,39,52572,47
19,39,52572,48
19,39,52572,49
19,39,52572,50
19,39,52572,51
19,39,52572,52
19,39,52572,53
19,39,52572,54
19,39,52572,55
19,39,52572,56
19,39,52572,57
19,39,52572,58
19,39,52572,59
19,39,52572,60
19,39,52572,61
19,39,52572,62
19,39,52572,63
19,39,52572,64
19,39,52572,65
19,39,52572,66
19,39,52572,67
19,39,52572,68
19,39,52572,69
19,39,52572,70
19,39,52572,71
19,39,52572,72
19,39,52572,73
19,39,52572,74
19,39,52572,75
19,39,52572,76
19,39,52572,77
19,39,52572,78
19,39,52572,79
19,20,142248,0
19,20,142248,1
19,20,142248,2
19,20,142248,3
19,20,142248,4
19,20,142248,5
19,20,142248,6
19,20,142248,7
19,20,142248,8
19,20,142248,9
19,20,142248,10
19,20,142248,11
19,20,142248,12
19,20,142248,13
19,20,142248,14
19,20,142248,15
19,20,142248,16
19,20,142248,17
19,20,142248,18
19,20,142248,19
19,20,142248,20
19,20,142248,21
19,20,142248,22
19,20,142248,23
19,20,142248,24
19,20,142248,25
19,20,142248,26
19,20,142248,27
19,20,142248,28
19,20,142248,29
19,20,142248,30
19,20,142248,31
19,20,142248,32
19,20,142248,33
19,20,142248,34
19,20,142248,35
19,20,142248,36
19,20,142248,37
19,20,142248,38
19,20,142248,39
19,20,142248,40
19,20,142248,41
19,20,142248,42
19,20,142248,43
19,20,142248,44
19,20,142248,45
19,20,142248,46
19,20,142248,47
19,20,142248,48
19,20,142248,49
19,20,142248,50
19,20,142248,51
19,20,142248,52
19,20,142248,53
19,20,142248,54
19,20,142248,55
19,20,142248,56
19,20,142248,57
19,20,142248,58
19,20,142248,59
19,20,142248,60
19,20,142248,61
19,20,142248,62
19,20,142248,63
19,20,142248,64
19,20,142248,65
19,20,142248,66
19,20,142248,67
19,20,142248,68
19,20,142248,69
19,20,142248,70
19,20,142248,71
19,20,142248,72
19,20,142248,73
19,20,142248,74
19,20,142248,75
19,20,142248,76
19,20,142248,77
19,20,142248,78
19,20,142248,79
19,27,44385,0
19,27,44385,1
19,27,44385,2
19,27,44385,3
19,27,44385,4
19,27,44385,5
19,27,44385,6
19,27,44385,7
19,27,44385,8
19,27,44385,9
19,27,44385,10
19,27,44385,11
19,27,44385,12
19,27,44385,13
19,27,44385,14
19,27,44385,15
19,27,44385,16
19,27,44385,17
19,27,44385,18
19,27,44385,19
19,27,44385,20
19,27,44385,21
19,27,44385,22
19,27,44385,23
19,27,44385,24
19,27,44385,25
19,27,44385,26
19,27,44385,27
19,27,44385,28
19,27,44385,29
19,27,44385,30
19,27,44385,31
19,27,44385,32
19,27,44385,33
19,27,44385,34
19,27,44385,35
19,27,44385,36
19,27,44385,37
19,27,44385,38
19,27,44385,39
19,27,44385,40
19,27,44385,41
19,27,44385,42
19,27,44385,43
19,27,44385,44
19,27,44385,45
19,27,44385,46
19,27,44385,47
19,27,44385,48
19,27,44385,49
19,27,44385,50
19,27,44385,51
19,27,44385,52
19,27,44385,53
19,27,44385,54
19,27,44385,55
19,27,44385,56
19,27,44385,57
19,27,44385,58
19,27,44385,59
19,27,44385,60
19,27,44385,61
19,27,44385,62
19,27,44385,63
19,27,44385,64
19,27,44385,65
19,27,44385,66
19,27,44385,67
19,27,44385,68
19,27,44385,69
19,27,44385,70
19,27,44385,71
19,27,44385,72
19,27,44385,73
19,27,44385,74
19,27,44385,75
19,27,44385,76
19,27,44385,77
19,27,44385,78
19,27,44385,79
17,0,134820,0
17,0,134820,1
17,0,134820,2
17,0,134820,3
17,0,134820,4
17,0,134820,5
17,0,134820,6
17,0,134820,7
17,0,134820,8
17,0,134820,9
17,0,134820,10
17,0,134820,11
17,0,134820,12
17,0,134820,13
17,0,134820,14
17,0,134820,15
17,0,134820,16
17,0,134820,17
17,0,134820,18
17,0,134820,19
17,0,134820,20
17,0,134820,21
17,0,134820,22
17,0,134820,23
17,0,134820,24
17,0,134820,25
17,0,134820,26
17,0,134820,27
17,0,134820,28
17,0,134820,29
17,0,134820,30
17,0,134820,31
17,0,134820,32
17,0,134820,33
17,0,134820,34
17,0,134820,35
17,0,134820,36
17,0,134820,37
17,0,134820,38
17,0,134820,39
17,0,134820,40
17,0,134820,41
17,0,134820,42
17,0,134820,43
17,0,134820,44
17,0,134820,45
17,0,134820,46
17,0,134820,47
17,0,134820,48
17,0,134820,49
17,0,134820,50
17,0,134820,51
17,0,134820,52
17,0,134820,53
17,0,134820,54
17,0,134820,55
17,0,134820,56
17,0,134820,57
17,0,134820,58
17,0,134820,59
17,0,134820,60
17,0,134820,61
17,0,134820,62
17,0,134820,63
17,0,134820,64
17,0,134820,65
17,0,134820,66
17,0,134820,67
17,0,134820,68
17,0,134820,69
17,0,134820,70
17,0,134820,71
17,0,134820,72
17,0,134820,73
17,0,134820,74
17,0,134820,75
17,0,134820,76
17,0,134820,77
17,0,134820,78
17,0,134820,79
17,26,142503,0
17,26,142503,1
17,26,142503,2
17,26,142503,3
17,26,142503,4
17,26,142503,5
17,26,142503,6
17,26,142503,7
17,26,142503,8
17,26,142503,9
17,26,142503,10
17,26,142503,11
17,26,142503,12
17,26,142503,13
17,26,142503,14
17,26,142503,15
17,26,142503,16
17,26,142503,17
17,26,142503,18
17,26,142503,19
17,26,142503,20
17,26,142503,21
17,26,142503,22
17,26,142503,23
17,26,142503,24
17,26,142503,25
17,26,142503,26
17,26,142503,27
17,26,142503,28
17,26,142503,29
17,26,142503,30
17,26,142503,31
17,26,142503,32
17,26,142503,33
17,26,142503,34
17,26,142503,35
17,26,142503,36
17,26,142503,37
17,26,142503,38
17,26,142503,39
17,26,142503,40
17,26,142503,41
17,26,142503,42
17,26,142503,43
17,26,142503,44
17,26,142503,45
17,26,142503,46
17,26,142503,47
17,26,142503,48
17,26,142503,49
17,26,142503,50
17,26,142503,51
17,26,142503,52
17,26,142503,53
17,26,142503,54
17,26,142503,55
17,26,142503,56
17,26,142503,57
17,26,142503,58
17,26,142503,59
17,26,142503,60
17,26,142503,61
17,26,142503,62
17,26,142503,63
17,26,142503,64
17,26,142503,65
17,26,142503,66
17,26,142503,67
17,26,142503,68
17,26,142503,69
17,26,142503,70
17,26,142503,71
17,26,142503,72
17,26,142503,73
17,26,142503,74
17,26,142503,75
17,26,142503,76
17,26,142503,77
17,26,142503,78
17,26,142503,79
17,1,62124,0
17,1,62124,1
17,1,62124,2
17,1,62124,3
17,1,62124,4
17,1,62124,5
17,1,62124,6
17,1,62124,7
17,1,62124,8
17,1,62124,9
17,1,62124,10
17,1,62124,11
17,1,62124,12
17,1,62124,13
17,1,62124,14
17,1,62124,15
17,1,62124,16
17,1,62124,17
17,1,62124,18
17,1,62124,19
17,1,62124,20
17,1,62124,21
17,1,62124,22
17,1,62124,23
17,1,62124,24
17,1,62124,25
17,1,62124,26
17,1,62124,27
17,1,62124,28
17,1,62124,29
17,1,62124,30
17,1,62124,31
17,1,62124,32
17,1,62124,33
17,1,62124,34
17,1,62124,35
17,1,62124,36
17,1,62124,37
17,1,62124,38
17,1,62124,39
17,1,62124,40
17,1,62124,41
17,1,62124,42
17,1,62124,43
17,1,62124,44
17,1,62124,45
17,1,62124,46
17,1,62124,47
17,1,62124,48
17,1,62124,49
17,1,62124,50
17,1,62124,51
17,1,62124,52
17,1,62124,53
17,1,62124,54
17,1,62124,55
17,1,62124,56
17,1,62124,57
17,1,62124,58
17,1,62124,59
17,1,62124,60
17,1,62124,61
17,1,62124,62
17,1,62124,63
17,1,62124,64
17,1,62124,65
17,1,62124,66
17,1,62124,67
17,1,62124,68
17,1,62124,69
17,1,62124,70
17,1,62124,71
17,1,62124,72
17,1,62124,73
17,1,62124,74
17,1,62124,75
17,1,62124,76
17,1,62124,77
17,1,62124,78
17,1,62124,79
17,19,423903,0
17,19,423903,1
17,19,423903,2
17,19,423903,3
17,19,423903,4
17,19,423903,5
17,19,423903,6
17,19,423903,7
17,19,423903,8
17,19,423903,9
17,19,423903,10
17,19,423903,11
17,19,423903,12
17,19,423903,13
17,19,423903,14
17,19,423903,15
17,19,423903,16
17,19,423903,17
17,19,423903,18
17,19,423903,19
17,19,423903,20
17,19,423903,21
17,19,423903,22
17,19,423903,23
17,19,423903,24
17,19,423903,25
17,19,423903,26
17,19,423903,27
17,19,423903,28
17,19,423903,29
17,19,423903,30
17,19,423903,31
17,19,423903,32
17,19,423903,33
17,19,423903,34
17,19,423903,35
17,19,423903,36
17,19,423903,37
17,19,423903,38
17,19,423903,39
17,19,423903,40
17,19,423903,41
17,19,423903,42
17,19,423903,43
17,19,423903,44
17,19,423903,45
17,19,423903,46
17,19,423903,47
17,19,423903,48
17,19,423903,49
17,19,423903,50
17,19,423903,51
17,19,423903,52
17,19,423903,53
17,19,423903,54
17,19,423903,55
17,19,423903,56
17,19,423903,57
17,19,423903,58
17,19,423903,59
17,19,423903,60
17,19,423903,61
17,19,423903,62
17,19,423903,63
17,19,423903,64
17,19,423903,65
17,19,423903,66
17,19,423903,67
17,19,423903,68
17,19,423903,69
17,19,423903,70
17,19,423903,71
17,19,423903,72
17,19,423903,73
17,19,423903,74
17,19,423903,75
17,19,423903,76
17,19,423903,77
17,19,423903,78
17,19,423903,79
17,5,77442,0
17,5,77442,1
17,5,77442,2
17,5,77442,3
17,5,77442,4
17,5,77442,5
17,5,77442,6
17,5,77442,7
17,5,77442,8
17,5,77442,9
17,5,77442,10
17,5,77442,11
17,5,77442,12
17,5,77442,13
17,5,77442,14
17,5,77442,15
17,5,77442,16
17,5,77442,17
17,5,77442,18
17,5,77442,19
17,5,77442,20
17,5,77442,21
17,5,77442,22
17,5,77442,23
17,5,77442,24
17,5,77442,25
17,5,77442,26
17,5,77442,27
17,5,77442,28
17,5,77442,29
17,5,77442,30
17,5,77442,31
17,5,77442,32
17,5,77442,33
17,5,77442,34
17,5,77442,35
17,5,77442,36
17,5,77442,37
17,5,77442,38
17,5,77442,39
17,5,77442,40
17,5,77442,41
17,5,77442,42
17,5,77442,43
17,5,77442,44
17,5,77442,45
17,5,77442,46
17,5,77442,47
17,5,77442,48
17,5,77442,49
17,5,77442,50
17,5,77442,51
17,5,77442,52
17,5,77442,53
17,5,77442,54
17,5,77442,55
17,5,77442,56
17,5,77442,57
17,5,77442,58
17,5,77442,59
17,5,77442,60
17,5,77442,61
17,5,77442,62
17,5,77442,63
17,5,77442,64
17,5,77442,65
17,5,77442,66
17,5,77442,67
17,5,77442,68
17,5,77442,69
17,5,77442,70
17,5,77442,71
17,5,77442,72
17,5,77442,73
17,5,77442,74
17,5,77442,75
17,5,77442,76
17,5,77442,77
17,5,77442,78
17,5,77442,79
17,9,76446,0
17,9,76446,1
17,9,76446,2
17,9,76446,3
17,9,76446,4
17,9,76446,5
17,9,76446,6
17,9,76446,7
17,9,76446,8
17,9,76446,9
17,9,76446,10
17,9,76446,11
17,9,76446,12
17,9,76446,13
17,9,76446,14
17,9,76446,15
17,9,76446,16
17,9,76446,17
17,9,76446,18
17,9,76446,19
17,9,76446,20
17,9,76446,21
17,9,76446,22
17,9,76446,23
17,9,76446,24
17,9,76446,25
17,9,76446,26
17,9,76446,27
17,9,76446,28
17,9,76446,29
17,9,76446,30
17,9,76446,31
17,9,76446,32
17,9,76446,33
17,9,76446,34
17,9,76446,35
17,9,76446,36
17,9,76446,37
17,9,76446,38
17,9,76446,39
17,9,76446,40
17,9,76446,41
17,9,76446,42
17,9,76446,43
17,9,76446,44
17,9,76446,45
17,9,76446,46
17,9,76446,47
17,9,76446,48
17,9,76446,49
17,9,76446,50
17,9,76446,51
17,9,76446,52
17,9,76446,53
17,9,76446,54
17,9,76446,55
17,9,76446,56
17,9,76446,57
17,9,76446,58
17,9,76446,59
17,9,76446,60
17,9,76446,61
17,9,76446,62
17,9,76446,63
17,9,76446,64
17,9,76446,65
17,9,76446,66
17,9,76446,67
17,9,76446,68
17,9,76446,69
17,9,76446,70
17,9,76446,71
17,9,76446,72
17,9,76446,73
17,9,76446,74
17,9,76446,75
17,9,76446,76
17,9,76446,77
17,9,76446,78
17,9,76446,79
17,21,36984,0
17,21,36984,1
17,21,36984,2
17,21,36984,3
17,21,36984,4
17,21,36984,5
17,21,36984,6
17,21,36984,7
17,21,36984,8
17,21,36984,9
17,21,36984,10
17,21,36984,11
17,21,36984,12
17,21,36984,13
17,21,36984,14
17,21,36984,15
17,21,36984,16
17,21,36984,17
17,21,36984,18
17,21,36984,19
17,21,36984,20
17,21,36984,21
17,21,36984,22
17,21,36984,23
17,21,36984,24
17,21,36984,25
17,21,36984,26
17,21,36984,27
17,21,36984,28
17,21,36984,29
17,21,36984,30
17,21,36984,31
17,21,36984,32
17,21,36984,33
17,21,36984,34
17,21,36984,35
17,21,36984,36
17,21,36984,37
17,21,36984,38
17,21,36984,39
17,21,36984,40
17,21,36984,41
17,21,36984,42
17,21,36984,43
17,21,36984,44
17,21,36984,45
17,21,36984,46
17,21,36984,47
17,21,36984,48
17,21,36984,49
17,21,36984,50
17,21,36984,51
17,21,36984,52
17,21,36984,53
17,21,36984,54
17,21,36984,55
17,21,36984,56
17,21,36984,57
17,21,36984,58
17,21,36984,59
17,21,36984,60
17,21,36984,61
17,21,36984,62
17,21,36984,63
17,21,36984,64
17,21,36984,65
17,21,36984,66
17,21,36984,67
17,21,36984,68
17,21,36984,69
17,21,36984,70
17,21,36984,71
17,21,36984,72
17,21,36984,73
17,21,36984,74
17,21,36984,75
17,21,36984,76
17,21,36984,77
17,21,36984,78
17,21,36984,79
17,14,16512,0
17,14,16512,1
17,14,16512,2
17,14,16512,3
17,14,16512,4
17,14,16512,5
17,14,16512,6
17,14,16512,7
17,14,16512,8
17,14,16512,9
17,14,16512,10
17,14,16512,11
17,14,16512,12
17,14,16512,13
17,14,16512,14
17,14,16512,15
17,14,16512,16
17,14,16512,17
17,14,16512,18
17,14,16512,19
17,14,16512,20
17,14,16512,21
17,14,16512,22
17,14,16512,23
17,14,16512,24
17,14,16512,25
17,14,16512,26
17,14,16512,27
17,14,16512,28
17,14,16512,29
17,14,16512,30
17,14,16512,31
17,14,16512,32
17,14,16512,33
17,14,16512,34
17,14,16512,35
17,14,16512,36
17,14,16512,37
17,14,16512,38
17,14,16512,39
17,14,16512,40
17,14,16512,41
17,14,16512,42
17,14,16512,43
17,14,16512,44
17,14,16512,45
17,14,16512,46
17,14,16512,47
17,14,16512,48
17,14,16512,49
17,14,16512,50
17,14,16512,51
17,14,16512,52
17,14,16512,53
17,14,16512,54
17,14,16512,55
17,14,16512,56
17,14,16512,57
17,14,16512,58
17,14,16512,59
17,14,16512,60
17,14,16512,61
17,14,16512,62
17,14,16512,63
17,14,16512,64
17,14,16512,65
17,14,16512,66
17,14,16512,67
17,14,16512,68
17,14,16512,69
17,14,16512,70
17,14,16512,71
17,14,16512,72
17,14,16512,73
17,14,16512,74
17,14,16512,75
17,14,16512,76
17,14,16512,77
17,14,16512,78
17,14,16512,79
17,39,21897,0
17,39,21897,1
17,39,21897,2
17,39,21897,3
17,39,21897,4
17,39,21897,5
17,39,21897,6
17,39,21897,7
17,39,21897,8
17,39,21897,9
17,39,21897,10
17,39,21897,11
17,39,21897,12
17,39,21897,13
17,39,21897,14
17,39,21897,15
17,39,21897,16
17,39,21897,17
17,39,21897,18
17,39,21897,19
17,39,21897,20
17,39,21897,21
17,39,21897,22
17,39,21897,23
17,39,21897,24
17,39,21897,25
17,39,21897,26
17,39,21897,27
17,39,21897,28
17,39,21897,29
17,39,21897,30
17,39,21897,31
17,39,21897,32
17,39,21897,33
17,39,21897,34
17,39,21897,35
17,39,21897,36
17,39,21897,37
17,39,21897,38
17,39,21897,39
17,39,21897,40
17,39,21897,41
17,39,21897,42
17,39,21897,43
17,39,21897,44
17,39,21897,45
17,39,21897,46
17,39,21897,47
17,39,21897,48
17,39,21897,49
17,39,21897,50
17,39,21897,51
17,39,21897,52
17,39,21897,53
17,39,21897,54
17,39,21897,55
17,39,21897,56
17,39,21897,57
17,39,21897,58
17,39,21897,59
17,39,21897,60
17,39,21897,61
17,39,21897,62
17,39,21897,63
17,39,21897,64
17,39,21897,65
17,39,21897,66
17,39,21897,67
17,39,21897,68
17,39,21897,69
17,39,21897,70
17,39,21897,71
17,39,21897,72
17,39,21897,73
17,39,21897,74
17,39,21897,75
17,39,21897,76
17,39,21897,77
17,39,21897,78
17,39,21897,79
17,20,76437,0
17,20,76437,1
17,20,76437,2
17,20,76437,3
17,20,76437,4
17,20,76437,5
17,20,76437,6
17,20,76437,7
17,20,76437,8
17,20,76437,9
17,20,76437,10
17,20,76437,11
17,20,76437,12
17,20,76437,13
17,20,76437,14
17,20,76437,15
17,20,76437,16
17,20,76437,17
17,20,76437,18
17,20,76437,19
17,20,76437,20
17,20,76437,21
17,20,76437,22
17,20,76437,23
17,20,76437,24
17,20,76437,25
17,20,76437,26
17,20,76437,27
17,20,76437,28
17,20,76437,29
17,20,76437,30
17,20,76437,31
17,20,76437,32
17,20,76437,33
17,20,76437,34
17,20,76437,35
17,20,76437,36
17,20,76437,37
17,20,76437,38
17,20,76437,39
17,20,76437,40
17,20,76437,41
17,20,76437,42
17,20,76437,43
17,20,76437,44
17,20,76437,45
17,20,76437,46
17,20,76437,47
17,20,76437,48
17,20,76437,49
17,20,76437,50
17,20,76437,51
17,20,76437,52
17,20,76437,53
17,20,76437,54
17,20,76437,55
17,20,76437,56
17,20,76437,57
17,20,76437,58
17,20,76437,59
17,20,76437,60
17,20,76437,61
17,20,76437,62
17,20,76437,63
17,20,76437,64
17,20,76437,65
17,20,76437,66
17,20,76437,67
17,20,76437,68
17,20,76437,69
17,20,76437,70
17,20,76437,71
17,20,76437,72
17,20,76437,73
17,20,76437,74
17,20,76437,75
17,20,76437,76
17,20,76437,77
17,20,76437,78
17,20,76437,79
17,27,20097,0
17,27,20097,1
17,27,20097,2
17,27,20097,3
17,27,20097,4
17,27,20097,5
17,27,20097,6
17,27,20097,7
17,27,20097,8
17,27,20097,9
17,27,20097,10
17,27,20097,11
17,27,20097,12
17,27,20097,13
17,27,20097,14
17,27,20097,15
17,27,20097,16
17,27,20097,17
17,27,20097,18
17,27,20097,19
17,27,20097,20
17,27,20097,21
17,27,20097,22
17,27,20097,23
17,27,20097,24
17,27,20097,25
17,27,20097,26
17,27,20097,27
17,27,20097,28
17,27,20097,29
17,27,20097,30
17,27,20097,31
17,27,20097,32
17,27,20097,33
17,27,20097,34
17,27,20097,35
17,27,20097,36
17,27,20097,37
17,27,20097,38
17,27,20097,39
17,27,20097,40
17,27,20097,41
17,27,20097,42
17,27,20097,43
17,27,20097,44
17,27,20097,45
17,27,20097,46
17,27,20097,47
17,27,20097,48
17,27,20097,49
17,27,20097,50
17,27,20097,51
17,27,20097,52
17,27,20097,53
17,27,20097,54
17,27,20097,55
17,27,20097,56
17,27,20097,57
17,27,20097,58
17,27,20097,59
17,27,20097,60
17,27,20097,61
17,27,20097,62
17,27,20097,63
17,27,20097,64
17,27,20097,65
17,27,20097,66
17,27,20097,67
17,27,20097,68
17,27,20097,69
17,27,20097,70
17,27,20097,71
17,27,20097,72
17,27,20097,73
17,27,20097,74
17,27,20097,75
17,27,20097,76
17,27,20097,77
17,27,20097,78
17,27,20097,79
3,0,9690,0
3,0,9690,1
3,0,9690,2
3,0,9690,3
3,0,9690,4
3,0,9690,5
3,0,9690,6
3,0,9690,7
3,0,9690,8
3,0,9690,9
3,0,9690,10
3,0,9690,11
3,0,9690,12
3,0,9690,13
3,0,9690,14
3,0,9690,15
3,0,9690,16
3,0,9690,17
3,0,9690,18
3,0,9690,19
3,0,9690,20
3,0,9690,21
3,0,9690,22
3,0,9690,23
3,0,9690,24
3,0,9690,25
3,0,9690,26
3,0,9690,27
3,0,9690,28
3,0,9690,29
3,0,9690,30
3,0,9690,31
3,0,9690,32
3,0,9690,33
3,0,9690,34
3,0,9690,35
3,0,9690,36
3,0,9690,37
3,0,9690,38
3,0,9690,39
3,0,9690,40
3,0,9690,41
3,0,9690,42
3,0,9690,43
3,0,9690,44
3,0,9690,45
3,0,9690,46
3,0,9690,47
3,0,9690,48
3,0,9690,49
3,0,9690,50
3,0,9690,51
3,0,9690,52
3,0,9690,53
3,0,9690,54
3,0,9690,55
3,0,9690,56
3,0,9690,57
3,0,9690,58
3,0,9690,59
3,0,9690,60
3,0,9690,61
3,0,9690,62
3,0,9690,63
3,0,9690,64
3,0,9690,65
3,0,9690,66
3,0,9690,67
3,0,9690,68
3,0,9690,69
3,0,9690,70
3,0,9690,71
3,0,9690,72
3,0,9690,73
3,0,9690,74
3,0,9690,75
3,0,9690,76
3,0,9690,77
3,0,9690,78
3,0,9690,79
3,26,11817,0
3,26,11817,1
3,26,11817,2
3,26,11817,3
3,26,11817,4
3,26,11817,5
3,26,11817,6
3,26,11817,7
3,26,11817,8
3,26,11817,9
3,26,11817,10
3,26,11817,11
3,26,11817,12
3,26,11817,13
3,26,11817,14
3,26,11817,15
3,26,11817,16
3,26,11817,17
3,26,11817,18
3,26,11817,19
3,26,11817,20
3,26,11817,21
3,26,11817,22
3,26,11817,23
3,26,11817,24
3,26,11817,25
3,26,11817,26
3,26,11817,27
3,26,11817,28
3,26,11817,29
3,26,11817,30
3,26,11817,31
3,26,11817,32
3,26,11817,33
3,26,11817,34
3,26,11817,35
3,26,11817,36
3,26,11817,37
3,26,11817,38
3,26,11817,39
3,26,11817,40
3,26,11817,41
3,26,11817,42
3,26,11817,43
3,26,11817,44
3,26,11817,45
3,26,11817,46
3,26,11817,47
3,26,11817,48
3,26,11817,49
3,26,11817,50
3,26,11817,51
3,26,11817,52
3,26,11817,53
3,26,11817,54
3,26,11817,55
3,26,11817,56
3,26,11817,57
3,26,11817,58
3,26,11817,59
3,26,11817,60
3,26,11817,61
3,26,11817,62
3,26,11817,63
3,26,11817,64
3,26,11817,65
3,26,11817,66
3,26,11817,67
3,26,11817,68
3,26,11817,69
3,26,11817,70
3,26,11817,71
3,26,11817,72
3,26,11817,73
3,26,11817,74
3,26,11817,75
3,26,11817,76
3,26,11817,77
3,26,11817,78
3,26,11817,79
3,1,13026,0
3,1,13026,1
3,1,13026,2
3,1,13026,3
3,1,13026,4
3,1,13026,5
3,1,13026,6
3,1,13026,7
3,1,13026,8
3,1,13026,9
3,1,13026,10
3,1,13026,11
3,1,13026,12
3,1,13026,13
3,1,13026,14
3,1,13026,15
3,1,13026,16
3,1,13026,17
3,1,13026,18
3,1,13026,19
3,1,13026,20
3,1,13026,21
3,1,13026,22
3,1,13026,23
3,1,13026,24
3,1,13026,25
3,1,13026,26
3,1,13026,27
3,1,13026,28
3,1,13026,29
3,1,13026,30
3,1,13026,31
3,1,13026,32
3,1,13026,33
3,1,13026,34
3,1,13026,35
3,1,13026,36
3,1,13026,37
3,1,13026,38
3,1,13026,39
3,1,13026,40
3,1,13026,41
3,1,13026,42
3,1,13026,43
3,1,13026,44
3,1,13026,45
3,1,13026,46
3,1,13026,47
3,1,13026,48
3,1,13026,49
3,1,13026,50
3,1,13026,51
3,1,13026,52
3,1,13026,53
3,1,13026,54
3,1,13026,55
3,1,13026,56
3,1,13026,57
3,1,13026,58
3,1,13026,59
3,1,13026,60
3,1,13026,61
3,1,13026,62
3,1,13026,63
3,1,13026,64
3,1,13026,65
3,1,13026,66
3,1,13026,67
3,1,13026,68
3,1,13026,69
3,1,13026,70
3,1,13026,71
3,1,13026,72
3,1,13026,73
3,1,13026,74
3,1,13026,75
3,1,13026,76
3,1,13026,77
3,1,13026,78
3,1,13026,79
3,19,8568,0
3,19,8568,1
3,19,8568,2
3,19,8568,3
3,19,8568,4
3,19,8568,5
3,19,8568,6
3,19,8568,7
3,19,8568,8
3,19,8568,9
3,19,8568,10
3,19,8568,11
3,19,8568,12
3,19,8568,13
3,19,8568,14
3,19,8568,15
3,19,8568,16
3,19,8568,17
3,19,8568,18
3,19,8568,19
3,19,8568,20
3,19,8568,21
3,19,8568,22
3,19,8568,23
3,19,8568,24
3,19,8568,25
3,19,8568,26
3,19,8568,27
3,19,8568,28
3,19,8568,29
3,19,8568,30
3,19,8568,31
3,19,8568,32
3,19,8568,33
3,19,8568,34
3,19,8568,35
3,19,8568,36
3,19,8568,37
3,19,8568,38
3,19,8568,39
3,19,8568,40
3,19,8568,41
3,19,8568,42
3,19,8568,43
3,19,8568,44
3,19,8568,45
3,19,8568,46
3,19,8568,47
3,19,8568,48
3,19,8568,49
3,19,8568,50
3,19,8568,51
3,19,8568,52
3,19,8568,53
3,19,8568,54
3,19,8568,55
3,19,8568,56
3,19,8568,57
3,19,8568,58
3,19,8568,59
3,19,8568,60
3,19,8568,61
3,19,8568,62
3,19,8568,63
3,19,8568,64
3,19,8568,65
3,19,8568,66
3,19,8568,67
3,19,8568,68
3,19,8568,69
3,19,8568,70
3,19,8568,71
3,19,8568,72
3,19,8568,73
3,19,8568,74
3,19,8568,75
3,19,8568,76
3,19,8568,77
3,19,8568,78
3,19,8568,79
3,17,7968,0
3,17,7968,1
3,17,7968,2
3,17,7968,3
3,17,7968,4
3,17,7968,5
3,17,7968,6
3,17,7968,7
3,17,7968,8
3,17,7968,9
3,17,7968,10
3,17,7968,11
3,17,7968,12
3,17,7968,13
3,17,7968,14
3,17,7968,15
3,17,7968,16
3,17,7968,17
3,17,7968,18
3,17,7968,19
3,17,7968,20
3,17,7968,21
3,17,7968,22
3,17,7968,23
3,17,7968,24
3,17,7968,25
3,17,7968,26
3,17,7968,27
3,17,7968,28
3,17,7968,29
3,17,7968,30
3,17,7968,31
3,17,7968,32
3,17,7968,33
3,17,7968,34
3,17,7968,35
3,17,7968,36
3,17,7968,37
3,17,7968,38
3,17,7968,39
3,17,7968,40
3,17,7968,41
3,17,7968,42
3,17,7968,43
3,17,7968,44
3,17,7968,45
3,17,7968,46
3,17,7968,47
3,17,7968,48
3,17,7968,49
3,17,7968,50
3,17,7968,51
3,17,7968,52
3,17,7968,53
3,17,7968,54
3,17,7968,55
3,17,7968,56
3,17,7968,57
3,17,7968,58
3,17,7968,59
3,17,7968,60
3,17,7968,61
3,17,7968,62
3,17,7968,63
3,17,7968,64
3,17,7968,65
3,17,7968,66
3,17,7968,67
3,17,7968,68
3,17,7968,69
3,17,7968,70
3,17,7968,71
3,17,7968,72
3,17,7968,73
3,17,7968,74
3,17,7968,75
3,17,7968,76
3,17,7968,77
3,17,7968,78
3,17,7968,79
3,5,228030,0
3,5,228030,1
3,5,228030,2
3,5,228030,3
3,5,228030,4
3,5,228030,5
3,5,228030,6
3,5,228030,7
3,5,228030,8
3,5,228030,9
3,5,228030,10
3,5,228030,11
3,5,228030,12
3,5,228030,13
3,5,228030,14
3,5,228030,15
3,5,228030,16
3,5,228030,17
3,5,228030,18
3,5,228030,19
3,5,228030,20
3,5,228030,21
3,5,228030,22
3,5,228030,23
3,5,228030,24
3,5,228030,25
3,5,228030,26
3,5,228030,27
3,5,228030,28
3,5,228030,29
3,5,228030,30
3,5,228030,31
3,5,228030,32
3,5,228030,33
3,5,228030,34
3,5,228030,35
3,5,228030,36
3,5,228030,37
3,5,228030,38
3,5,228030,39
3,5,228030,40
3,5,228030,41
3,5,228030,42
3,5,228030,43
3,5,228030,44
3,5,228030,45
3,5,228030,46
3,5,228030,47
3,5,228030,48
3,5,228030,49
3,5,228030,50
3,5,228030,51
3,5,228030,52
3,5,228030,53
3,5,228030,54
3,5,228030,55
3,5,228030,56
3,5,228030,57
3,5,228030,58
3,5,228030,59
3,5,228030,60
3,5,228030,61
3,5,228030,62
3,5,228030,63
3,5,228030,64
3,5,228030,65
3,5,228030,66
3,5,228030,67
3,5,228030,68
3,5,228030,69
3,5,228030,70
3,5,228030,71
3,5,228030,72
3,5,228030,73
3,5,228030,74
3,5,228030,75
3,5,228030,76
3,5,228030,77
3,5,228030,78
3,5,228030,79
3,9,202812,0
3,9,202812,1
3,9,202812,2
3,9,202812,3
3,9,202812,4
3,9,202812,5
3,9,202812,6
3,9,202812,7
3,9,202812,8
3,9,202812,9
3,9,202812,10
3,9,202812,11
3,9,202812,12
3,9,202812,13
3,9,202812,14
3,9,202812,15
3,9,202812,16
3,9,202812,17
3,9,202812,18
3,9,202812,19
3,9,202812,20
3,9,202812,21
3,9,202812,22
3,9,202812,23
3,9,202812,24
3,9,202812,25
3,9,202812,26
3,9,202812,27
3,9,202812,28
3,9,202812,29
3,9,202812,30
3,9,202812,31
3,9,202812,32
3,9,202812,33
3,9,202812,34
3,9,202812,35
3,9,202812,36
3,9,202812,37
3,9,202812,38
3,9,202812,39
3,9,202812,40
3,9,202812,41
3,9,202812,42
3,9,202812,43
3,9,202812,44
3,9,202812,45
3,9,202812,46
3,9,202812,47
3,9,202812,48
3,9,202812,49
3,9,202812,50
3,9,202812,51
3,9,202812,52
3,9,202812,53
3,9,202812,54
3,9,202812,55
3,9,202812,56
3,9,202812,57
3,9,202812,58
3,9,202812,59
3,9,202812,60
3,9,202812,61
3,9,202812,62
3,9,202812,63
3,9,202812,64
3,9,202812,65
3,9,202812,66
3,9,202812,67
3,9,202812,68
3,9,202812,69
3,9,202812,70
3,9,202812,71
3,9,202812,72
3,9,202812,73
3,9,202812,74
3,9,202812,75
3,9,202812,76
3,9,202812,77
3,9,202812,78
3,9,202812,79
3,21,24051,0
3,21,24051,1
3,21,24051,2
3,21,24051,3
3,21,24051,4
3,21,24051,5
3,21,24051,6
3,21,24051,7
3,21,24051,8
3,21,24051,9
3,21,24051,10
3,21,24051,11
3,21,24051,12
3,21,24051,13
3,21,24051,14
3,21,24051,15
3,21,24051,16
3,21,24051,17
3,21,24051,18
3,21,24051,19
3,21,24051,20
3,21,24051,21
3,21,24051,22
3,21,24051,23
3,21,24051,24
3,21,24051,25
3,21,24051,26
3,21,24051,27
3,21,24051,28
3,21,24051,29
3,21,24051,30
3,21,24051,31
3,21,24051,32
3,21,24051,33
3,21,24051,34
3,21,24051,35
3,21,24051,36
3,21,24051,37
3,21,24051,38
3,21,24051,39
3,21,24051,40
3,21,24051,41
3,21,24051,42
3,21,24051,43
3,21,24051,44
3,21,24051,45
3,21,24051,46
3,21,24051,47
3,21,24051,48
3,21,24051,49
3,21,24051,50
3,21,24051,51
3,21,24051,52
3,21,24051,53
3,21,24051,54
3,21,24051,55
3,21,24051,56
3,21,24051,57
3,21,24051,58
3,21,24051,59
3,21,24051,60
3,21,24051,61
3,21,24051,62
3,21,24051,63
3,21,24051,64
3,21,24051,65
3,21,24051,66
3,21,24051,67
3,21,24051,68
3,21,24051,69
3,21,24051,70
3,21,24051,71
3,21,24051,72
3,21,24051,73
3,21,24051,74
3,21,24051,75
3,21,24051,76
3,21,24051,77
3,21,24051,78
3,21,24051,79
3,12,50283,0
3,12,50283,1
3,12,50283,2
3,12,50283,3
3,12,50283,4
3,12,50283,5
3,12,50283,6
3,12,50283,7
3,12,50283,8
3,12,50283,9
3,12,50283,10
3,12,50283,11
3,12,50283,12
3,12,50283,13
3,12,50283,14
3,12,50283,15
3,12,50283,16
3,12,50283,17
3,12,50283,18
3,12,50283,19
3,12,50283,20
3,12,50283,21
3,12,50283,22
3,12,50283,23
3,12,50283,24
3,12,50283,25
3,12,50283,26
3,12,50283,27
3,12,50283,28
3,12,50283,29
3,12,50283,30
3,12,50283,31
3,12,50283,32
3,12,50283,33
3,12,50283,34
3,12,50283,35
3,12,50283,36
3,12,50283,37
3,12,50283,38
3,12,50283,39
3,12,50283,40
3,12,50283,41
3,12,50283,42
3,12,50283,43
3,12,50283,44
3,12,50283,45
3,12,50283,46
3,12,50283,47
3,12,50283,48
3,12,50283,49
3,12,50283,50
3,12,50283,51
3,12,50283,52
3,12,50283,53
3,12,50283,54
3,12,50283,55
3,12,50283,56
3,12,50283,57
3,12,50283,58
3,12,50283,59
3,12,50283,60
3,12,50283,61
3,12,50283,62
3,12,50283,63
3,12,50283,64
3,12,50283,65
3,12,50283,66
3,12,50283,67
3,12,50283,68
3,12,50283,69
3,12,50283,70
3,12,50283,71
3,12,50283,72
3,12,50283,73
3,12,50283,74
3,12,50283,75
3,12,50283,76
3,12,50283,77
3,12,50283,78
3,12,50283,79
3,14,14688,0
3,14,14688,1
3,14,14688,2
3,14,14688,3
3,14,14688,4
3,14,14688,5
3,14,14688,6
3,14,14688,7
3,14,14688,8
3,14,14688,9
3,14,14688,10
3,14,14688,11
3,14,14688,12
3,14,14688,13
3,14,14688,14
3,14,14688,15
3,14,14688,16
3,14,14688,17
3,14,14688,18
3,14,14688,19
3,14,14688,20
3,14,14688,21
3,14,14688,22
3,14,14688,23
3,14,14688,24
3,14,14688,25
3,14,14688,26
3,14,14688,27
3,14,14688,28
3,14,14688,29
3,14,14688,30
3,14,14688,31
3,14,14688,32
3,14,14688,33
3,14,14688,34
3,14,14688,35
3,14,14688,36
3,14,14688,37
3,14,14688,38
3,14,14688,39
3,14,14688,40
3,14,14688,41
3,14,14688,42
3,14,14688,43
3,14,14688,44
3,14,14688,45
3,14,14688,46
3,14,14688,47
3,14,14688,48
3,14,14688,49
3,14,14688,50
3,14,14688,51
3,14,14688,52
3,14,14688,53
3,14,14688,54
3,14,14688,55
3,14,14688,56
3,14,14688,57
3,14,14688,58
3,14,14688,59
3,14,14688,60
3,14,14688,61
3,14,14688,62
3,14,14688,63
3,14,14688,64
3,14,14688,65
3,14,14688,66
3,14,14688,67
3,14,14688,68
3,14,14688,69
3,14,14688,70
3,14,14688,71
3,14,14688,72
3,14,14688,73
3,14,14688,74
3,14,14688,75
3,14,14688,76
3,14,14688,77
3,14,14688,78
3,14,14688,79
3,39,11118,0
3,39,11118,1
3,39,11118,2
3,39,11118,3
3,39,11118,4
3,39,11118,5
3,39,11118,6
3,39,11118,7
3,39,11118,8
3,39,11118,9
3,39,11118,10
3,39,11118,11
3,39,11118,12
3,39,11118,13
3,39,11118,14
3,39,11118,15
3,39,11118,16
3,39,11118,17
3,39,11118,18
3,39,11118,19
3,39,11118,20
3,39,11118,21
3,39,11118,22
3,39,11118,23
3,39,11118,24
3,39,11118,25
3,39,11118,26
3,39,11118,27
3,39,11118,28
3,39,11118,29
3,39,11118,30
3,39,11118,31
3,39,11118,32
3,39,11118,33
3,39,11118,34
3,39,11118,35
3,39,11118,36
3,39,11118,37
3,39,11118,38
3,39,11118,39
3,39,11118,40
3,39,11118,41
3,39,11118,42
3,39,11118,43
3,39,11118,44
3,39,11118,45
3,39,11118,46
3,39,11118,47
3,39,11118,48
3,39,11118,49
3,39,11118,50
3,39,11118,51
3,39,11118,52
3,39,11118,53
3,39,11118,54
3,39,11118,55
3,39,11118,56
3,39,11118,57
3,39,11118,58
3,39,11118,59
3,39,11118,60
3,39,11118,61
3,39,11118,62
3,39,11118,63
3,39,11118,64
3,39,11118,65
3,39,11118,66
3,39,11118,67
3,39,11118,68
3,39,11118,69
3,39,11118,70
3,39,11118,71
3,39,11118,72
3,39,11118,73
3,39,11118,74
3,39,11118,75
3,39,11118,76
3,39,11118,77
3,39,11118,78
3,39,11118,79
3,18,441396,0
3,18,441396,1
3,18,441396,2
3,18,441396,3
3,18,441396,4
3,18,441396,5
3,18,441396,6
3,18,441396,7
3,18,441396,8
3,18,441396,9
3,18,441396,10
3,18,441396,11
3,18,441396,12
3,18,441396,13
3,18,441396,14
3,18,441396,15
3,18,441396,16
3,18,441396,17
3,18,441396,18
3,18,441396,19
3,18,441396,20
3,18,441396,21
3,18,441396,22
3,18,441396,23
3,18,441396,24
3,18,441396,25
3,18,441396,26
3,18,441396,27
3,18,441396,28
3,18,441396,29
3,18,441396,30
3,18,441396,31
3,18,441396,32
3,18,441396,33
3,18,441396,34
3,18,441396,35
3,18,441396,36
3,18,441396,37
3,18,441396,38
3,18,441396,39
3,18,441396,40
3,18,441396,41
3,18,441396,42
3,18,441396,43
3,18,441396,44
3,18,441396,45
3,18,441396,46
3,18,441396,47
3,18,441396,48
3,18,441396,49
3,18,441396,50
3,18,441396,51
3,18,441396,52
3,18,441396,53
3,18,441396,54
3,18,441396,55
3,18,441396,56
3,18,441396,57
3,18,441396,58
3,18,441396,59
3,18,441396,60
3,18,441396,61
3,18,441396,62
3,18,441396,63
3,18,441396,64
3,18,441396,65
3,18,441396,66
3,18,441396,67
3,18,441396,68
3,18,441396,69
3,18,441396,70
3,18,441396,71
3,18,441396,72
3,18,441396,73
3,18,441396,74
3,18,441396,75
3,18,441396,76
3,18,441396,77
3,18,441396,78
3,18,441396,79
3,20,109263,0
3,20,109263,1
3,20,109263,2
3,20,109263,3
3,20,109263,4
3,20,109263,5
3,20,109263,6
3,20,109263,7
3,20,109263,8
3,20,109263,9
3,20,109263,10
3,20,109263,11
3,20,109263,12
3,20,109263,13
3,20,109263,14
3,20,109263,15
3,20,109263,16
3,20,109263,17
3,20,109263,18
3,20,109263,19
3,20,109263,20
3,20,109263,21
3,20,109263,22
3,20,109263,23
3,20,109263,24
3,20,109263,25
3,20,109263,26
3,20,109263,27
3,20,109263,28
3,20,109263,29
3,20,109263,30
3,20,109263,31
3,20,109263,32
3,20,109263,33
3,20,109263,34
3,20,109263,35
3,20,109263,36
3,20,109263,37
3,20,109263,38
3,20,109263,39
3,20,109263,40
3,20,109263,41
3,20,109263,42
3,20,109263,43
3,20,109263,44
3,20,109263,45
3,20,109263,46
3,20,109263,47
3,20,109263,48
3,20,109263,49
3,20,109263,50
3,20,109263,51
3,20,109263,52
3,20,109263,53
3,20,109263,54
3,20,109263,55
3,20,109263,56
3,20,109263,57
3,20,109263,58
3,20,109263,59
3,20,109263,60
3,20,109263,61
3,20,109263,62
3,20,109263,63
3,20,109263,64
3,20,109263,65
3,20,109263,66
3,20,109263,67
3,20,109263,68
3,20,109263,69
3,20,109263,70
3,20,109263,71
3,20,109263,72
3,20,109263,73
3,20,109263,74
3,20,109263,75
3,20,109263,76
3,20,109263,77
3,20,109263,78
3,20,109263,79
3,27,26925,0
3,27,26925,1
3,27,26925,2
3,27,26925,3
3,27,26925,4
3,27,26925,5
3,27,26925,6
3,27,26925,7
3,27,26925,8
3,27,26925,9
3,27,26925,10
3,27,26925,11
3,27,26925,12
3,27,26925,13
3,27,26925,14
3,27,26925,15
3,27,26925,16
3,27,26925,17
3,27,26925,18
3,27,26925,19
3,27,26925,20
3,27,26925,21
3,27,26925,22
3,27,26925,23
3,27,26925,24
3,27,26925,25
3,27,26925,26
3,27,26925,27
3,27,26925,28
3,27,26925,29
3,27,26925,30
3,27,26925,31
3,27,26925,32
3,27,26925,33
3,27,26925,34
3,27,26925,35
3,27,26925,36
3,27,26925,37
3,27,26925,38
3,27,26925,39
3,27,26925,40
3,27,26925,41
3,27,26925,42
3,27,26925,43
3,27,26925,44
3,27,26925,45
3,27,26925,46
3,27,26925,47
3,27,26925,48
3,27,26925,49
3,27,26925,50
3,27,26925,51
3,27,26925,52
3,27,26925,53
3,27,26925,54
3,27,26925,55
3,27,26925,56
3,27,26925,57
3,27,26925,58
3,27,26925,59
3,27,26925,60
3,27,26925,61
3,27,26925,62
3,27,26925,63
3,27,26925,64
3,27,26925,65
3,27,26925,66
3,27,26925,67
3,27,26925,68
3,27,26925,69
3,27,26925,70
3,27,26925,71
3,27,26925,72
3,27,26925,73
3,27,26925,74
3,27,26925,75
3,27,26925,76
3,27,26925,77
3,27,26925,78
3,27,26925,79
3,29,13317,0
3,29,13317,1
3,29,13317,2
3,29,13317,3
3,29,13317,4
3,29,13317,5
3,29,13317,6
3,29,13317,7
3,29,13317,8
3,29,13317,9
3,29,13317,10
3,29,13317,11
3,29,13317,12
3,29,13317,13
3,29,13317,14
3,29,13317,15
3,29,13317,16
3,29,13317,17
3,29,13317,18
3,29,13317,19
3,29,13317,20
3,29,13317,21
3,29,13317,22
3,29,13317,23
3,29,13317,24
3,29,13317,25
3,29,13317,26
3,29,13317,27
3,29,13317,28
3,29,13317,29
3,29,13317,30
3,29,13317,31
3,29,13317,32
3,29,13317,33
3,29,13317,34
3,29,13317,35
3,29,13317,36
3,29,13317,37
3,29,13317,38
3,29,13317,39
3,29,13317,40
3,29,13317,41
3,29,13317,42
3,29,13317,43
3,29,13317,44
3,29,13317,45
3,29,13317,46
3,29,13317,47
3,29,13317,48
3,29,13317,49
3,29,13317,50
3,29,13317,51
3,29,13317,52
3,29,13317,53
3,29,13317,54
3,29,13317,55
3,29,13317,56
3,29,13317,57
3,29,13317,58
3,29,13317,59
3,29,13317,60
3,29,13317,61
3,29,13317,62
3,29,13317,63
3,29,13317,64
3,29,13317,65
3,29,13317,66
3,29,13317,67
3,29,13317,68
3,29,13317,69
3,29,13317,70
3,29,13317,71
3,29,13317,72
3,29,13317,73
3,29,13317,74
3,29,13317,75
3,29,13317,76
3,29,13317,77
3,29,13317,78
3,29,13317,79
5,9,129396,0
5,9,129396,1
5,9,129396,2
5,9,129396,3
5,9,129396,4
5,9,129396,5
5,9,129396,6
5,9,129396,7
5,9,129396,8
5,9,129396,9
5,9,129396,10
5,9,129396,11
5,9,129396,12
5,9,129396,13
5,9,129396,14
5,9,129396,15
5,9,129396,16
5,9,129396,17
5,9,129396,18
5,9,129396,19
5,9,129396,20
5,9,129396,21
5,9,129396,22
5,9,129396,23
5,9,129396,24
5,9,129396,25
5,9,129396,26
5,9,129396,27
5,9,129396,28
5,9,129396,29
5,9,129396,30
5,9,129396,31
5,9,129396,32
5,9,129396,33
5,9,129396,34
5,9,129396,35
5,9,129396,36
5,9,129396,37
5,9,129396,38
5,9,129396,39
5,9,129396,40
5,9,129396,41
5,9,129396,42
5,9,129396,43
5,9,129396,44
5,9,129396,45
5,9,129396,46
5,9,129396,47
5,9,129396,48
5,9,129396,49
5,9,129396,50
5,9,129396,51
5,9,129396,52
5,9,129396,53
5,9,129396,54
5,9,129396,55
5,9,129396,56
5,9,129396,57
5,9,129396,58
5,9,129396,59
5,9,129396,60
5,9,129396,61
5,9,129396,62
5,9,129396,63
5,9,129396,64
5,9,129396,65
5,9,129396,66
5,9,129396,67
5,9,129396,68
5,9,129396,69
5,9,129396,70
5,9,129396,71
5,9,129396,72
5,9,129396,73
5,9,129396,74
5,9,129396,75
5,9,129396,76
5,9,129396,77
5,9,129396,78
5,9,129396,79
5,21,5142,0
5,21,5142,1
5,21,5142,2
5,21,5142,3
5,21,5142,4
5,21,5142,5
5,21,5142,6
5,21,5142,7
5,21,5142,8
5,21,5142,9
5,21,5142,10
5,21,5142,11
5,21,5142,12
5,21,5142,13
5,21,5142,14
5,21,5142,15
5,21,5142,16
5,21,5142,17
5,21,5142,18
5,21,5142,19
5,21,5142,20
5,21,5142,21
5,21,5142,22
5,21,5142,23
5,21,5142,24
5,21,5142,25
5,21,5142,26
5,21,5142,27
5,21,5142,28
5,21,5142,29
5,21,5142,30
5,21,5142,31
5,21,5142,32
5,21,5142,33
5,21,5142,34
5,21,5142,35
5,21,5142,36
5,21,5142,37
5,21,5142,38
5,21,5142,39
5,21,5142,40
5,21,5142,41
5,21,5142,42
5,21,5142,43
5,21,5142,44
5,21,5142,45
5,21,5142,46
5,21,5142,47
5,21,5142,48
5,21,5142,49
5,21,5142,50
5,21,5142,51
5,21,5142,52
5,21,5142,53
5,21,5142,54
5,21,5142,55
5,21,5142,56
5,21,5142,57
5,21,5142,58
5,21,5142,59
5,21,5142,60
5,21,5142,61
5,21,5142,62
5,21,5142,63
5,21,5142,64
5,21,5142,65
5,21,5142,66
5,21,5142,67
5,21,5142,68
5,21,5142,69
5,21,5142,70
5,21,5142,71
5,21,5142,72
5,21,5142,73
5,21,5142,74
5,21,5142,75
5,21,5142,76
5,21,5142,77
5,21,5142,78
5,21,5142,79
5,20,159699,0
5,20,159699,1
5,20,159699,2
5,20,159699,3
5,20,159699,4
5,20,159699,5
5,20,159699,6
5,20,159699,7
5,20,159699,8
5,20,159699,9
5,20,159699,10
5,20,159699,11
5,20,159699,12
5,20,159699,13
5,20,159699,14
5,20,159699,15
5,20,159699,16
5,20,159699,17
5,20,159699,18
5,20,159699,19
5,20,159699,20
5,20,159699,21
5,20,159699,22
5,20,159699,23
5,20,159699,24
5,20,159699,25
5,20,159699,26
5,20,159699,27
5,20,159699,28
5,20,159699,29
5,20,159699,30
5,20,159699,31
5,20,159699,32
5,20,159699,33
5,20,159699,34
5,20,159699,35
5,20,159699,36
5,20,159699,37
5,20,159699,38
5,20,159699,39
5,20,159699,40
5,20,159699,41
5,20,159699,42
5,20,159699,43
5,20,159699,44
5,20,159699,45
5,20,159699,46
5,20,159699,47
5,20,159699,48
5,20,159699,49
5,20,159699,50
5,20,159699,51
5,20,159699,52
5,20,159699,53
5,20,159699,54
5,20,159699,55
5,20,159699,56
5,20,159699,57
5,20,159699,58
5,20,159699,59
5,20,159699,60
5,20,159699,61
5,20,159699,62
5,20,159699,63
5,20,159699,64
5,20,159699,65
5,20,159699,66
5,20,159699,67
5,20,159699,68
5,20,159699,69
5,20,159699,70
5,20,159699,71
5,20,159699,72
5,20,159699,73
5,20,159699,74
5,20,159699,75
5,20,159699,76
5,20,159699,77
5,20,159699,78
5,20,159699,79
5,27,5451,0
5,27,5451,1
5,27,5451,2
5,27,5451,3
5,27,5451,4
5,27,5451,5
5,27,5451,6
5,27,5451,7
5,27,5451,8
5,27,5451,9
5,27,5451,10
5,27,5451,11
5,27,5451,12
5,27,5451,13
5,27,5451,14
5,27,5451,15
5,27,5451,16
5,27,5451,17
5,27,5451,18
5,27,5451,19
5,27,5451,20
5,27,5451,21
5,27,5451,22
5,27,5451,23
5,27,5451,24
5,27,5451,25
5,27,5451,26
5,27,5451,27
5,27,5451,28
5,27,5451,29
5,27,5451,30
5,27,5451,31
5,27,5451,32
5,27,5451,33
5,27,5451,34
5,27,5451,35
5,27,5451,36
5,27,5451,37
5,27,5451,38
5,27,5451,39
5,27,5451,40
5,27,5451,41
5,27,5451,42
5,27,5451,43
5,27,5451,44
5,27,5451,45
5,27,5451,46
5,27,5451,47
5,27,5451,48
5,27,5451,49
5,27,5451,50
5,27,5451,51
5,27,5451,52
5,27,5451,53
5,27,5451,54
5,27,5451,55
5,27,5451,56
5,27,5451,57
5,27,5451,58
5,27,5451,59
5,27,5451,60
5,27,5451,61
5,27,5451,62
5,27,5451,63
5,27,5451,64
5,27,5451,65
5,27,5451,66
5,27,5451,67
5,27,5451,68
5,27,5451,69
5,27,5451,70
5,27,5451,71
5,27,5451,72
5,27,5451,73
5,27,5451,74
5,27,5451,75
5,27,5451,76
5,27,5451,77
5,27,5451,78
5,27,5451,79
8,0,62355,0
8,0,62355,1
8,0,62355,2
8,0,62355,3
8,0,62355,4
8,0,62355,5
8,0,62355,6
8,0,62355,7
8,0,62355,8
8,0,62355,9
8,0,62355,10
8,0,62355,11
8,0,62355,12
8,0,62355,13
8,0,62355,14
8,0,62355,15
8,0,62355,16
8,0,62355,17
8,0,62355,18
8,0,62355,19
8,0,62355,20
8,0,62355,21
8,0,62355,22
8,0,62355,23
8,0,62355,24
8,0,62355,25
8,0,62355,26
8,0,62355,27
8,0,62355,28
8,0,62355,29
8,0,62355,30
8,0,62355,31
8,0,62355,32
8,0,62355,33
8,0,62355,34
8,0,62355,35
8,0,62355,36
8,0,62355,37
8,0,62355,38
8,0,62355,39
8,0,62355,40
8,0,62355,41
8,0,62355,42
8,0,62355,43
8,0,62355,44
8,0,62355,45
8,0,62355,46
8,0,62355,47
8,0,62355,48
8,0,62355,49
8,0,62355,50
8,0,62355,51
8,0,62355,52
8,0,62355,53
8,0,62355,54
8,0,62355,55
8,0,62355,56
8,0,62355,57
8,0,62355,58
8,0,62355,59
8,0,62355,60
8,0,62355,61
8,0,62355,62
8,0,62355,63
8,0,62355,64
8,0,62355,65
8,0,62355,66
8,0,62355,67
8,0,62355,68
8,0,62355,69
8,0,62355,70
8,0,62355,71
8,0,62355,72
8,0,62355,73
8,0,62355,74
8,0,62355,75
8,0,62355,76
8,0,62355,77
8,0,62355,78
8,0,62355,79
8,26,64995,0
8,26,64995,1
8,26,64995,2
8,26,64995,3
8,26,64995,4
8,26,64995,5
8,26,64995,6
8,26,64995,7
8,26,64995,8
8,26,64995,9
8,26,64995,10
8,26,64995,11
8,26,64995,12
8,26,64995,13
8,26,64995,14
8,26,64995,15
8,26,64995,16
8,26,64995,17
8,26,64995,18
8,26,64995,19
8,26,64995,20
8,26,64995,21
8,26,64995,22
8,26,64995,23
8,26,64995,24
8,26,64995,25
8,26,64995,26
8,26,64995,27
8,26,64995,28
8,26,64995,29
8,26,64995,30
8,26,64995,31
8,26,64995,32
8,26,64995,33
8,26,64995,34
8,26,64995,35
8,26,64995,36
8,26,64995,37
8,26,64995,38
8,26,64995,39
8,26,64995,40
8,26,64995,41
8,26,64995,42
8,26,64995,43
8,26,64995,44
8,26,64995,45
8,26,64995,46
8,26,64995,47
8,26,64995,48
8,26,64995,49
8,26,64995,50
8,26,64995,51
8,26,64995,52
8,26,64995,53
8,26,64995,54
8,26,64995,55
8,26,64995,56
8,26,64995,57
8,26,64995,58
8,26,64995,59
8,26,64995,60
8,26,64995,61
8,26,64995,62
8,26,64995,63
8,26,64995,64
8,26,64995,65
8,26,64995,66
8,26,64995,67
8,26,64995,68
8,26,64995,69
8,26,64995,70
8,26,64995,71
8,26,64995,72
8,26,64995,73
8,26,64995,74
8,26,64995,75
8,26,64995,76
8,26,64995,77
8,26,64995,78
8,26,64995,79
8,1,182757,0
8,1,182757,1
8,1,182757,2
8,1,182757,3
8,1,182757,4
8,1,182757,5
8,1,182757,6
8,1,182757,7
8,1,182757,8
8,1,182757,9
8,1,182757,10
8,1,182757,11
8,1,182757,12
8,1,182757,13
8,1,182757,14
8,1,182757,15
8,1,182757,16
8,1,182757,17
8,1,182757,18
8,1,182757,19
8,1,182757,20
8,1,182757,21
8,1,182757,22
8,1,182757,23
8,1,182757,24
8,1,182757,25
8,1,182757,26
8,1,182757,27
8,1,182757,28
8,1,182757,29
8,1,182757,30
8,1,182757,31
8,1,182757,32
8,1,182757,33
8,1,182757,34
8,1,182757,35
8,1,182757,36
8,1,182757,37
8,1,182757,38
8,1,182757,39
8,1,182757,40
8,1,182757,41
8,1,182757,42
8,1,182757,43
8,1,182757,44
8,1,182757,45
8,1,182757,46
8,1,182757,47
8,1,182757,48
8,1,182757,49
8,1,182757,50
8,1,182757,51
8,1,182757,52
8,1,182757,53
8,1,182757,54
8,1,182757,55
8,1,182757,56
8,1,182757,57
8,1,182757,58
8,1,182757,59
8,1,182757,60
8,1,182757,61
8,1,182757,62
8,1,182757,63
8,1,182757,64
8,1,182757,65
8,1,182757,66
8,1,182757,67
8,1,182757,68
8,1,182757,69
8,1,182757,70
8,1,182757,71
8,1,182757,72
8,1,182757,73
8,1,182757,74
8,1,182757,75
8,1,182757,76
8,1,182757,77
8,1,182757,78
8,1,182757,79
8,19,68667,0
8,19,68667,1
8,19,68667,2
8,19,68667,3
8,19,68667,4
8,19,68667,5
8,19,68667,6
8,19,68667,7
8,19,68667,8
8,19,68667,9
8,19,68667,10
8,19,68667,11
8,19,68667,12
8,19,68667,13
8,19,68667,14
8,19,68667,15
8,19,68667,16
8,19,68667,17
8,19,68667,18
8,19,68667,19
8,19,68667,20
8,19,68667,21
8,19,68667,22
8,19,68667,23
8,19,68667,24
8,19,68667,25
8,19,68667,26
8,19,68667,27
8,19,68667,28
8,19,68667,29
8,19,68667,30
8,19,68667,31
8,19,68667,32
8,19,68667,33
8,19,68667,34
8,19,68667,35
8,19,68667,36
8,19,68667,37
8,19,68667,38
8,19,68667,39
8,19,68667,40
8,19,68667,41
8,19,68667,42
8,19,68667,43
8,19,68667,44
8,19,68667,45
8,19,68667,46
8,19,68667,47
8,19,68667,48
8,19,68667,49
8,19,68667,50
8,19,68667,51
8,19,68667,52
8,19,68667,53
8,19,68667,54
8,19,68667,55
8,19,68667,56
8,19,68667,57
8,19,68667,58
8,19,68667,59
8,19,68667,60
8,19,68667,61
8,19,68667,62
8,19,68667,63
8,19,68667,64
8,19,68667,65
8,19,68667,66
8,19,68667,67
8,19,68667,68
8,19,68667,69
8,19,68667,70
8,19,68667,71
8,19,68667,72
8,19,68667,73
8,19,68667,74
8,19,68667,75
8,19,68667,76
8,19,68667,77
8,19,68667,78
8,19,68667,79
8,17,53967,0
8,17,53967,1
8,17,53967,2
8,17,53967,3
8,17,53967,4
8,17,53967,5
8,17,53967,6
8,17,53967,7
8,17,53967,8
8,17,53967,9
8,17,53967,10
8,17,53967,11
8,17,53967,12
8,17,53967,13
8,17,53967,14
8,17,53967,15
8,17,53967,16
8,17,53967,17
8,17,53967,18
8,17,53967,19
8,17,53967,20
8,17,53967,21
8,17,53967,22
8,17,53967,23
8,17,53967,24
8,17,53967,25
8,17,53967,26
8,17,53967,27
8,17,53967,28
8,17,53967,29
8,17,53967,30
8,17,53967,31
8,17,53967,32
8,17,53967,33
8,17,53967,34
8,17,53967,35
8,17,53967,36
8,17,53967,37
8,17,53967,38
8,17,53967,39
8,17,53967,40
8,17,53967,41
8,17,53967,42
8,17,53967,43
8,17,53967,44
8,17,53967,45
8,17,53967,46
8,17,53967,47
8,17,53967,48
8,17,53967,49
8,17,53967,50
8,17,53967,51
8,17,53967,52
8,17,53967,53
8,17,53967,54
8,17,53967,55
8,17,53967,56
8,17,53967,57
8,17,53967,58
8,17,53967,59
8,17,53967,60
8,17,53967,61
8,17,53967,62
8,17,53967,63
8,17,53967,64
8,17,53967,65
8,17,53967,66
8,17,53967,67
8,17,53967,68
8,17,53967,69
8,17,53967,70
8,17,53967,71
8,17,53967,72
8,17,53967,73
8,17,53967,74
8,17,53967,75
8,17,53967,76
8,17,53967,77
8,17,53967,78
8,17,53967,79
8,3,9381,0
8,3,9381,1
8,3,9381,2
8,3,9381,3
8,3,9381,4
8,3,9381,5
8,3,9381,6
8,3,9381,7
8,3,9381,8
8,3,9381,9
8,3,9381,10
8,3,9381,11
8,3,9381,12
8,3,9381,13
8,3,9381,14
8,3,9381,15
8,3,9381,16
8,3,9381,17
8,3,9381,18
8,3,9381,19
8,3,9381,20
8,3,9381,21
8,3,9381,22
8,3,9381,23
8,3,9381,24
8,3,9381,25
8,3,9381,26
8,3,9381,27
8,3,9381,28
8,3,9381,29
8,3,9381,30
8,3,9381,31
8,3,9381,32
8,3,9381,33
8,3,9381,34
8,3,9381,35
8,3,9381,36
8,3,9381,37
8,3,9381,38
8,3,9381,39
8,3,9381,40
8,3,9381,41
8,3,9381,42
8,3,9381,43
8,3,9381,44
8,3,9381,45
8,3,9381,46
8,3,9381,47
8,3,9381,48
8,3,9381,49
8,3,9381,50
8,3,9381,51
8,3,9381,52
8,3,9381,53
8,3,9381,54
8,3,9381,55
8,3,9381,56
8,3,9381,57
8,3,9381,58
8,3,9381,59
8,3,9381,60
8,3,9381,61
8,3,9381,62
8,3,9381,63
8,3,9381,64
8,3,9381,65
8,3,9381,66
8,3,9381,67
8,3,9381,68
8,3,9381,69
8,3,9381,70
8,3,9381,71
8,3,9381,72
8,3,9381,73
8,3,9381,74
8,3,9381,75
8,3,9381,76
8,3,9381,77
8,3,9381,78
8,3,9381,79
8,5,253077,0
8,5,253077,1
8,5,253077,2
8,5,253077,3
8,5,253077,4
8,5,253077,5
8,5,253077,6
8,5,253077,7
8,5,253077,8
8,5,253077,9
8,5,253077,10
8,5,253077,11
8,5,253077,12
8,5,253077,13
8,5,253077,14
8,5,253077,15
8,5,253077,16
8,5,253077,17
8,5,253077,18
8,5,253077,19
8,5,253077,20
8,5,253077,21
8,5,253077,22
8,5,253077,23
8,5,253077,24
8,5,253077,25
8,5,253077,26
8,5,253077,27
8,5,253077,28
8,5,253077,29
8,5,253077,30
8,5,253077,31
8,5,253077,32
8,5,253077,33
8,5,253077,34
8,5,253077,35
8,5,253077,36
8,5,253077,37
8,5,253077,38
8,5,253077,39
8,5,253077,40
8,5,253077,41
8,5,253077,42
8,5,253077,43
8,5,253077,44
8,5,253077,45
8,5,253077,46
8,5,253077,47
8,5,253077,48
8,5,253077,49
8,5,253077,50
8,5,253077,51
8,5,253077,52
8,5,253077,53
8,5,253077,54
8,5,253077,55
8,5,253077,56
8,5,253077,57
8,5,253077,58
8,5,253077,59
8,5,253077,60
8,5,253077,61
8,5,253077,62
8,5,253077,63
8,5,253077,64
8,5,253077,65
8,5,253077,66
8,5,253077,67
8,5,253077,68
8,5,253077,69
8,5,253077,70
8,5,253077,71
8,5,253077,72
8,5,253077,73
8,5,253077,74
8,5,253077,75
8,5,253077,76
8,5,253077,77
8,5,253077,78
8,5,253077,79
8,9,378243,0
8,9,378243,1
8,9,378243,2
8,9,378243,3
8,9,378243,4
8,9,378243,5
8,9,378243,6
8,9,378243,7
8,9,378243,8
8,9,378243,9
8,9,378243,10
8,9,378243,11
8,9,378243,12
8,9,378243,13
8,9,378243,14
8,9,378243,15
8,9,378243,16
8,9,378243,17
8,9,378243,18
8,9,378243,19
8,9,378243,20
8,9,378243,21
8,9,378243,22
8,9,378243,23
8,9,378243,24
8,9,378243,25
8,9,378243,26
8,9,378243,27
8,9,378243,28
8,9,378243,29
8,9,378243,30
8,9,378243,31
8,9,378243,32
8,9,378243,33
8,9,378243,34
8,9,378243,35
8,9,378243,36
8,9,378243,37
8,9,378243,38
8,9,378243,39
8,9,378243,40
8,9,378243,41
8,9,378243,42
8,9,378243,43
8,9,378243,44
8,9,378243,45
8,9,378243,46
8,9,378243,47
8,9,378243,48
8,9,378243,49
8,9,378243,50
8,9,378243,51
8,9,378243,52
8,9,378243,53
8,9,378243,54
8,9,378243,55
8,9,378243,56
8,9,378243,57
8,9,378243,58
8,9,378243,59
8,9,378243,60
8,9,378243,61
8,9,378243,62
8,9,378243,63
8,9,378243,64
8,9,378243,65
8,9,378243,66
8,9,378243,67
8,9,378243,68
8,9,378243,69
8,9,378243,70
8,9,378243,71
8,9,378243,72
8,9,378243,73
8,9,378243,74
8,9,378243,75
8,9,378243,76
8,9,378243,77
8,9,378243,78
8,9,378243,79
8,21,471729,0
8,21,471729,1
8,21,471729,2
8,21,471729,3
8,21,471729,4
8,21,471729,5
8,21,471729,6
8,21,471729,7
8,21,471729,8
8,21,471729,9
8,21,471729,10
8,21,471729,11
8,21,471729,12
8,21,471729,13
8,21,471729,14
8,21,471729,15
8,21,471729,16
8,21,471729,17
8,21,471729,18
8,21,471729,19
8,21,471729,20
8,21,471729,21
8,21,471729,22
8,21,471729,23
8,21,471729,24
8,21,471729,25
8,21,471729,26
8,21,471729,27
8,21,471729,28
8,21,471729,29
8,21,471729,30
8,21,471729,31
8,21,471729,32
8,21,471729,33
8,21,471729,34
8,21,471729,35
8,21,471729,36
8,21,471729,37
8,21,471729,38
8,21,471729,39
8,21,471729,40
8,21,471729,41
8,21,471729,42
8,21,471729,43
8,21,471729,44
8,21,471729,45
8,21,471729,46
8,21,471729,47
8,21,471729,48
8,21,471729,49
8,21,471729,50
8,21,471729,51
8,21,471729,52
8,21,471729,53
8,21,471729,54
8,21,471729,55
8,21,471729,56
8,21,471729,57
8,21,471729,58
8,21,471729,59
8,21,471729,60
8,21,471729,61
8,21,471729,62
8,21,471729,63
8,21,471729,64
8,21,471729,65
8,21,471729,66
8,21,471729,67
8,21,471729,68
8,21,471729,69
8,21,471729,70
8,21,471729,71
8,21,471729,72
8,21,471729,73
8,21,471729,74
8,21,471729,75
8,21,471729,76
8,21,471729,77
8,21,471729,78
8,21,471729,79
8,12,6423,0
8,12,6423,1
8,12,6423,2
8,12,6423,3
8,12,6423,4
8,12,6423,5
8,12,6423,6
8,12,6423,7
8,12,6423,8
8,12,6423,9
8,12,6423,10
8,12,6423,11
8,12,6423,12
8,12,6423,13
8,12,6423,14
8,12,6423,15
8,12,6423,16
8,12,6423,17
8,12,6423,18
8,12,6423,19
8,12,6423,20
8,12,6423,21
8,12,6423,22
8,12,6423,23
8,12,6423,24
8,12,6423,25
8,12,6423,26
8,12,6423,27
8,12,6423,28
8,12,6423,29
8,12,6423,30
8,12,6423,31
8,12,6423,32
8,12,6423,33
8,12,6423,34
8,12,6423,35
8,12,6423,36
8,12,6423,37
8,12,6423,38
8,12,6423,39
8,12,6423,40
8,12,6423,41
8,12,6423,42
8,12,6423,43
8,12,6423,44
8,12,6423,45
8,12,6423,46
8,12,6423,47
8,12,6423,48
8,12,6423,49
8,12,6423,50
8,12,6423,51
8,12,6423,52
8,12,6423,53
8,12,6423,54
8,12,6423,55
8,12,6423,56
8,12,6423,57
8,12,6423,58
8,12,6423,59
8,12,6423,60
8,12,6423,61
8,12,6423,62
8,12,6423,63
8,12,6423,64
8,12,6423,65
8,12,6423,66
8,12,6423,67
8,12,6423,68
8,12,6423,69
8,12,6423,70
8,12,6423,71
8,12,6423,72
8,12,6423,73
8,12,6423,74
8,12,6423,75
8,12,6423,76
8,12,6423,77
8,12,6423,78
8,12,6423,79
8,14,880617,0
8,14,880617,1
8,14,880617,2
8,14,880617,3
8,14,880617,4
8,14,880617,5
8,14,880617,6
8,14,880617,7
8,14,880617,8
8,14,880617,9
8,14,880617,10
8,14,880617,11
8,14,880617,12
8,14,880617,13
8,14,880617,14
8,14,880617,15
8,14,880617,16
8,14,880617,17
8,14,880617,18
8,14,880617,19
8,14,880617,20
8,14,880617,21
8,14,880617,22
8,14,880617,23
8,14,880617,24
8,14,880617,25
8,14,880617,26
8,14,880617,27
8,14,880617,28
8,14,880617,29
8,14,880617,30
8,14,880617,31
8,14,880617,32
8,14,880617,33
8,14,880617,34
8,14,880617,35
8,14,880617,36
8,14,880617,37
8,14,880617,38
8,14,880617,39
8,14,880617,40
8,14,880617,41
8,14,880617,42
8,14,880617,43
8,14,880617,44
8,14,880617,45
8,14,880617,46
8,14,880617,47
8,14,880617,48
8,14,880617,49
8,14,880617,50
8,14,880617,51
8,14,880617,52
8,14,880617,53
8,14,880617,54
8,14,880617,55
8,14,880617,56
8,14,880617,57
8,14,880617,58
8,14,880617,59
8,14,880617,60
8,14,880617,61
8,14,880617,62
8,14,880617,63
8,14,880617,64
8,14,880617,65
8,14,880617,66
8,14,880617,67
8,14,880617,68
8,14,880617,69
8,14,880617,70
8,14,880617,71
8,14,880617,72
8,14,880617,73
8,14,880617,74
8,14,880617,75
8,14,880617,76
8,14,880617,77
8,14,880617,78
8,14,880617,79
8,39,405687,0
8,39,405687,1
8,39,405687,2
8,39,405687,3
8,39,405687,4
8,39,405687,5
8,39,405687,6
8,39,405687,7
8,39,405687,8
8,39,405687,9
8,39,405687,10
8,39,405687,11
8,39,405687,12
8,39,405687,13
8,39,405687,14
8,39,405687,15
8,39,405687,16
8,39,405687,17
8,39,405687,18
8,39,405687,19
8,39,405687,20
8,39,405687,21
8,39,405687,22
8,39,405687,23
8,39,405687,24
8,39,405687,25
8,39,405687,26
8,39,405687,27
8,39,405687,28
8,39,405687,29
8,39,405687,30
8,39,405687,31
8,39,405687,32
8,39,405687,33
8,39,405687,34
8,39,405687,35
8,39,405687,36
8,39,405687,37
8,39,405687,38
8,39,405687,39
8,39,405687,40
8,39,405687,41
8,39,405687,42
8,39,405687,43
8,39,405687,44
8,39,405687,45
8,39,405687,46
8,39,405687,47
8,39,405687,48
8,39,405687,49
8,39,405687,50
8,39,405687,51
8,39,405687,52
8,39,405687,53
8,39,405687,54
8,39,405687,55
8,39,405687,56
8,39,405687,57
8,39,405687,58
8,39,405687,59
8,39,405687,60
8,39,405687,61
8,39,405687,62
8,39,405687,63
8,39,405687,64
8,39,405687,65
8,39,405687,66
8,39,405687,67
8,39,405687,68
8,39,405687,69
8,39,405687,70
8,39,405687,71
8,39,405687,72
8,39,405687,73
8,39,405687,74
8,39,405687,75
8,39,405687,76
8,39,405687,77
8,39,405687,78
8,39,405687,79
8,18,7281,0
8,18,7281,1
8,18,7281,2
8,18,7281,3
8,18,7281,4
8,18,7281,5
8,18,7281,6
8,18,7281,7
8,18,7281,8
8,18,7281,9
8,18,7281,10
8,18,7281,11
8,18,7281,12
8,18,7281,13
8,18,7281,14
8,18,7281,15
8,18,7281,16
8,18,7281,17
8,18,7281,18
8,18,7281,19
8,18,7281,20
8,18,7281,21
8,18,7281,22
8,18,7281,23
8,18,7281,24
8,18,7281,25
8,18,7281,26
8,18,7281,27
8,18,7281,28
8,18,7281,29
8,18,7281,30
8,18,7281,31
8,18,7281,32
8,18,7281,33
8,18,7281,34
8,18,7281,35
8,18,7281,36
8,18,7281,37
8,18,7281,38
8,18,7281,39
8,18,7281,40
8,18,7281,41
8,18,7281,42
8,18,7281,43
8,18,7281,44
8,18,7281,45
8,18,7281,46
8,18,7281,47
8,18,7281,48
8,18,7281,49
8,18,7281,50
8,18,7281,51
8,18,7281,52
8,18,7281,53
8,18,7281,54
8,18,7281,55
8,18,7281,56
8,18,7281,57
8,18,7281,58
8,18,7281,59
8,18,7281,60
8,18,7281,61
8,18,7281,62
8,18,7281,63
8,18,7281,64
8,18,7281,65
8,18,7281,66
8,18,7281,67
8,18,7281,68
8,18,7281,69
8,18,7281,70
8,18,7281,71
8,18,7281,72
8,18,7281,73
8,18,7281,74
8,18,7281,75
8,18,7281,76
8,18,7281,77
8,18,7281,78
8,18,7281,79
8,20,190905,0
8,20,190905,1
8,20,190905,2
8,20,190905,3
8,20,190905,4
8,20,190905,5
8,20,190905,6
8,20,190905,7
8,20,190905,8
8,20,190905,9
8,20,190905,10
8,20,190905,11
8,20,190905,12
8,20,190905,13
8,20,190905,14
8,20,190905,15
8,20,190905,16
8,20,190905,17
8,20,190905,18
8,20,190905,19
8,20,190905,20
8,20,190905,21
8,20,190905,22
8,20,190905,23
8,20,190905,24
8,20,190905,25
8,20,190905,26
8,20,190905,27
8,20,190905,28
8,20,190905,29
8,20,190905,30
8,20,190905,31
8,20,190905,32
8,20,190905,33
8,20,190905,34
8,20,190905,35
8,20,190905,36
8,20,190905,37
8,20,190905,38
8,20,190905,39
8,20,190905,40
8,20,190905,41
8,20,190905,42
8,20,190905,43
8,20,190905,44
8,20,190905,45
8,20,190905,46
8,20,190905,47
8,20,190905,48
8,20,190905,49
8,20,190905,50
8,20,190905,51
8,20,190905,52
8,20,190905,53
8,20,190905,54
8,20,190905,55
8,20,190905,56
8,20,190905,57
8,20,190905,58
8,20,190905,59
8,20,190905,60
8,20,190905,61
8,20,190905,62
8,20,190905,63
8,20,190905,64
8,20,190905,65
8,20,190905,66
8,20,190905,67
8,20,190905,68
8,20,190905,69
8,20,190905,70
8,20,190905,71
8,20,190905,72
8,20,190905,73
8,20,190905,74
8,20,190905,75
8,20,190905,76
8,20,190905,77
8,20,190905,78
8,20,190905,79
8,27,285177,0
8,27,285177,1
8,27,285177,2
8,27,285177,3
8,27,285177,4
8,27,285177,5
8,27,285177,6
8,27,285177,7
8,27,285177,8
8,27,285177,9
8,27,285177,10
8,27,285177,11
8,27,285177,12
8,27,285177,13
8,27,285177,14
8,27,285177,15
8,27,285177,16
8,27,285177,17
8,27,285177,18
8,27,285177,19
8,27,285177,20
8,27,285177,21
8,27,285177,22
8,27,285177,23
8,27,285177,24
8,27,285177,25
8,27,285177,26
8,27,285177,27
8,27,285177,28
8,27,285177,29
8,27,285177,30
8,27,285177,31
8,27,285177,32
8,27,285177,33
8,27,285177,34
8,27,285177,35
8,27,285177,36
8,27,285177,37
8,27,285177,38
8,27,285177,39
8,27,285177,40
8,27,285177,41
8,27,285177,42
8,27,285177,43
8,27,285177,44
8,27,285177,45
8,27,285177,46
8,27,285177,47
8,27,285177,48
8,27,285177,49
8,27,285177,50
8,27,285177,51
8,27,285177,52
8,27,285177,53
8,27,285177,54
8,27,285177,55
8,27,285177,56
8,27,285177,57
8,27,285177,58
8,27,285177,59
8,27,285177,60
8,27,285177,61
8,27,285177,62
8,27,285177,63
8,27,285177,64
8,27,285177,65
8,27,285177,66
8,27,285177,67
8,27,285177,68
8,27,285177,69
8,27,285177,70
8,27,285177,71
8,27,285177,72
8,27,285177,73
8,27,285177,74
8,27,285177,75
8,27,285177,76
8,27,285177,77
8,27,285177,78
8,27,285177,79
8,29,4671,0
8,29,4671,1
8,29,4671,2
8,29,4671,3
8,29,4671,4
8,29,4671,5
8,29,4671,6
8,29,4671,7
8,29,4671,8
8,29,4671,9
8,29,4671,10
8,29,4671,11
8,29,4671,12
8,29,4671,13
8,29,4671,14
8,29,4671,15
8,29,4671,16
8,29,4671,17
8,29,4671,18
8,29,4671,19
8,29,4671,20
8,29,4671,21
8,29,4671,22
8,29,4671,23
8,29,4671,24
8,29,4671,25
8,29,4671,26
8,29,4671,27
8,29,4671,28
8,29,4671,29
8,29,4671,30
8,29,4671,31
8,29,4671,32
8,29,4671,33
8,29,4671,34
8,29,4671,35
8,29,4671,36
8,29,4671,37
8,29,4671,38
8,29,4671,39
8,29,4671,40
8,29,4671,41
8,29,4671,42
8,29,4671,43
8,29,4671,44
8,29,4671,45
8,29,4671,46
8,29,4671,47
8,29,4671,48
8,29,4671,49
8,29,4671,50
8,29,4671,51
8,29,4671,52
8,29,4671,53
8,29,4671,54
8,29,4671,55
8,29,4671,56
8,29,4671,57
8,29,4671,58
8,29,4671,59
8,29,4671,60
8,29,4671,61
8,29,4671,62
8,29,4671,63
8,29,4671,64
8,29,4671,65
8,29,4671,66
8,29,4671,67
8,29,4671,68
8,29,4671,69
8,29,4671,70
8,29,4671,71
8,29,4671,72
8,29,4671,73
8,29,4671,74
8,29,4671,75
8,29,4671,76
8,29,4671,77
8,29,4671,78
8,29,4671,79
9,0,5106,0
9,0,5106,1
9,0,5106,2
9,0,5106,3
9,0,5106,4
9,0,5106,5
9,0,5106,6
9,0,5106,7
9,0,5106,8
9,0,5106,9
9,0,5106,10
9,0,5106,11
9,0,5106,12
9,0,5106,13
9,0,5106,14
9,0,5106,15
9,0,5106,16
9,0,5106,17
9,0,5106,18
9,0,5106,19
9,0,5106,20
9,0,5106,21
9,0,5106,22
9,0,5106,23
9,0,5106,24
9,0,5106,25
9,0,5106,26
9,0,5106,27
9,0,5106,28
9,0,5106,29
9,0,5106,30
9,0,5106,31
9,0,5106,32
9,0,5106,33
9,0,5106,34
9,0,5106,35
9,0,5106,36
9,0,5106,37
9,0,5106,38
9,0,5106,39
9,0,5106,40
9,0,5106,41
9,0,5106,42
9,0,5106,43
9,0,5106,44
9,0,5106,45
9,0,5106,46
9,0,5106,47
9,0,5106,48
9,0,5106,49
9,0,5106,50
9,0,5106,51
9,0,5106,52
9,0,5106,53
9,0,5106,54
9,0,5106,55
9,0,5106,56
9,0,5106,57
9,0,5106,58
9,0,5106,59
9,0,5106,60
9,0,5106,61
9,0,5106,62
9,0,5106,63
9,0,5106,64
9,0,5106,65
9,0,5106,66
9,0,5106,67
9,0,5106,68
9,0,5106,69
9,0,5106,70
9,0,5106,71
9,0,5106,72
9,0,5106,73
9,0,5106,74
9,0,5106,75
9,0,5106,76
9,0,5106,77
9,0,5106,78
9,0,5106,79
9,5,177327,0
9,5,177327,1
9,5,177327,2
9,5,177327,3
9,5,177327,4
9,5,177327,5
9,5,177327,6
9,5,177327,7
9,5,177327,8
9,5,177327,9
9,5,177327,10
9,5,177327,11
9,5,177327,12
9,5,177327,13
9,5,177327,14
9,5,177327,15
9,5,177327,16
9,5,177327,17
9,5,177327,18
9,5,177327,19
9,5,177327,20
9,5,177327,21
9,5,177327,22
9,5,177327,23
9,5,177327,24
9,5,177327,25
9,5,177327,26
9,5,177327,27
9,5,177327,28
9,5,177327,29
9,5,177327,30
9,5,177327,31
9,5,177327,32
9,5,177327,33
9,5,177327,34
9,5,177327,35
9,5,177327,36
9,5,177327,37
9,5,177327,38
9,5,177327,39
9,5,177327,40
9,5,177327,41
9,5,177327,42
9,5,177327,43
9,5,177327,44
9,5,177327,45
9,5,177327,46
9,5,177327,47
9,5,177327,48
9,5,177327,49
9,5,177327,50
9,5,177327,51
9,5,177327,52
9,5,177327,53
9,5,177327,54
9,5,177327,55
9,5,177327,56
9,5,177327,57
9,5,177327,58
9,5,177327,59
9,5,177327,60
9,5,177327,61
9,5,177327,62
9,5,177327,63
9,5,177327,64
9,5,177327,65
9,5,177327,66
9,5,177327,67
9,5,177327,68
9,5,177327,69
9,5,177327,70
9,5,177327,71
9,5,177327,72
9,5,177327,73
9,5,177327,74
9,5,177327,75
9,5,177327,76
9,5,177327,77
9,5,177327,78
9,5,177327,79
9,21,11175,0
9,21,11175,1
9,21,11175,2
9,21,11175,3
9,21,11175,4
9,21,11175,5
9,21,11175,6
9,21,11175,7
9,21,11175,8
9,21,11175,9
9,21,11175,10
9,21,11175,11
9,21,11175,12
9,21,11175,13
9,21,11175,14
9,21,11175,15
9,21,11175,16
9,21,11175,17
9,21,11175,18
9,21,11175,19
9,21,11175,20
9,21,11175,21
9,21,11175,22
9,21,11175,23
9,21,11175,24
9,21,11175,25
9,21,11175,26
9,21,11175,27
9,21,11175,28
9,21,11175,29
9,21,11175,30
9,21,11175,31
9,21,11175,32
9,21,11175,33
9,21,11175,34
9,21,11175,35
9,21,11175,36
9,21,11175,37
9,21,11175,38
9,21,11175,39
9,21,11175,40
9,21,11175,41
9,21,11175,42
9,21,11175,43
9,21,11175,44
9,21,11175,45
9,21,11175,46
9,21,11175,47
9,21,11175,48
9,21,11175,49
9,21,11175,50
9,21,11175,51
9,21,11175,52
9,21,11175,53
9,21,11175,54
9,21,11175,55
9,21,11175,56
9,21,11175,57
9,21,11175,58
9,21,11175,59
9,21,11175,60
9,21,11175,61
9,21,11175,62
9,21,11175,63
9,21,11175,64
9,21,11175,65
9,21,11175,66
9,21,11175,67
9,21,11175,68
9,21,11175,69
9,21,11175,70
9,21,11175,71
9,21,11175,72
9,21,11175,73
9,21,11175,74
9,21,11175,75
9,21,11175,76
9,21,11175,77
9,21,11175,78
9,21,11175,79
9,14,5205,0
9,14,5205,1
9,14,5205,2
9,14,5205,3
9,14,5205,4
9,14,5205,5
9,14,5205,6
9,14,5205,7
9,14,5205,8
9,14,5205,9
9,14,5205,10
9,14,5205,11
9,14,5205,12
9,14,5205,13
9,14,5205,14
9,14,5205,15
9,14,5205,16
9,14,5205,17
9,14,5205,18
9,14,5205,19
9,14,5205,20
9,14,5205,21
9,14,5205,22
9,14,5205,23
9,14,5205,24
9,14,5205,25
9,14,5205,26
9,14,5205,27
9,14,5205,28
9,14,5205,29
9,14,5205,30
9,14,5205,31
9,14,5205,32
9,14,5205,33
9,14,5205,34
9,14,5205,35
9,14,5205,36
9,14,5205,37
9,14,5205,38
9,14,5205,39
9,14,5205,40
9,14,5205,41
9,14,5205,42
9,14,5205,43
9,14,5205,44
9,14,5205,45
9,14,5205,46
9,14,5205,47
9,14,5205,48
9,14,5205,49
9,14,5205,50
9,14,5205,51
9,14,5205,52
9,14,5205,53
9,14,5205,54
9,14,5205,55
9,14,5205,56
9,14,5205,57
9,14,5205,58
9,14,5205,59
9,14,5205,60
9,14,5205,61
9,14,5205,62
9,14,5205,63
9,14,5205,64
9,14,5205,65
9,14,5205,66
9,14,5205,67
9,14,5205,68
9,14,5205,69
9,14,5205,70
9,14,5205,71
9,14,5205,72
9,14,5205,73
9,14,5205,74
9,14,5205,75
9,14,5205,76
9,14,5205,77
9,14,5205,78
9,14,5205,79
9,20,102477,0
9,20,102477,1
9,20,102477,2
9,20,102477,3
9,20,102477,4
9,20,102477,5
9,20,102477,6
9,20,102477,7
9,20,102477,8
9,20,102477,9
9,20,102477,10
9,20,102477,11
9,20,102477,12
9,20,102477,13
9,20,102477,14
9,20,102477,15
9,20,102477,16
9,20,102477,17
9,20,102477,18
9,20,102477,19
9,20,102477,20
9,20,102477,21
9,20,102477,22
9,20,102477,23
9,20,102477,24
9,20,102477,25
9,20,102477,26
9,20,102477,27
9,20,102477,28
9,20,102477,29
9,20,102477,30
9,20,102477,31
9,20,102477,32
9,20,102477,33
9,20,102477,34
9,20,102477,35
9,20,102477,36
9,20,102477,37
9,20,102477,38
9,20,102477,39
9,20,102477,40
9,20,102477,41
9,20,102477,42
9,20,102477,43
9,20,102477,44
9,20,102477,45
9,20,102477,46
9,20,102477,47
9,20,102477,48
9,20,102477,49
9,20,102477,50
9,20,102477,51
9,20,102477,52
9,20,102477,53
9,20,102477,54
9,20,102477,55
9,20,102477,56
9,20,102477,57
9,20,102477,58
9,20,102477,59
9,20,102477,60
9,20,102477,61
9,20,102477,62
9,20,102477,63
9,20,102477,64
9,20,102477,65
9,20,102477,66
9,20,102477,67
9,20,102477,68
9,20,102477,69
9,20,102477,70
9,20,102477,71
9,20,102477,72
9,20,102477,73
9,20,102477,74
9,20,102477,75
9,20,102477,76
9,20,102477,77
9,20,102477,78
9,20,102477,79
9,27,14112,0
9,27,14112,1
9,27,14112,2
9,27,14112,3
9,27,14112,4
9,27,14112,5
9,27,14112,6
9,27,14112,7
9,27,14112,8
9,27,14112,9
9,27,14112,10
9,27,14112,11
9,27,14112,12
9,27,14112,13
9,27,14112,14
9,27,14112,15
9,27,14112,16
9,27,14112,17
9,27,14112,18
9,27,14112,19
9,27,14112,20
9,27,14112,21
9,27,14112,22
9,27,14112,23
9,27,14112,24
9,27,14112,25
9,27,14112,26
9,27,14112,27
9,27,14112,28
9,27,14112,29
9,27,14112,30
9,27,14112,31
9,27,14112,32
9,27,14112,33
9,27,14112,34
9,27,14112,35
9,27,14112,36
9,27,14112,37
9,27,14112,38
9,27,14112,39
9,27,14112,40
9,27,14112,41
9,27,14112,42
9,27,14112,43
9,27,14112,44
9,27,14112,45
9,27,14112,46
9,27,14112,47
9,27,14112,48
9,27,14112,49
9,27,14112,50
9,27,14112,51
9,27,14112,52
9,27,14112,53
9,27,14112,54
9,27,14112,55
9,27,14112,56
9,27,14112,57
9,27,14112,58
9,27,14112,59
9,27,14112,60
9,27,14112,61
9,27,14112,62
9,27,14112,63
9,27,14112,64
9,27,14112,65
9,27,14112,66
9,27,14112,67
9,27,14112,68
9,27,14112,69
9,27,14112,70
9,27,14112,71
9,27,14112,72
9,27,14112,73
9,27,14112,74
9,27,14112,75
9,27,14112,76
9,27,14112,77
9,27,14112,78
9,27,14112,79
21,0,83286,0
21,0,83286,1
21,0,83286,2
21,0,83286,3
21,0,83286,4
21,0,83286,5
21,0,83286,6
21,0,83286,7
21,0,83286,8
21,0,83286,9
21,0,83286,10
21,0,83286,11
21,0,83286,12
21,0,83286,13
21,0,83286,14
21,0,83286,15
21,0,83286,16
21,0,83286,17
21,0,83286,18
21,0,83286,19
21,0,83286,20
21,0,83286,21
21,0,83286,22
21,0,83286,23
21,0,83286,24
21,0,83286,25
21,0,83286,26
21,0,83286,27
21,0,83286,28
21,0,83286,29
21,0,83286,30
21,0,83286,31
21,0,83286,32
21,0,83286,33
21,0,83286,34
21,0,83286,35
21,0,83286,36
21,0,83286,37
21,0,83286,38
21,0,83286,39
21,0,83286,40
21,0,83286,41
21,0,83286,42
21,0,83286,43
21,0,83286,44
21,0,83286,45
21,0,83286,46
21,0,83286,47
21,0,83286,48
21,0,83286,49
21,0,83286,50
21,0,83286,51
21,0,83286,52
21,0,83286,53
21,0,83286,54
21,0,83286,55
21,0,83286,56
21,0,83286,57
21,0,83286,58
21,0,83286,59
21,0,83286,60
21,0,83286,61
21,0,83286,62
21,0,83286,63
21,0,83286,64
21,0,83286,65
21,0,83286,66
21,0,83286,67
21,0,83286,68
21,0,83286,69
21,0,83286,70
21,0,83286,71
21,0,83286,72
21,0,83286,73
21,0,83286,74
21,0,83286,75
21,0,83286,76
21,0,83286,77
21,0,83286,78
21,0,83286,79
21,26,57027,0
21,26,57027,1
21,26,57027,2
21,26,57027,3
21,26,57027,4
21,26,57027,5
21,26,57027,6
21,26,57027,7
21,26,57027,8
21,26,57027,9
21,26,57027,10
21,26,57027,11
21,26,57027,12
21,26,57027,13
21,26,57027,14
21,26,57027,15
21,26,57027,16
21,26,57027,17
21,26,57027,18
21,26,57027,19
21,26,57027,20
21,26,57027,21
21,26,57027,22
21,26,57027,23
21,26,57027,24
21,26,57027,25
21,26,57027,26
21,26,57027,27
21,26,57027,28
21,26,57027,29
21,26,57027,30
21,26,57027,31
21,26,57027,32
21,26,57027,33
21,26,57027,34
21,26,57027,35
21,26,57027,36
21,26,57027,37
21,26,57027,38
21,26,57027,39
21,26,57027,40
21,26,57027,41
21,26,57027,42
21,26,57027,43
21,26,57027,44
21,26,57027,45
21,26,57027,46
21,26,57027,47
21,26,57027,48
21,26,57027,49
21,26,57027,50
21,26,57027,51
21,26,57027,52
21,26,57027,53
21,26,57027,54
21,26,57027,55
21,26,57027,56
21,26,57027,57
21,26,57027,58
21,26,57027,59
21,26,57027,60
21,26,57027,61
21,26,57027,62
21,26,57027,63
21,26,57027,64
21,26,57027,65
21,26,57027,66
21,26,57027,67
21,26,57027,68
21,26,57027,69
21,26,57027,70
21,26,57027,71
21,26,57027,72
21,26,57027,73
21,26,57027,74
21,26,57027,75
21,26,57027,76
21,26,57027,77
21,26,57027,78
21,26,57027,79
21,1,174285,0
21,1,174285,1
21,1,174285,2
21,1,174285,3
21,1,174285,4
21,1,174285,5
21,1,174285,6
21,1,174285,7
21,1,174285,8
21,1,174285,9
21,1,174285,10
21,1,174285,11
21,1,174285,12
21,1,174285,13
21,1,174285,14
21,1,174285,15
21,1,174285,16
21,1,174285,17
21,1,174285,18
21,1,174285,19
21,1,174285,20
21,1,174285,21
21,1,174285,22
21,1,174285,23
21,1,174285,24
21,1,174285,25
21,1,174285,26
21,1,174285,27
21,1,174285,28
21,1,174285,29
21,1,174285,30
21,1,174285,31
21,1,174285,32
21,1,174285,33
21,1,174285,34
21,1,174285,35
21,1,174285,36
21,1,174285,37
21,1,174285,38
21,1,174285,39
21,1,174285,40
21,1,174285,41
21,1,174285,42
21,1,174285,43
21,1,174285,44
21,1,174285,45
21,1,174285,46
21,1,174285,47
21,1,174285,48
21,1,174285,49
21,1,174285,50
21,1,174285,51
21,1,174285,52
21,1,174285,53
21,1,174285,54
21,1,174285,55
21,1,174285,56
21,1,174285,57
21,1,174285,58
21,1,174285,59
21,1,174285,60
21,1,174285,61
21,1,174285,62
21,1,174285,63
21,1,174285,64
21,1,174285,65
21,1,174285,66
21,1,174285,67
21,1,174285,68
21,1,174285,69
21,1,174285,70
21,1,174285,71
21,1,174285,72
21,1,174285,73
21,1,174285,74
21,1,174285,75
21,1,174285,76
21,1,174285,77
21,1,174285,78
21,1,174285,79
21,19,77640,0
21,19,77640,1
21,19,77640,2
21,19,77640,3
21,19,77640,4
21,19,77640,5
21,19,77640,6
21,19,77640,7
21,19,77640,8
21,19,77640,9
21,19,77640,10
21,19,77640,11
21,19,77640,12
21,19,77640,13
21,19,77640,14
21,19,77640,15
21,19,77640,16
21,19,77640,17
21,19,77640,18
21,19,77640,19
21,19,77640,20
21,19,77640,21
21,19,77640,22
21,19,77640,23
21,19,77640,24
21,19,77640,25
21,19,77640,26
21,19,77640,27
21,19,77640,28
21,19,77640,29
21,19,77640,30
21,19,77640,31
21,19,77640,32
21,19,77640,33
21,19,77640,34
21,19,77640,35
21,19,77640,36
21,19,77640,37
21,19,77640,38
21,19,77640,39
21,19,77640,40
21,19,77640,41
21,19,77640,42
21,19,77640,43
21,19,77640,44
21,19,77640,45
21,19,77640,46
21,19,77640,47
21,19,77640,48
21,19,77640,49
21,19,77640,50
21,19,77640,51
21,19,77640,52
21,19,77640,53
21,19,77640,54
21,19,77640,55
21,19,77640,56
21,19,77640,57
21,19,77640,58
21,19,77640,59
21,19,77640,60
21,19,77640,61
21,19,77640,62
21,19,77640,63
21,19,77640,64
21,19,77640,65
21,19,77640,66
21,19,77640,67
21,19,77640,68
21,19,77640,69
21,19,77640,70
21,19,77640,71
21,19,77640,72
21,19,77640,73
21,19,77640,74
21,19,77640,75
21,19,77640,76
21,19,77640,77
21,19,77640,78
21,19,77640,79
21,17,58482,0
21,17,58482,1
21,17,58482,2
21,17,58482,3
21,17,58482,4
21,17,58482,5
21,17,58482,6
21,17,58482,7
21,17,58482,8
21,17,58482,9
21,17,58482,10
21,17,58482,11
21,17,58482,12
21,17,58482,13
21,17,58482,14
21,17,58482,15
21,17,58482,16
21,17,58482,17
21,17,58482,18
21,17,58482,19
21,17,58482,20
21,17,58482,21
21,17,58482,22
21,17,58482,23
21,17,58482,24
21,17,58482,25
21,17,58482,26
21,17,58482,27
21,17,58482,28
21,17,58482,29
21,17,58482,30
21,17,58482,31
21,17,58482,32
21,17,58482,33
21,17,58482,34
21,17,58482,35
21,17,58482,36
21,17,58482,37
21,17,58482,38
21,17,58482,39
21,17,58482,40
21,17,58482,41
21,17,58482,42
21,17,58482,43
21,17,58482,44
21,17,58482,45
21,17,58482,46
21,17,58482,47
21,17,58482,48
21,17,58482,49
21,17,58482,50
21,17,58482,51
21,17,58482,52
21,17,58482,53
21,17,58482,54
21,17,58482,55
21,17,58482,56
21,17,58482,57
21,17,58482,58
21,17,58482,59
21,17,58482,60
21,17,58482,61
21,17,58482,62
21,17,58482,63
21,17,58482,64
21,17,58482,65
21,17,58482,66
21,17,58482,67
21,17,58482,68
21,17,58482,69
21,17,58482,70
21,17,58482,71
21,17,58482,72
21,17,58482,73
21,17,58482,74
21,17,58482,75
21,17,58482,76
21,17,58482,77
21,17,58482,78
21,17,58482,79
21,3,6987,0
21,3,6987,1
21,3,6987,2
21,3,6987,3
21,3,6987,4
21,3,6987,5
21,3,6987,6
21,3,6987,7
21,3,6987,8
21,3,6987,9
21,3,6987,10
21,3,6987,11
21,3,6987,12
21,3,6987,13
21,3,6987,14
21,3,6987,15
21,3,6987,16
21,3,6987,17
21,3,6987,18
21,3,6987,19
21,3,6987,20
21,3,6987,21
21,3,6987,22
21,3,6987,23
21,3,6987,24
21,3,6987,25
21,3,6987,26
21,3,6987,27
21,3,6987,28
21,3,6987,29
21,3,6987,30
21,3,6987,31
21,3,6987,32
21,3,6987,33
21,3,6987,34
21,3,6987,35
21,3,6987,36
21,3,6987,37
21,3,6987,38
21,3,6987,39
21,3,6987,40
21,3,6987,41
21,3,6987,42
21,3,6987,43
21,3,6987,44
21,3,6987,45
21,3,6987,46
21,3,6987,47
21,3,6987,48
21,3,6987,49
21,3,6987,50
21,3,6987,51
21,3,6987,52
21,3,6987,53
21,3,6987,54
21,3,6987,55
21,3,6987,56
21,3,6987,57
21,3,6987,58
21,3,6987,59
21,3,6987,60
21,3,6987,61
21,3,6987,62
21,3,6987,63
21,3,6987,64
21,3,6987,65
21,3,6987,66
21,3,6987,67
21,3,6987,68
21,3,6987,69
21,3,6987,70
21,3,6987,71
21,3,6987,72
21,3,6987,73
21,3,6987,74
21,3,6987,75
21,3,6987,76
21,3,6987,77
21,3,6987,78
21,3,6987,79
21,5,289821,0
21,5,289821,1
21,5,289821,2
21,5,289821,3
21,5,289821,4
21,5,289821,5
21,5,289821,6
21,5,289821,7
21,5,289821,8
21,5,289821,9
21,5,289821,10
21,5,289821,11
21,5,289821,12
21,5,289821,13
21,5,289821,14
21,5,289821,15
21,5,289821,16
21,5,289821,17
21,5,289821,18
21,5,289821,19
21,5,289821,20
21,5,289821,21
21,5,289821,22
21,5,289821,23
21,5,289821,24
21,5,289821,25
21,5,289821,26
21,5,289821,27
21,5,289821,28
21,5,289821,29
21,5,289821,30
21,5,289821,31
21,5,289821,32
21,5,289821,33
21,5,289821,34
21,5,289821,35
21,5,289821,36
21,5,289821,37
21,5,289821,38
21,5,289821,39
21,5,289821,40
21,5,289821,41
21,5,289821,42
21,5,289821,43
21,5,289821,44
21,5,289821,45
21,5,289821,46
21,5,289821,47
21,5,289821,48
21,5,289821,49
21,5,289821,50
21,5,289821,51
21,5,289821,52
21,5,289821,53
21,5,289821,54
21,5,289821,55
21,5,289821,56
21,5,289821,57
21,5,289821,58
21,5,289821,59
21,5,289821,60
21,5,289821,61
21,5,289821,62
21,5,289821,63
21,5,289821,64
21,5,289821,65
21,5,289821,66
21,5,289821,67
21,5,289821,68
21,5,289821,69
21,5,289821,70
21,5,289821,71
21,5,289821,72
21,5,289821,73
21,5,289821,74
21,5,289821,75
21,5,289821,76
21,5,289821,77
21,5,289821,78
21,5,289821,79
21,8,5934,0
21,8,5934,1
21,8,5934,2
21,8,5934,3
21,8,5934,4
21,8,5934,5
21,8,5934,6
21,8,5934,7
21,8,5934,8
21,8,5934,9
21,8,5934,10
21,8,5934,11
21,8,5934,12
21,8,5934,13
21,8,5934,14
21,8,5934,15
21,8,5934,16
21,8,5934,17
21,8,5934,18
21,8,5934,19
21,8,5934,20
21,8,5934,21
21,8,5934,22
21,8,5934,23
21,8,5934,24
21,8,5934,25
21,8,5934,26
21,8,5934,27
21,8,5934,28
21,8,5934,29
21,8,5934,30
21,8,5934,31
21,8,5934,32
21,8,5934,33
21,8,5934,34
21,8,5934,35
21,8,5934,36
21,8,5934,37
21,8,5934,38
21,8,5934,39
21,8,5934,40
21,8,5934,41
21,8,5934,42
21,8,5934,43
21,8,5934,44
21,8,5934,45
21,8,5934,46
21,8,5934,47
21,8,5934,48
21,8,5934,49
21,8,5934,50
21,8,5934,51
21,8,5934,52
21,8,5934,53
21,8,5934,54
21,8,5934,55
21,8,5934,56
21,8,5934,57
21,8,5934,58
21,8,5934,59
21,8,5934,60
21,8,5934,61
21,8,5934,62
21,8,5934,63
21,8,5934,64
21,8,5934,65
21,8,5934,66
21,8,5934,67
21,8,5934,68
21,8,5934,69
21,8,5934,70
21,8,5934,71
21,8,5934,72
21,8,5934,73
21,8,5934,74
21,8,5934,75
21,8,5934,76
21,8,5934,77
21,8,5934,78
21,8,5934,79
21,9,459597,0
21,9,459597,1
21,9,459597,2
21,9,459597,3
21,9,459597,4
21,9,459597,5
21,9,459597,6
21,9,459597,7
21,9,459597,8
21,9,459597,9
21,9,459597,10
21,9,459597,11
21,9,459597,12
21,9,459597,13
21,9,459597,14
21,9,459597,15
21,9,459597,16
21,9,459597,17
21,9,459597,18
21,9,459597,19
21,9,459597,20
21,9,459597,21
21,9,459597,22
21,9,459597,23
21,9,459597,24
21,9,459597,25
21,9,459597,26
21,9,459597,27
21,9,459597,28
21,9,459597,29
21,9,459597,30
21,9,459597,31
21,9,459597,32
21,9,459597,33
21,9,459597,34
21,9,459597,35
21,9,459597,36
21,9,459597,37
21,9,459597,38
21,9,459597,39
21,9,459597,40
21,9,459597,41
21,9,459597,42
21,9,459597,43
21,9,459597,44
21,9,459597,45
21,9,459597,46
21,9,459597,47
21,9,459597,48
21,9,459597,49
21,9,459597,50
21,9,459597,51
21,9,459597,52
21,9,459597,53
21,9,459597,54
21,9,459597,55
21,9,459597,56
21,9,459597,57
21,9,459597,58
21,9,459597,59
21,9,459597,60
21,9,459597,61
21,9,459597,62
21,9,459597,63
21,9,459597,64
21,9,459597,65
21,9,459597,66
21,9,459597,67
21,9,459597,68
21,9,459597,69
21,9,459597,70
21,9,459597,71
21,9,459597,72
21,9,459597,73
21,9,459597,74
21,9,459597,75
21,9,459597,76
21,9,459597,77
21,9,459597,78
21,9,459597,79
21,12,4875,0
21,12,4875,1
21,12,4875,2
21,12,4875,3
21,12,4875,4
21,12,4875,5
21,12,4875,6
21,12,4875,7
21,12,4875,8
21,12,4875,9
21,12,4875,10
21,12,4875,11
21,12,4875,12
21,12,4875,13
21,12,4875,14
21,12,4875,15
21,12,4875,16
21,12,4875,17
21,12,4875,18
21,12,4875,19
21,12,4875,20
21,12,4875,21
21,12,4875,22
21,12,4875,23
21,12,4875,24
21,12,4875,25
21,12,4875,26
21,12,4875,27
21,12,4875,28
21,12,4875,29
21,12,4875,30
21,12,4875,31
21,12,4875,32
21,12,4875,33
21,12,4875,34
21,12,4875,35
21,12,4875,36
21,12,4875,37
21,12,4875,38
21,12,4875,39
21,12,4875,40
21,12,4875,41
21,12,4875,42
21,12,4875,43
21,12,4875,44
21,12,4875,45
21,12,4875,46
21,12,4875,47
21,12,4875,48
21,12,4875,49
21,12,4875,50
21,12,4875,51
21,12,4875,52
21,12,4875,53
21,12,4875,54
21,12,4875,55
21,12,4875,56
21,12,4875,57
21,12,4875,58
21,12,4875,59
21,12,4875,60
21,12,4875,61
21,12,4875,62
21,12,4875,63
21,12,4875,64
21,12,4875,65
21,12,4875,66
21,12,4875,67
21,12,4875,68
21,12,4875,69
21,12,4875,70
21,12,4875,71
21,12,4875,72
21,12,4875,73
21,12,4875,74
21,12,4875,75
21,12,4875,76
21,12,4875,77
21,12,4875,78
21,12,4875,79
21,14,479145,0
21,14,479145,1
21,14,479145,2
21,14,479145,3
21,14,479145,4
21,14,479145,5
21,14,479145,6
21,14,479145,7
21,14,479145,8
21,14,479145,9
21,14,479145,10
21,14,479145,11
21,14,479145,12
21,14,479145,13
21,14,479145,14
21,14,479145,15
21,14,479145,16
21,14,479145,17
21,14,479145,18
21,14,479145,19
21,14,479145,20
21,14,479145,21
21,14,479145,22
21,14,479145,23
21,14,479145,24
21,14,479145,25
21,14,479145,26
21,14,479145,27
21,14,479145,28
21,14,479145,29
21,14,479145,30
21,14,479145,31
21,14,479145,32
21,14,479145,33
21,14,479145,34
21,14,479145,35
21,14,479145,36
21,14,479145,37
21,14,479145,38
21,14,479145,39
21,14,479145,40
21,14,479145,41
21,14,479145,42
21,14,479145,43
21,14,479145,44
21,14,479145,45
21,14,479145,46
21,14,479145,47
21,14,479145,48
21,14,479145,49
21,14,479145,50
21,14,479145,51
21,14,479145,52
21,14,479145,53
21,14,479145,54
21,14,479145,55
21,14,479145,56
21,14,479145,57
21,14,479145,58
21,14,479145,59
21,14,479145,60
21,14,479145,61
21,14,479145,62
21,14,479145,63
21,14,479145,64
21,14,479145,65
21,14,479145,66
21,14,479145,67
21,14,479145,68
21,14,479145,69
21,14,479145,70
21,14,479145,71
21,14,479145,72
21,14,479145,73
21,14,479145,74
21,14,479145,75
21,14,479145,76
21,14,479145,77
21,14,479145,78
21,14,479145,79
21,39,270651,0
21,39,270651,1
21,39,270651,2
21,39,270651,3
21,39,270651,4
21,39,270651,5
21,39,270651,6
21,39,270651,7
21,39,270651,8
21,39,270651,9
21,39,270651,10
21,39,270651,11
21,39,270651,12
21,39,270651,13
21,39,270651,14
21,39,270651,15
21,39,270651,16
21,39,270651,17
21,39,270651,18
21,39,270651,19
21,39,270651,20
21,39,270651,21
21,39,270651,22
21,39,270651,23
21,39,270651,24
21,39,270651,25
21,39,270651,26
21,39,270651,27
21,39,270651,28
21,39,270651,29
21,39,270651,30
21,39,270651,31
21,39,270651,32
21,39,270651,33
21,39,270651,34
21,39,270651,35
21,39,270651,36
21,39,270651,37
21,39,270651,38
21,39,270651,39
21,39,270651,40
21,39,270651,41
21,39,270651,42
21,39,270651,43
21,39,270651,44
21,39,270651,45
21,39,270651,46
21,39,270651,47
21,39,270651,48
21,39,270651,49
21,39,270651,50
21,39,270651,51
21,39,270651,52
21,39,270651,53
21,39,270651,54
21,39,270651,55
21,39,270651,56
21,39,270651,57
21,39,270651,58
21,39,270651,59
21,39,270651,60
21,39,270651,61
21,39,270651,62
21,39,270651,63
21,39,270651,64
21,39,270651,65
21,39,270651,66
21,39,270651,67
21,39,270651,68
21,39,270651,69
21,39,270651,70
21,39,270651,71
21,39,270651,72
21,39,270651,73
21,39,270651,74
21,39,270651,75
21,39,270651,76
21,39,270651,77
21,39,270651,78
21,39,270651,79
21,18,5337,0
21,18,5337,1
21,18,5337,2
21,18,5337,3
21,18,5337,4
21,18,5337,5
21,18,5337,6
21,18,5337,7
21,18,5337,8
21,18,5337,9
21,18,5337,10
21,18,5337,11
21,18,5337,12
21,18,5337,13
21,18,5337,14
21,18,5337,15
21,18,5337,16
21,18,5337,17
21,18,5337,18
21,18,5337,19
21,18,5337,20
21,18,5337,21
21,18,5337,22
21,18,5337,23
21,18,5337,24
21,18,5337,25
21,18,5337,26
21,18,5337,27
21,18,5337,28
21,18,5337,29
21,18,5337,30
21,18,5337,31
21,18,5337,32
21,18,5337,33
21,18,5337,34
21,18,5337,35
21,18,5337,36
21,18,5337,37
21,18,5337,38
21,18,5337,39
21,18,5337,40
21,18,5337,41
21,18,5337,42
21,18,5337,43
21,18,5337,44
21,18,5337,45
21,18,5337,46
21,18,5337,47
21,18,5337,48
21,18,5337,49
21,18,5337,50
21,18,5337,51
21,18,5337,52
21,18,5337,53
21,18,5337,54
21,18,5337,55
21,18,5337,56
21,18,5337,57
21,18,5337,58
21,18,5337,59
21,18,5337,60
21,18,5337,61
21,18,5337,62
21,18,5337,63
21,18,5337,64
21,18,5337,65
21,18,5337,66
21,18,5337,67
21,18,5337,68
21,18,5337,69
21,18,5337,70
21,18,5337,71
21,18,5337,72
21,18,5337,73
21,18,5337,74
21,18,5337,75
21,18,5337,76
21,18,5337,77
21,18,5337,78
21,18,5337,79
21,20,246141,0
21,20,246141,1
21,20,246141,2
21,20,246141,3
21,20,246141,4
21,20,246141,5
21,20,246141,6
21,20,246141,7
21,20,246141,8
21,20,246141,9
21,20,246141,10
21,20,246141,11
21,20,246141,12
21,20,246141,13
21,20,246141,14
21,20,246141,15
21,20,246141,16
21,20,246141,17
21,20,246141,18
21,20,246141,19
21,20,246141,20
21,20,246141,21
21,20,246141,22
21,20,246141,23
21,20,246141,24
21,20,246141,25
21,20,246141,26
21,20,246141,27
21,20,246141,28
21,20,246141,29
21,20,246141,30
21,20,246141,31
21,20,246141,32
21,20,246141,33
21,20,246141,34
21,20,246141,35
21,20,246141,36
21,20,246141,37
21,20,246141,38
21,20,246141,39
21,20,246141,40
21,20,246141,41
21,20,246141,42
21,20,246141,43
21,20,246141,44
21,20,246141,45
21,20,246141,46
21,20,246141,47
21,20,246141,48
21,20,246141,49
21,20,246141,50
21,20,246141,51
21,20,246141,52
21,20,246141,53
21,20,246141,54
21,20,246141,55
21,20,246141,56
21,20,246141,57
21,20,246141,58
21,20,246141,59
21,20,246141,60
21,20,246141,61
21,20,246141,62
21,20,246141,63
21,20,246141,64
21,20,246141,65
21,20,246141,66
21,20,246141,67
21,20,246141,68
21,20,246141,69
21,20,246141,70
21,20,246141,71
21,20,246141,72
21,20,246141,73
21,20,246141,74
21,20,246141,75
21,20,246141,76
21,20,246141,77
21,20,246141,78
21,20,246141,79
21,27,436914,0
21,27,436914,1
21,27,436914,2
21,27,436914,3
21,27,436914,4
21,27,436914,5
21,27,436914,6
21,27,436914,7
21,27,436914,8
21,27,436914,9
21,27,436914,10
21,27,436914,11
21,27,436914,12
21,27,436914,13
21,27,436914,14
21,27,436914,15
21,27,436914,16
21,27,436914,17
21,27,436914,18
21,27,436914,19
21,27,436914,20
21,27,436914,21
21,27,436914,22
21,27,436914,23
21,27,436914,24
21,27,436914,25
21,27,436914,26
21,27,436914,27
21,27,436914,28
21,27,436914,29
21,27,436914,30
21,27,436914,31
21,27,436914,32
21,27,436914,33
21,27,436914,34
21,27,436914,35
21,27,436914,36
21,27,436914,37
21,27,436914,38
21,27,436914,39
21,27,436914,40
21,27,436914,41
21,27,436914,42
21,27,436914,43
21,27,436914,44
21,27,436914,45
21,27,436914,46
21,27,436914,47
21,27,436914,48
21,27,436914,49
21,27,436914,50
21,27,436914,51
21,27,436914,52
21,27,436914,53
21,27,436914,54
21,27,436914,55
21,27,436914,56
21,27,436914,57
21,27,436914,58
21,27,436914,59
21,27,436914,60
21,27,436914,61
21,27,436914,62
21,27,436914,63
21,27,436914,64
21,27,436914,65
21,27,436914,66
21,27,436914,67
21,27,436914,68
21,27,436914,69
21,27,436914,70
21,27,436914,71
21,27,436914,72
21,27,436914,73
21,27,436914,74
21,27,436914,75
21,27,436914,76
21,27,436914,77
21,27,436914,78
21,27,436914,79
12,0,8349,0
12,0,8349,1
12,0,8349,2
12,0,8349,3
12,0,8349,4
12,0,8349,5
12,0,8349,6
12,0,8349,7
12,0,8349,8
12,0,8349,9
12,0,8349,10
12,0,8349,11
12,0,8349,12
12,0,8349,13
12,0,8349,14
12,0,8349,15
12,0,8349,16
12,0,8349,17
12,0,8349,18
12,0,8349,19
12,0,8349,20
12,0,8349,21
12,0,8349,22
12,0,8349,23
12,0,8349,24
12,0,8349,25
12,0,8349,26
12,0,8349,27
12,0,8349,28
12,0,8349,29
12,0,8349,30
12,0,8349,31
12,0,8349,32
12,0,8349,33
12,0,8349,34
12,0,8349,35
12,0,8349,36
12,0,8349,37
12,0,8349,38
12,0,8349,39
12,0,8349,40
12,0,8349,41
12,0,8349,42
12,0,8349,43
12,0,8349,44
12,0,8349,45
12,0,8349,46
12,0,8349,47
12,0,8349,48
12,0,8349,49
12,0,8349,50
12,0,8349,51
12,0,8349,52
12,0,8349,53
12,0,8349,54
12,0,8349,55
12,0,8349,56
12,0,8349,57
12,0,8349,58
12,0,8349,59
12,0,8349,60
12,0,8349,61
12,0,8349,62
12,0,8349,63
12,0,8349,64
12,0,8349,65
12,0,8349,66
12,0,8349,67
12,0,8349,68
12,0,8349,69
12,0,8349,70
12,0,8349,71
12,0,8349,72
12,0,8349,73
12,0,8349,74
12,0,8349,75
12,0,8349,76
12,0,8349,77
12,0,8349,78
12,0,8349,79
12,26,10461,0
12,26,10461,1
12,26,10461,2
12,26,10461,3
12,26,10461,4
12,26,10461,5
12,26,10461,6
12,26,10461,7
12,26,10461,8
12,26,10461,9
12,26,10461,10
12,26,10461,11
12,26,10461,12
12,26,10461,13
12,26,10461,14
12,26,10461,15
12,26,10461,16
12,26,10461,17
12,26,10461,18
12,26,10461,19
12,26,10461,20
12,26,10461,21
12,26,10461,22
12,26,10461,23
12,26,10461,24
12,26,10461,25
12,26,10461,26
12,26,10461,27
12,26,10461,28
12,26,10461,29
12,26,10461,30
12,26,10461,31
12,26,10461,32
12,26,10461,33
12,26,10461,34
12,26,10461,35
12,26,10461,36
12,26,10461,37
12,26,10461,38
12,26,10461,39
12,26,10461,40
12,26,10461,41
12,26,10461,42
12,26,10461,43
12,26,10461,44
12,26,10461,45
12,26,10461,46
12,26,10461,47
12,26,10461,48
12,26,10461,49
12,26,10461,50
12,26,10461,51
12,26,10461,52
12,26,10461,53
12,26,10461,54
12,26,10461,55
12,26,10461,56
12,26,10461,57
12,26,10461,58
12,26,10461,59
12,26,10461,60
12,26,10461,61
12,26,10461,62
12,26,10461,63
12,26,10461,64
12,26,10461,65
12,26,10461,66
12,26,10461,67
12,26,10461,68
12,26,10461,69
12,26,10461,70
12,26,10461,71
12,26,10461,72
12,26,10461,73
12,26,10461,74
12,26,10461,75
12,26,10461,76
12,26,10461,77
12,26,10461,78
12,26,10461,79
12,1,9681,0
12,1,9681,1
12,1,9681,2
12,1,9681,3
12,1,9681,4
12,1,9681,5
12,1,9681,6
12,1,9681,7
12,1,9681,8
12,1,9681,9
12,1,9681,10
12,1,9681,11
12,1,9681,12
12,1,9681,13
12,1,9681,14
12,1,9681,15
12,1,9681,16
12,1,9681,17
12,1,9681,18
12,1,9681,19
12,1,9681,20
12,1,9681,21
12,1,9681,22
12,1,9681,23
12,1,9681,24
12,1,9681,25
12,1,9681,26
12,1,9681,27
12,1,9681,28
12,1,9681,29
12,1,9681,30
12,1,9681,31
12,1,9681,32
12,1,9681,33
12,1,9681,34
12,1,9681,35
12,1,9681,36
12,1,9681,37
12,1,9681,38
12,1,9681,39
12,1,9681,40
12,1,9681,41
12,1,9681,42
12,1,9681,43
12,1,9681,44
12,1,9681,45
12,1,9681,46
12,1,9681,47
12,1,9681,48
12,1,9681,49
12,1,9681,50
12,1,9681,51
12,1,9681,52
12,1,9681,53
12,1,9681,54
12,1,9681,55
12,1,9681,56
12,1,9681,57
12,1,9681,58
12,1,9681,59
12,1,9681,60
12,1,9681,61
12,1,9681,62
12,1,9681,63
12,1,9681,64
12,1,9681,65
12,1,9681,66
12,1,9681,67
12,1,9681,68
12,1,9681,69
12,1,9681,70
12,1,9681,71
12,1,9681,72
12,1,9681,73
12,1,9681,74
12,1,9681,75
12,1,9681,76
12,1,9681,77
12,1,9681,78
12,1,9681,79
12,19,6981,0
12,19,6981,1
12,19,6981,2
12,19,6981,3
12,19,6981,4
12,19,6981,5
12,19,6981,6
12,19,6981,7
12,19,6981,8
12,19,6981,9
12,19,6981,10
12,19,6981,11
12,19,6981,12
12,19,6981,13
12,19,6981,14
12,19,6981,15
12,19,6981,16
12,19,6981,17
12,19,6981,18
12,19,6981,19
12,19,6981,20
12,19,6981,21
12,19,6981,22
12,19,6981,23
12,19,6981,24
12,19,6981,25
12,19,6981,26
12,19,6981,27
12,19,6981,28
12,19,6981,29
12,19,6981,30
12,19,6981,31
12,19,6981,32
12,19,6981,33
12,19,6981,34
12,19,6981,35
12,19,6981,36
12,19,6981,37
12,19,6981,38
12,19,6981,39
12,19,6981,40
12,19,6981,41
12,19,6981,42
12,19,6981,43
12,19,6981,44
12,19,6981,45
12,19,6981,46
12,19,6981,47
12,19,6981,48
12,19,6981,49
12,19,6981,50
12,19,6981,51
12,19,6981,52
12,19,6981,53
12,19,6981,54
12,19,6981,55
12,19,6981,56
12,19,6981,57
12,19,6981,58
12,19,6981,59
12,19,6981,60
12,19,6981,61
12,19,6981,62
12,19,6981,63
12,19,6981,64
12,19,6981,65
12,19,6981,66
12,19,6981,67
12,19,6981,68
12,19,6981,69
12,19,6981,70
12,19,6981,71
12,19,6981,72
12,19,6981,73
12,19,6981,74
12,19,6981,75
12,19,6981,76
12,19,6981,77
12,19,6981,78
12,19,6981,79
12,17,7125,0
12,17,7125,1
12,17,7125,2
12,17,7125,3
12,17,7125,4
12,17,7125,5
12,17,7125,6
12,17,7125,7
12,17,7125,8
12,17,7125,9
12,17,7125,10
12,17,7125,11
12,17,7125,12
12,17,7125,13
12,17,7125,14
12,17,7125,15
12,17,7125,16
12,17,7125,17
12,17,7125,18
12,17,7125,19
12,17,7125,20
12,17,7125,21
12,17,7125,22
12,17,7125,23
12,17,7125,24
12,17,7125,25
12,17,7125,26
12,17,7125,27
12,17,7125,28
12,17,7125,29
12,17,7125,30
12,17,7125,31
12,17,7125,32
12,17,7125,33
12,17,7125,34
12,17,7125,35
12,17,7125,36
12,17,7125,37
12,17,7125,38
12,17,7125,39
12,17,7125,40
12,17,7125,41
12,17,7125,42
12,17,7125,43
12,17,7125,44
12,17,7125,45
12,17,7125,46
12,17,7125,47
12,17,7125,48
12,17,7125,49
12,17,7125,50
12,17,7125,51
12,17,7125,52
12,17,7125,53
12,17,7125,54
12,17,7125,55
12,17,7125,56
12,17,7125,57
12,17,7125,58
12,17,7125,59
12,17,7125,60
12,17,7125,61
12,17,7125,62
12,17,7125,63
12,17,7125,64
12,17,7125,65
12,17,7125,66
12,17,7125,67
12,17,7125,68
12,17,7125,69
12,17,7125,70
12,17,7125,71
12,17,7125,72
12,17,7125,73
12,17,7125,74
12,17,7125,75
12,17,7125,76
12,17,7125,77
12,17,7125,78
12,17,7125,79
12,3,50283,0
12,3,50283,1
12,3,50283,2
12,3,50283,3
12,3,50283,4
12,3,50283,5
12,3,50283,6
12,3,50283,7
12,3,50283,8
12,3,50283,9
12,3,50283,10
12,3,50283,11
12,3,50283,12
12,3,50283,13
12,3,50283,14
12,3,50283,15
12,3,50283,16
12,3,50283,17
12,3,50283,18
12,3,50283,19
12,3,50283,20
12,3,50283,21
12,3,50283,22
12,3,50283,23
12,3,50283,24
12,3,50283,25
12,3,50283,26
12,3,50283,27
12,3,50283,28
12,3,50283,29
12,3,50283,30
12,3,50283,31
12,3,50283,32
12,3,50283,33
12,3,50283,34
12,3,50283,35
12,3,50283,36
12,3,50283,37
12,3,50283,38
12,3,50283,39
12,3,50283,40
12,3,50283,41
12,3,50283,42
12,3,50283,43
12,3,50283,44
12,3,50283,45
12,3,50283,46
12,3,50283,47
12,3,50283,48
12,3,50283,49
12,3,50283,50
12,3,50283,51
12,3,50283,52
12,3,50283,53
12,3,50283,54
12,3,50283,55
12,3,50283,56
12,3,50283,57
12,3,50283,58
12,3,50283,59
12,3,50283,60
12,3,50283,61
12,3,50283,62
12,3,50283,63
12,3,50283,64
12,3,50283,65
12,3,50283,66
12,3,50283,67
12,3,50283,68
12,3,50283,69
12,3,50283,70
12,3,50283,71
12,3,50283,72
12,3,50283,73
12,3,50283,74
12,3,50283,75
12,3,50283,76
12,3,50283,77
12,3,50283,78
12,3,50283,79
12,5,195948,0
12,5,195948,1
12,5,195948,2
12,5,195948,3
12,5,195948,4
12,5,195948,5
12,5,195948,6
12,5,195948,7
12,5,195948,8
12,5,195948,9
12,5,195948,10
12,5,195948,11
12,5,195948,12
12,5,195948,13
12,5,195948,14
12,5,195948,15
12,5,195948,16
12,5,195948,17
12,5,195948,18
12,5,195948,19
12,5,195948,20
12,5,195948,21
12,5,195948,22
12,5,195948,23
12,5,195948,24
12,5,195948,25
12,5,195948,26
12,5,195948,27
12,5,195948,28
12,5,195948,29
12,5,195948,30
12,5,195948,31
12,5,195948,32
12,5,195948,33
12,5,195948,34
12,5,195948,35
12,5,195948,36
12,5,195948,37
12,5,195948,38
12,5,195948,39
12,5,195948,40
12,5,195948,41
12,5,195948,42
12,5,195948,43
12,5,195948,44
12,5,195948,45
12,5,195948,46
12,5,195948,47
12,5,195948,48
12,5,195948,49
12,5,195948,50
12,5,195948,51
12,5,195948,52
12,5,195948,53
12,5,195948,54
12,5,195948,55
12,5,195948,56
12,5,195948,57
12,5,195948,58
12,5,195948,59
12,5,195948,60
12,5,195948,61
12,5,195948,62
12,5,195948,63
12,5,195948,64
12,5,195948,65
12,5,195948,66
12,5,195948,67
12,5,195948,68
12,5,195948,69
12,5,195948,70
12,5,195948,71
12,5,195948,72
12,5,195948,73
12,5,195948,74
12,5,195948,75
12,5,195948,76
12,5,195948,77
12,5,195948,78
12,5,195948,79
12,9,147711,0
12,9,147711,1
12,9,147711,2
12,9,147711,3
12,9,147711,4
12,9,147711,5
12,9,147711,6
12,9,147711,7
12,9,147711,8
12,9,147711,9
12,9,147711,10
12,9,147711,11
12,9,147711,12
12,9,147711,13
12,9,147711,14
12,9,147711,15
12,9,147711,16
12,9,147711,17
12,9,147711,18
12,9,147711,19
12,9,147711,20
12,9,147711,21
12,9,147711,22
12,9,147711,23
12,9,147711,24
12,9,147711,25
12,9,147711,26
12,9,147711,27
12,9,147711,28
12,9,147711,29
12,9,147711,30
12,9,147711,31
12,9,147711,32
12,9,147711,33
12,9,147711,34
12,9,147711,35
12,9,147711,36
12,9,147711,37
12,9,147711,38
12,9,147711,39
12,9,147711,40
12,9,147711,41
12,9,147711,42
12,9,147711,43
12,9,147711,44
12,9,147711,45
12,9,147711,46
12,9,147711,47
12,9,147711,48
12,9,147711,49
12,9,147711,50
12,9,147711,51
12,9,147711,52
12,9,147711,53
12,9,147711,54
12,9,147711,55
12,9,147711,56
12,9,147711,57
12,9,147711,58
12,9,147711,59
12,9,147711,60
12,9,147711,61
12,9,147711,62
12,9,147711,63
12,9,147711,64
12,9,147711,65
12,9,147711,66
12,9,147711,67
12,9,147711,68
12,9,147711,69
12,9,147711,70
12,9,147711,71
12,9,147711,72
12,9,147711,73
12,9,147711,74
12,9,147711,75
12,9,147711,76
12,9,147711,77
12,9,147711,78
12,9,147711,79
12,21,16779,0
12,21,16779,1
12,21,16779,2
12,21,16779,3
12,21,16779,4
12,21,16779,5
12,21,16779,6
12,21,16779,7
12,21,16779,8
12,21,16779,9
12,21,16779,10
12,21,16779,11
12,21,16779,12
12,21,16779,13
12,21,16779,14
12,21,16779,15
12,21,16779,16
12,21,16779,17
12,21,16779,18
12,21,16779,19
12,21,16779,20
12,21,16779,21
12,21,16779,22
12,21,16779,23
12,21,16779,24
12,21,16779,25
12,21,16779,26
12,21,16779,27
12,21,16779,28
12,21,16779,29
12,21,16779,30
12,21,16779,31
12,21,16779,32
12,21,16779,33
12,21,16779,34
12,21,16779,35
12,21,16779,36
12,21,16779,37
12,21,16779,38
12,21,16779,39
12,21,16779,40
12,21,16779,41
12,21,16779,42
12,21,16779,43
12,21,16779,44
12,21,16779,45
12,21,16779,46
12,21,16779,47
12,21,16779,48
12,21,16779,49
12,21,16779,50
12,21,16779,51
12,21,16779,52
12,21,16779,53
12,21,16779,54
12,21,16779,55
12,21,16779,56
12,21,16779,57
12,21,16779,58
12,21,16779,59
12,21,16779,60
12,21,16779,61
12,21,16779,62
12,21,16779,63
12,21,16779,64
12,21,16779,65
12,21,16779,66
12,21,16779,67
12,21,16779,68
12,21,16779,69
12,21,16779,70
12,21,16779,71
12,21,16779,72
12,21,16779,73
12,21,16779,74
12,21,16779,75
12,21,16779,76
12,21,16779,77
12,21,16779,78
12,21,16779,79
12,14,10038,0
12,14,10038,1
12,14,10038,2
12,14,10038,3
12,14,10038,4
12,14,10038,5
12,14,10038,6
12,14,10038,7
12,14,10038,8
12,14,10038,9
12,14,10038,10
12,14,10038,11
12,14,10038,12
12,14,10038,13
12,14,10038,14
12,14,10038,15
12,14,10038,16
12,14,10038,17
12,14,10038,18
12,14,10038,19
12,14,10038,20
12,14,10038,21
12,14,10038,22
12,14,10038,23
12,14,10038,24
12,14,10038,25
12,14,10038,26
12,14,10038,27
12,14,10038,28
12,14,10038,29
12,14,10038,30
12,14,10038,31
12,14,10038,32
12,14,10038,33
12,14,10038,34
12,14,10038,35
12,14,10038,36
12,14,10038,37
12,14,10038,38
12,14,10038,39
12,14,10038,40
12,14,10038,41
12,14,10038,42
12,14,10038,43
12,14,10038,44
12,14,10038,45
12,14,10038,46
12,14,10038,47
12,14,10038,48
12,14,10038,49
12,14,10038,50
12,14,10038,51
12,14,10038,52
12,14,10038,53
12,14,10038,54
12,14,10038,55
12,14,10038,56
12,14,10038,57
12,14,10038,58
12,14,10038,59
12,14,10038,60
12,14,10038,61
12,14,10038,62
12,14,10038,63
12,14,10038,64
12,14,10038,65
12,14,10038,66
12,14,10038,67
12,14,10038,68
12,14,10038,69
12,14,10038,70
12,14,10038,71
12,14,10038,72
12,14,10038,73
12,14,10038,74
12,14,10038,75
12,14,10038,76
12,14,10038,77
12,14,10038,78
12,14,10038,79
12,39,7881,0
12,39,7881,1
12,39,7881,2
12,39,7881,3
12,39,7881,4
12,39,7881,5
12,39,7881,6
12,39,7881,7
12,39,7881,8
12,39,7881,9
12,39,7881,10
12,39,7881,11
12,39,7881,12
12,39,7881,13
12,39,7881,14
12,39,7881,15
12,39,7881,16
12,39,7881,17
12,39,7881,18
12,39,7881,19
12,39,7881,20
12,39,7881,21
12,39,7881,22
12,39,7881,23
12,39,7881,24
12,39,7881,25
12,39,7881,26
12,39,7881,27
12,39,7881,28
12,39,7881,29
12,39,7881,30
12,39,7881,31
12,39,7881,32
12,39,7881,33
12,39,7881,34
12,39,7881,35
12,39,7881,36
12,39,7881,37
12,39,7881,38
12,39,7881,39
12,39,7881,40
12,39,7881,41
12,39,7881,42
12,39,7881,43
12,39,7881,44
12,39,7881,45
12,39,7881,46
12,39,7881,47
12,39,7881,48
12,39,7881,49
12,39,7881,50
12,39,7881,51
12,39,7881,52
12,39,7881,53
12,39,7881,54
12,39,7881,55
12,39,7881,56
12,39,7881,57
12,39,7881,58
12,39,7881,59
12,39,7881,60
12,39,7881,61
12,39,7881,62
12,39,7881,63
12,39,7881,64
12,39,7881,65
12,39,7881,66
12,39,7881,67
12,39,7881,68
12,39,7881,69
12,39,7881,70
12,39,7881,71
12,39,7881,72
12,39,7881,73
12,39,7881,74
12,39,7881,75
12,39,7881,76
12,39,7881,77
12,39,7881,78
12,39,7881,79
12,18,29199,0
12,18,29199,1
12,18,29199,2
12,18,29199,3
12,18,29199,4
12,18,29199,5
12,18,29199,6
12,18,29199,7
12,18,29199,8
12,18,29199,9
12,18,29199,10
12,18,29199,11
12,18,29199,12
12,18,29199,13
12,18,29199,14
12,18,29199,15
12,18,29199,16
12,18,29199,17
12,18,29199,18
12,18,29199,19
12,18,29199,20
12,18,29199,21
12,18,29199,22
12,18,29199,23
12,18,29199,24
12,18,29199,25
12,18,29199,26
12,18,29199,27
12,18,29199,28
12,18,29199,29
12,18,29199,30
12,18,29199,31
12,18,29199,32
12,18,29199,33
12,18,29199,34
12,18,29199,35
12,18,29199,36
12,18,29199,37
12,18,29199,38
12,18,29199,39
12,18,29199,40
12,18,29199,41
12,18,29199,42
12,18,29199,43
12,18,29199,44
12,18,29199,45
12,18,29199,46
12,18,29199,47
12,18,29199,48
12,18,29199,49
12,18,29199,50
12,18,29199,51
12,18,29199,52
12,18,29199,53
12,18,29199,54
12,18,29199,55
12,18,29199,56
12,18,29199,57
12,18,29199,58
12,18,29199,59
12,18,29199,60
12,18,29199,61
12,18,29199,62
12,18,29199,63
12,18,29199,64
12,18,29199,65
12,18,29199,66
12,18,29199,67
12,18,29199,68
12,18,29199,69
12,18,29199,70
12,18,29199,71
12,18,29199,72
12,18,29199,73
12,18,29199,74
12,18,29199,75
12,18,29199,76
12,18,29199,77
12,18,29199,78
12,18,29199,79
12,20,93873,0
12,20,93873,1
12,20,93873,2
12,20,93873,3
12,20,93873,4
12,20,93873,5
12,20,93873,6
12,20,93873,7
12,20,93873,8
12,20,93873,9
12,20,93873,10
12,20,93873,11
12,20,93873,12
12,20,93873,13
12,20,93873,14
12,20,93873,15
12,20,93873,16
12,20,93873,17
12,20,93873,18
12,20,93873,19
12,20,93873,20
12,20,93873,21
12,20,93873,22
12,20,93873,23
12,20,93873,24
12,20,93873,25
12,20,93873,26
12,20,93873,27
12,20,93873,28
12,20,93873,29
12,20,93873,30
12,20,93873,31
12,20,93873,32
12,20,93873,33
12,20,93873,34
12,20,93873,35
12,20,93873,36
12,20,93873,37
12,20,93873,38
12,20,93873,39
12,20,93873,40
12,20,93873,41
12,20,93873,42
12,20,93873,43
12,20,93873,44
12,20,93873,45
12,20,93873,46
12,20,93873,47
12,20,93873,48
12,20,93873,49
12,20,93873,50
12,20,93873,51
12,20,93873,52
12,20,93873,53
12,20,93873,54
12,20,93873,55
12,20,93873,56
12,20,93873,57
12,20,93873,58
12,20,93873,59
12,20,93873,60
12,20,93873,61
12,20,93873,62
12,20,93873,63
12,20,93873,64
12,20,93873,65
12,20,93873,66
12,20,93873,67
12,20,93873,68
12,20,93873,69
12,20,93873,70
12,20,93873,71
12,20,93873,72
12,20,93873,73
12,20,93873,74
12,20,93873,75
12,20,93873,76
12,20,93873,77
12,20,93873,78
12,20,93873,79
12,27,18054,0
12,27,18054,1
12,27,18054,2
12,27,18054,3
12,27,18054,4
12,27,18054,5
12,27,18054,6
12,27,18054,7
12,27,18054,8
12,27,18054,9
12,27,18054,10
12,27,18054,11
12,27,18054,12
12,27,18054,13
12,27,18054,14
12,27,18054,15
12,27,18054,16
12,27,18054,17
12,27,18054,18
12,27,18054,19
12,27,18054,20
12,27,18054,21
12,27,18054,22
12,27,18054,23
12,27,18054,24
12,27,18054,25
12,27,18054,26
12,27,18054,27
12,27,18054,28
12,27,18054,29
12,27,18054,30
12,27,18054,31
12,27,18054,32
12,27,18054,33
12,27,18054,34
12,27,18054,35
12,27,18054,36
12,27,18054,37
12,27,18054,38
12,27,18054,39
12,27,18054,40
12,27,18054,41
12,27,18054,42
12,27,18054,43
12,27,18054,44
12,27,18054,45
12,27,18054,46
12,27,18054,47
12,27,18054,48
12,27,18054,49
12,27,18054,50
12,27,18054,51
12,27,18054,52
12,27,18054,53
12,27,18054,54
12,27,18054,55
12,27,18054,56
12,27,18054,57
12,27,18054,58
12,27,18054,59
12,27,18054,60
12,27,18054,61
12,27,18054,62
12,27,18054,63
12,27,18054,64
12,27,18054,65
12,27,18054,66
12,27,18054,67
12,27,18054,68
12,27,18054,69
12,27,18054,70
12,27,18054,71
12,27,18054,72
12,27,18054,73
12,27,18054,74
12,27,18054,75
12,27,18054,76
12,27,18054,77
12,27,18054,78
12,27,18054,79
12,29,13143,0
12,29,13143,1
12,29,13143,2
12,29,13143,3
12,29,13143,4
12,29,13143,5
12,29,13143,6
12,29,13143,7
12,29,13143,8
12,29,13143,9
12,29,13143,10
12,29,13143,11
12,29,13143,12
12,29,13143,13
12,29,13143,14
12,29,13143,15
12,29,13143,16
12,29,13143,17
12,29,13143,18
12,29,13143,19
12,29,13143,20
12,29,13143,21
12,29,13143,22
12,29,13143,23
12,29,13143,24
12,29,13143,25
12,29,13143,26
12,29,13143,27
12,29,13143,28
12,29,13143,29
12,29,13143,30
12,29,13143,31
12,29,13143,32
12,29,13143,33
12,29,13143,34
12,29,13143,35
12,29,13143,36
12,29,13143,37
12,29,13143,38
12,29,13143,39
12,29,13143,40
12,29,13143,41
12,29,13143,42
12,29,13143,43
12,29,13143,44
12,29,13143,45
12,29,13143,46
12,29,13143,47
12,29,13143,48
12,29,13143,49
12,29,13143,50
12,29,13143,51
12,29,13143,52
12,29,13143,53
12,29,13143,54
12,29,13143,55
12,29,13143,56
12,29,13143,57
12,29,13143,58
12,29,13143,59
12,29,13143,60
12,29,13143,61
12,29,13143,62
12,29,13143,63
12,29,13143,64
12,29,13143,65
12,29,13143,66
12,29,13143,67
12,29,13143,68
12,29,13143,69
12,29,13143,70
12,29,13143,71
12,29,13143,72
12,29,13143,73
12,29,13143,74
12,29,13143,75
12,29,13143,76
12,29,13143,77
12,29,13143,78
12,29,13143,79
16,0,47190,0
16,0,47190,1
16,0,47190,2
16,0,47190,3
16,0,47190,4
16,0,47190,5
16,0,47190,6
16,0,47190,7
16,0,47190,8
16,0,47190,9
16,0,47190,10
16,0,47190,11
16,0,47190,12
16,0,47190,13
16,0,47190,14
16,0,47190,15
16,0,47190,16
16,0,47190,17
16,0,47190,18
16,0,47190,19
16,0,47190,20
16,0,47190,21
16,0,47190,22
16,0,47190,23
16,0,47190,24
16,0,47190,25
16,0,47190,26
16,0,47190,27
16,0,47190,28
16,0,47190,29
16,0,47190,30
16,0,47190,31
16,0,47190,32
16,0,47190,33
16,0,47190,34
16,0,47190,35
16,0,47190,36
16,0,47190,37
16,0,47190,38
16,0,47190,39
16,0,47190,40
16,0,47190,41
16,0,47190,42
16,0,47190,43
16,0,47190,44
16,0,47190,45
16,0,47190,46
16,0,47190,47
16,0,47190,48
16,0,47190,49
16,0,47190,50
16,0,47190,51
16,0,47190,52
16,0,47190,53
16,0,47190,54
16,0,47190,55
16,0,47190,56
16,0,47190,57
16,0,47190,58
16,0,47190,59
16,0,47190,60
16,0,47190,61
16,0,47190,62
16,0,47190,63
16,0,47190,64
16,0,47190,65
16,0,47190,66
16,0,47190,67
16,0,47190,68
16,0,47190,69
16,0,47190,70
16,0,47190,71
16,0,47190,72
16,0,47190,73
16,0,47190,74
16,0,47190,75
16,0,47190,76
16,0,47190,77
16,0,47190,78
16,0,47190,79
16,26,56157,0
16,26,56157,1
16,26,56157,2
16,26,56157,3
16,26,56157,4
16,26,56157,5
16,26,56157,6
16,26,56157,7
16,26,56157,8
16,26,56157,9
16,26,56157,10
16,26,56157,11
16,26,56157,12
16,26,56157,13
16,26,56157,14
16,26,56157,15
16,26,56157,16
16,26,56157,17
16,26,56157,18
16,26,56157,19
16,26,56157,20
16,26,56157,21
16,26,56157,22
16,26,56157,23
16,26,56157,24
16,26,56157,25
16,26,56157,26
16,26,56157,27
16,26,56157,28
16,26,56157,29
16,26,56157,30
16,26,56157,31
16,26,56157,32
16,26,56157,33
16,26,56157,34
16,26,56157,35
16,26,56157,36
16,26,56157,37
16,26,56157,38
16,26,56157,39
16,26,56157,40
16,26,56157,41
16,26,56157,42
16,26,56157,43
16,26,56157,44
16,26,56157,45
16,26,56157,46
16,26,56157,47
16,26,56157,48
16,26,56157,49
16,26,56157,50
16,26,56157,51
16,26,56157,52
16,26,56157,53
16,26,56157,54
16,26,56157,55
16,26,56157,56
16,26,56157,57
16,26,56157,58
16,26,56157,59
16,26,56157,60
16,26,56157,61
16,26,56157,62
16,26,56157,63
16,26,56157,64
16,26,56157,65
16,26,56157,66
16,26,56157,67
16,26,56157,68
16,26,56157,69
16,26,56157,70
16,26,56157,71
16,26,56157,72
16,26,56157,73
16,26,56157,74
16,26,56157,75
16,26,56157,76
16,26,56157,77
16,26,56157,78
16,26,56157,79
16,1,93792,0
16,1,93792,1
16,1,93792,2
16,1,93792,3
16,1,93792,4
16,1,93792,5
16,1,93792,6
16,1,93792,7
16,1,93792,8
16,1,93792,9
16,1,93792,10
16,1,93792,11
16,1,93792,12
16,1,93792,13
16,1,93792,14
16,1,93792,15
16,1,93792,16
16,1,93792,17
16,1,93792,18
16,1,93792,19
16,1,93792,20
16,1,93792,21
16,1,93792,22
16,1,93792,23
16,1,93792,24
16,1,93792,25
16,1,93792,26
16,1,93792,27
16,1,93792,28
16,1,93792,29
16,1,93792,30
16,1,93792,31
16,1,93792,32
16,1,93792,33
16,1,93792,34
16,1,93792,35
16,1,93792,36
16,1,93792,37
16,1,93792,38
16,1,93792,39
16,1,93792,40
16,1,93792,41
16,1,93792,42
16,1,93792,43
16,1,93792,44
16,1,93792,45
16,1,93792,46
16,1,93792,47
16,1,93792,48
16,1,93792,49
16,1,93792,50
16,1,93792,51
16,1,93792,52
16,1,93792,53
16,1,93792,54
16,1,93792,55
16,1,93792,56
16,1,93792,57
16,1,93792,58
16,1,93792,59
16,1,93792,60
16,1,93792,61
16,1,93792,62
16,1,93792,63
16,1,93792,64
16,1,93792,65
16,1,93792,66
16,1,93792,67
16,1,93792,68
16,1,93792,69
16,1,93792,70
16,1,93792,71
16,1,93792,72
16,1,93792,73
16,1,93792,74
16,1,93792,75
16,1,93792,76
16,1,93792,77
16,1,93792,78
16,1,93792,79
16,19,49116,0
16,19,49116,1
16,19,49116,2
16,19,49116,3
16,19,49116,4
16,19,49116,5
16,19,49116,6
16,19,49116,7
16,19,49116,8
16,19,49116,9
16,19,49116,10
16,19,49116,11
16,19,49116,12
16,19,49116,13
16,19,49116,14
16,19,49116,15
16,19,49116,16
16,19,49116,17
16,19,49116,18
16,19,49116,19
16,19,49116,20
16,19,49116,21
16,19,49116,22
16,19,49116,23
16,19,49116,24
16,19,49116,25
16,19,49116,26
16,19,49116,27
16,19,49116,28
16,19,49116,29
16,19,49116,30
16,19,49116,31
16,19,49116,32
16,19,49116,33
16,19,49116,34
16,19,49116,35
16,19,49116,36
16,19,49116,37
16,19,49116,38
16,19,49116,39
16,19,49116,40
16,19,49116,41
16,19,49116,42
16,19,49116,43
16,19,49116,44
16,19,49116,45
16,19,49116,46
16,19,49116,47
16,19,49116,48
16,19,49116,49
16,19,49116,50
16,19,49116,51
16,19,49116,52
16,19,49116,53
16,19,49116,54
16,19,49116,55
16,19,49116,56
16,19,49116,57
16,19,49116,58
16,19,49116,59
16,19,49116,60
16,19,49116,61
16,19,49116,62
16,19,49116,63
16,19,49116,64
16,19,49116,65
16,19,49116,66
16,19,49116,67
16,19,49116,68
16,19,49116,69
16,19,49116,70
16,19,49116,71
16,19,49116,72
16,19,49116,73
16,19,49116,74
16,19,49116,75
16,19,49116,76
16,19,49116,77
16,19,49116,78
16,19,49116,79
16,17,41673,0
16,17,41673,1
16,17,41673,2
16,17,41673,3
16,17,41673,4
16,17,41673,5
16,17,41673,6
16,17,41673,7
16,17,41673,8
16,17,41673,9
16,17,41673,10
16,17,41673,11
16,17,41673,12
16,17,41673,13
16,17,41673,14
16,17,41673,15
16,17,41673,16
16,17,41673,17
16,17,41673,18
16,17,41673,19
16,17,41673,20
16,17,41673,21
16,17,41673,22
16,17,41673,23
16,17,41673,24
16,17,41673,25
16,17,41673,26
16,17,41673,27
16,17,41673,28
16,17,41673,29
16,17,41673,30
16,17,41673,31
16,17,41673,32
16,17,41673,33
16,17,41673,34
16,17,41673,35
16,17,41673,36
16,17,41673,37
16,17,41673,38
16,17,41673,39
16,17,41673,40
16,17,41673,41
16,17,41673,42
16,17,41673,43
16,17,41673,44
16,17,41673,45
16,17,41673,46
16,17,41673,47
16,17,41673,48
16,17,41673,49
16,17,41673,50
16,17,41673,51
16,17,41673,52
16,17,41673,53
16,17,41673,54
16,17,41673,55
16,17,41673,56
16,17,41673,57
16,17,41673,58
16,17,41673,59
16,17,41673,60
16,17,41673,61
16,17,41673,62
16,17,41673,63
16,17,41673,64
16,17,41673,65
16,17,41673,66
16,17,41673,67
16,17,41673,68
16,17,41673,69
16,17,41673,70
16,17,41673,71
16,17,41673,72
16,17,41673,73
16,17,41673,74
16,17,41673,75
16,17,41673,76
16,17,41673,77
16,17,41673,78
16,17,41673,79
16,3,24084,0
16,3,24084,1
16,3,24084,2
16,3,24084,3
16,3,24084,4
16,3,24084,5
16,3,24084,6
16,3,24084,7
16,3,24084,8
16,3,24084,9
16,3,24084,10
16,3,24084,11
16,3,24084,12
16,3,24084,13
16,3,24084,14
16,3,24084,15
16,3,24084,16
16,3,24084,17
16,3,24084,18
16,3,24084,19
16,3,24084,20
16,3,24084,21
16,3,24084,22
16,3,24084,23
16,3,24084,24
16,3,24084,25
16,3,24084,26
16,3,24084,27
16,3,24084,28
16,3,24084,29
16,3,24084,30
16,3,24084,31
16,3,24084,32
16,3,24084,33
16,3,24084,34
16,3,24084,35
16,3,24084,36
16,3,24084,37
16,3,24084,38
16,3,24084,39
16,3,24084,40
16,3,24084,41
16,3,24084,42
16,3,24084,43
16,3,24084,44
16,3,24084,45
16,3,24084,46
16,3,24084,47
16,3,24084,48
16,3,24084,49
16,3,24084,50
16,3,24084,51
16,3,24084,52
16,3,24084,53
16,3,24084,54
16,3,24084,55
16,3,24084,56
16,3,24084,57
16,3,24084,58
16,3,24084,59
16,3,24084,60
16,3,24084,61
16,3,24084,62
16,3,24084,63
16,3,24084,64
16,3,24084,65
16,3,24084,66
16,3,24084,67
16,3,24084,68
16,3,24084,69
16,3,24084,70
16,3,24084,71
16,3,24084,72
16,3,24084,73
16,3,24084,74
16,3,24084,75
16,3,24084,76
16,3,24084,77
16,3,24084,78
16,3,24084,79
16,5,378036,0
16,5,378036,1
16,5,378036,2
16,5,378036,3
16,5,378036,4
16,5,378036,5
16,5,378036,6
16,5,378036,7
16,5,378036,8
16,5,378036,9
16,5,378036,10
16,5,378036,11
16,5,378036,12
16,5,378036,13
16,5,378036,14
16,5,378036,15
16,5,378036,16
16,5,378036,17
16,5,378036,18
16,5,378036,19
16,5,378036,20
16,5,378036,21
16,5,378036,22
16,5,378036,23
16,5,378036,24
16,5,378036,25
16,5,378036,26
16,5,378036,27
16,5,378036,28
16,5,378036,29
16,5,378036,30
16,5,378036,31
16,5,378036,32
16,5,378036,33
16,5,378036,34
16,5,378036,35
16,5,378036,36
16,5,378036,37
16,5,378036,38
16,5,378036,39
16,5,378036,40
16,5,378036,41
16,5,378036,42
16,5,378036,43
16,5,378036,44
16,5,378036,45
16,5,378036,46
16,5,378036,47
16,5,378036,48
16,5,378036,49
16,5,378036,50
16,5,378036,51
16,5,378036,52
16,5,378036,53
16,5,378036,54
16,5,378036,55
16,5,378036,56
16,5,378036,57
16,5,378036,58
16,5,378036,59
16,5,378036,60
16,5,378036,61
16,5,378036,62
16,5,378036,63
16,5,378036,64
16,5,378036,65
16,5,378036,66
16,5,378036,67
16,5,378036,68
16,5,378036,69
16,5,378036,70
16,5,378036,71
16,5,378036,72
16,5,378036,73
16,5,378036,74
16,5,378036,75
16,5,378036,76
16,5,378036,77
16,5,378036,78
16,5,378036,79
16,8,5178,0
16,8,5178,1
16,8,5178,2
16,8,5178,3
16,8,5178,4
16,8,5178,5
16,8,5178,6
16,8,5178,7
16,8,5178,8
16,8,5178,9
16,8,5178,10
16,8,5178,11
16,8,5178,12
16,8,5178,13
16,8,5178,14
16,8,5178,15
16,8,5178,16
16,8,5178,17
16,8,5178,18
16,8,5178,19
16,8,5178,20
16,8,5178,21
16,8,5178,22
16,8,5178,23
16,8,5178,24
16,8,5178,25
16,8,5178,26
16,8,5178,27
16,8,5178,28
16,8,5178,29
16,8,5178,30
16,8,5178,31
16,8,5178,32
16,8,5178,33
16,8,5178,34
16,8,5178,35
16,8,5178,36
16,8,5178,37
16,8,5178,38
16,8,5178,39
16,8,5178,40
16,8,5178,41
16,8,5178,42
16,8,5178,43
16,8,5178,44
16,8,5178,45
16,8,5178,46
16,8,5178,47
16,8,5178,48
16,8,5178,49
16,8,5178,50
16,8,5178,51
16,8,5178,52
16,8,5178,53
16,8,5178,54
16,8,5178,55
16,8,5178,56
16,8,5178,57
16,8,5178,58
16,8,5178,59
16,8,5178,60
16,8,5178,61
16,8,5178,62
16,8,5178,63
16,8,5178,64
16,8,5178,65
16,8,5178,66
16,8,5178,67
16,8,5178,68
16,8,5178,69
16,8,5178,70
16,8,5178,71
16,8,5178,72
16,8,5178,73
16,8,5178,74
16,8,5178,75
16,8,5178,76
16,8,5178,77
16,8,5178,78
16,8,5178,79
16,9,526227,0
16,9,526227,1
16,9,526227,2
16,9,526227,3
16,9,526227,4
16,9,526227,5
16,9,526227,6
16,9,526227,7
16,9,526227,8
16,9,526227,9
16,9,526227,10
16,9,526227,11
16,9,526227,12
16,9,526227,13
16,9,526227,14
16,9,526227,15
16,9,526227,16
16,9,526227,17
16,9,526227,18
16,9,526227,19
16,9,526227,20
16,9,526227,21
16,9,526227,22
16,9,526227,23
16,9,526227,24
16,9,526227,25
16,9,526227,26
16,9,526227,27
16,9,526227,28
16,9,526227,29
16,9,526227,30
16,9,526227,31
16,9,526227,32
16,9,526227,33
16,9,526227,34
16,9,526227,35
16,9,526227,36
16,9,526227,37
16,9,526227,38
16,9,526227,39
16,9,526227,40
16,9,526227,41
16,9,526227,42
16,9,526227,43
16,9,526227,44
16,9,526227,45
16,9,526227,46
16,9,526227,47
16,9,526227,48
16,9,526227,49
16,9,526227,50
16,9,526227,51
16,9,526227,52
16,9,526227,53
16,9,526227,54
16,9,526227,55
16,9,526227,56
16,9,526227,57
16,9,526227,58
16,9,526227,59
16,9,526227,60
16,9,526227,61
16,9,526227,62
16,9,526227,63
16,9,526227,64
16,9,526227,65
16,9,526227,66
16,9,526227,67
16,9,526227,68
16,9,526227,69
16,9,526227,70
16,9,526227,71
16,9,526227,72
16,9,526227,73
16,9,526227,74
16,9,526227,75
16,9,526227,76
16,9,526227,77
16,9,526227,78
16,9,526227,79
16,21,188604,0
16,21,188604,1
16,21,188604,2
16,21,188604,3
16,21,188604,4
16,21,188604,5
16,21,188604,6
16,21,188604,7
16,21,188604,8
16,21,188604,9
16,21,188604,10
16,21,188604,11
16,21,188604,12
16,21,188604,13
16,21,188604,14
16,21,188604,15
16,21,188604,16
16,21,188604,17
16,21,188604,18
16,21,188604,19
16,21,188604,20
16,21,188604,21
16,21,188604,22
16,21,188604,23
16,21,188604,24
16,21,188604,25
16,21,188604,26
16,21,188604,27
16,21,188604,28
16,21,188604,29
16,21,188604,30
16,21,188604,31
16,21,188604,32
16,21,188604,33
16,21,188604,34
16,21,188604,35
16,21,188604,36
16,21,188604,37
16,21,188604,38
16,21,188604,39
16,21,188604,40
16,21,188604,41
16,21,188604,42
16,21,188604,43
16,21,188604,44
16,21,188604,45
16,21,188604,46
16,21,188604,47
16,21,188604,48
16,21,188604,49
16,21,188604,50
16,21,188604,51
16,21,188604,52
16,21,188604,53
16,21,188604,54
16,21,188604,55
16,21,188604,56
16,21,188604,57
16,21,188604,58
16,21,188604,59
16,21,188604,60
16,21,188604,61
16,21,188604,62
16,21,188604,63
16,21,188604,64
16,21,188604,65
16,21,188604,66
16,21,188604,67
16,21,188604,68
16,21,188604,69
16,21,188604,70
16,21,188604,71
16,21,188604,72
16,21,188604,73
16,21,188604,74
16,21,188604,75
16,21,188604,76
16,21,188604,77
16,21,188604,78
16,21,188604,79
16,12,14805,0
16,12,14805,1
16,12,14805,2
16,12,14805,3
16,12,14805,4
16,12,14805,5
16,12,14805,6
16,12,14805,7
16,12,14805,8
16,12,14805,9
16,12,14805,10
16,12,14805,11
16,12,14805,12
16,12,14805,13
16,12,14805,14
16,12,14805,15
16,12,14805,16
16,12,14805,17
16,12,14805,18
16,12,14805,19
16,12,14805,20
16,12,14805,21
16,12,14805,22
16,12,14805,23
16,12,14805,24
16,12,14805,25
16,12,14805,26
16,12,14805,27
16,12,14805,28
16,12,14805,29
16,12,14805,30
16,12,14805,31
16,12,14805,32
16,12,14805,33
16,12,14805,34
16,12,14805,35
16,12,14805,36
16,12,14805,37
16,12,14805,38
16,12,14805,39
16,12,14805,40
16,12,14805,41
16,12,14805,42
16,12,14805,43
16,12,14805,44
16,12,14805,45
16,12,14805,46
16,12,14805,47
16,12,14805,48
16,12,14805,49
16,12,14805,50
16,12,14805,51
16,12,14805,52
16,12,14805,53
16,12,14805,54
16,12,14805,55
16,12,14805,56
16,12,14805,57
16,12,14805,58
16,12,14805,59
16,12,14805,60
16,12,14805,61
16,12,14805,62
16,12,14805,63
16,12,14805,64
16,12,14805,65
16,12,14805,66
16,12,14805,67
16,12,14805,68
16,12,14805,69
16,12,14805,70
16,12,14805,71
16,12,14805,72
16,12,14805,73
16,12,14805,74
16,12,14805,75
16,12,14805,76
16,12,14805,77
16,12,14805,78
16,12,14805,79
16,14,155022,0
16,14,155022,1
16,14,155022,2
16,14,155022,3
16,14,155022,4
16,14,155022,5
16,14,155022,6
16,14,155022,7
16,14,155022,8
16,14,155022,9
16,14,155022,10
16,14,155022,11
16,14,155022,12
16,14,155022,13
16,14,155022,14
16,14,155022,15
16,14,155022,16
16,14,155022,17
16,14,155022,18
16,14,155022,19
16,14,155022,20
16,14,155022,21
16,14,155022,22
16,14,155022,23
16,14,155022,24
16,14,155022,25
16,14,155022,26
16,14,155022,27
16,14,155022,28
16,14,155022,29
16,14,155022,30
16,14,155022,31
16,14,155022,32
16,14,155022,33
16,14,155022,34
16,14,155022,35
16,14,155022,36
16,14,155022,37
16,14,155022,38
16,14,155022,39
16,14,155022,40
16,14,155022,41
16,14,155022,42
16,14,155022,43
16,14,155022,44
16,14,155022,45
16,14,155022,46
16,14,155022,47
16,14,155022,48
16,14,155022,49
16,14,155022,50
16,14,155022,51
16,14,155022,52
16,14,155022,53
16,14,155022,54
16,14,155022,55
16,14,155022,56
16,14,155022,57
16,14,155022,58
16,14,155022,59
16,14,155022,60
16,14,155022,61
16,14,155022,62
16,14,155022,63
16,14,155022,64
16,14,155022,65
16,14,155022,66
16,14,155022,67
16,14,155022,68
16,14,155022,69
16,14,155022,70
16,14,155022,71
16,14,155022,72
16,14,155022,73
16,14,155022,74
16,14,155022,75
16,14,155022,76
16,14,155022,77
16,14,155022,78
16,14,155022,79
16,39,100866,0
16,39,100866,1
16,39,100866,2
16,39,100866,3
16,39,100866,4
16,39,100866,5
16,39,100866,6
16,39,100866,7
16,39,100866,8
16,39,100866,9
16,39,100866,10
16,39,100866,11
16,39,100866,12
16,39,100866,13
16,39,100866,14
16,39,100866,15
16,39,100866,16
16,39,100866,17
16,39,100866,18
16,39,100866,19
16,39,100866,20
16,39,100866,21
16,39,100866,22
16,39,100866,23
16,39,100866,24
16,39,100866,25
16,39,100866,26
16,39,100866,27
16,39,100866,28
16,39,100866,29
16,39,100866,30
16,39,100866,31
16,39,100866,32
16,39,100866,33
16,39,100866,34
16,39,100866,35
16,39,100866,36
16,39,100866,37
16,39,100866,38
16,39,100866,39
16,39,100866,40
16,39,100866,41
16,39,100866,42
16,39,100866,43
16,39,100866,44
16,39,100866,45
16,39,100866,46
16,39,100866,47
16,39,100866,48
16,39,100866,49
16,39,100866,50
16,39,100866,51
16,39,100866,52
16,39,100866,53
16,39,100866,54
16,39,100866,55
16,39,100866,56
16,39,100866,57
16,39,100866,58
16,39,100866,59
16,39,100866,60
16,39,100866,61
16,39,100866,62
16,39,100866,63
16,39,100866,64
16,39,100866,65
16,39,100866,66
16,39,100866,67
16,39,100866,68
16,39,100866,69
16,39,100866,70
16,39,100866,71
16,39,100866,72
16,39,100866,73
16,39,100866,74
16,39,100866,75
16,39,100866,76
16,39,100866,77
16,39,100866,78
16,39,100866,79
16,22,13398,0
16,22,13398,1
16,22,13398,2
16,22,13398,3
16,22,13398,4
16,22,13398,5
16,22,13398,6
16,22,13398,7
16,22,13398,8
16,22,13398,9
16,22,13398,10
16,22,13398,11
16,22,13398,12
16,22,13398,13
16,22,13398,14
16,22,13398,15
16,22,13398,16
16,22,13398,17
16,22,13398,18
16,22,13398,19
16,22,13398,20
16,22,13398,21
16,22,13398,22
16,22,13398,23
16,22,13398,24
16,22,13398,25
16,22,13398,26
16,22,13398,27
16,22,13398,28
16,22,13398,29
16,22,13398,30
16,22,13398,31
16,22,13398,32
16,22,13398,33
16,22,13398,34
16,22,13398,35
16,22,13398,36
16,22,13398,37
16,22,13398,38
16,22,13398,39
16,22,13398,40
16,22,13398,41
16,22,13398,42
16,22,13398,43
16,22,13398,44
16,22,13398,45
16,22,13398,46
16,22,13398,47
16,22,13398,48
16,22,13398,49
16,22,13398,50
16,22,13398,51
16,22,13398,52
16,22,13398,53
16,22,13398,54
16,22,13398,55
16,22,13398,56
16,22,13398,57
16,22,13398,58
16,22,13398,59
16,22,13398,60
16,22,13398,61
16,22,13398,62
16,22,13398,63
16,22,13398,64
16,22,13398,65
16,22,13398,66
16,22,13398,67
16,22,13398,68
16,22,13398,69
16,22,13398,70
16,22,13398,71
16,22,13398,72
16,22,13398,73
16,22,13398,74
16,22,13398,75
16,22,13398,76
16,22,13398,77
16,22,13398,78
16,22,13398,79
16,18,19344,0
16,18,19344,1
16,18,19344,2
16,18,19344,3
16,18,19344,4
16,18,19344,5
16,18,19344,6
16,18,19344,7
16,18,19344,8
16,18,19344,9
16,18,19344,10
16,18,19344,11
16,18,19344,12
16,18,19344,13
16,18,19344,14
16,18,19344,15
16,18,19344,16
16,18,19344,17
16,18,19344,18
16,18,19344,19
16,18,19344,20
16,18,19344,21
16,18,19344,22
16,18,19344,23
16,18,19344,24
16,18,19344,25
16,18,19344,26
16,18,19344,27
16,18,19344,28
16,18,19344,29
16,18,19344,30
16,18,19344,31
16,18,19344,32
16,18,19344,33
16,18,19344,34
16,18,19344,35
16,18,19344,36
16,18,19344,37
16,18,19344,38
16,18,19344,39
16,18,19344,40
16,18,19344,41
16,18,19344,42
16,18,19344,43
16,18,19344,44
16,18,19344,45
16,18,19344,46
16,18,19344,47
16,18,19344,48
16,18,19344,49
16,18,19344,50
16,18,19344,51
16,18,19344,52
16,18,19344,53
16,18,19344,54
16,18,19344,55
16,18,19344,56
16,18,19344,57
16,18,19344,58
16,18,19344,59
16,18,19344,60
16,18,19344,61
16,18,19344,62
16,18,19344,63
16,18,19344,64
16,18,19344,65
16,18,19344,66
16,18,19344,67
16,18,19344,68
16,18,19344,69
16,18,19344,70
16,18,19344,71
16,18,19344,72
16,18,19344,73
16,18,19344,74
16,18,19344,75
16,18,19344,76
16,18,19344,77
16,18,19344,78
16,18,19344,79
16,20,235062,0
16,20,235062,1
16,20,235062,2
16,20,235062,3
16,20,235062,4
16,20,235062,5
16,20,235062,6
16,20,235062,7
16,20,235062,8
16,20,235062,9
16,20,235062,10
16,20,235062,11
16,20,235062,12
16,20,235062,13
16,20,235062,14
16,20,235062,15
16,20,235062,16
16,20,235062,17
16,20,235062,18
16,20,235062,19
16,20,235062,20
16,20,235062,21
16,20,235062,22
16,20,235062,23
16,20,235062,24
16,20,235062,25
16,20,235062,26
16,20,235062,27
16,20,235062,28
16,20,235062,29
16,20,235062,30
16,20,235062,31
16,20,235062,32
16,20,235062,33
16,20,235062,34
16,20,235062,35
16,20,235062,36
16,20,235062,37
16,20,235062,38
16,20,235062,39
16,20,235062,40
16,20,235062,41
16,20,235062,42
16,20,235062,43
16,20,235062,44
16,20,235062,45
16,20,235062,46
16,20,235062,47
16,20,235062,48
16,20,235062,49
16,20,235062,50
16,20,235062,51
16,20,235062,52
16,20,235062,53
16,20,235062,54
16,20,235062,55
16,20,235062,56
16,20,235062,57
16,20,235062,58
16,20,235062,59
16,20,235062,60
16,20,235062,61
16,20,235062,62
16,20,235062,63
16,20,235062,64
16,20,235062,65
16,20,235062,66
16,20,235062,67
16,20,235062,68
16,20,235062,69
16,20,235062,70
16,20,235062,71
16,20,235062,72
16,20,235062,73
16,20,235062,74
16,20,235062,75
16,20,235062,76
16,20,235062,77
16,20,235062,78
16,20,235062,79
16,27,212019,0
16,27,212019,1
16,27,212019,2
16,27,212019,3
16,27,212019,4
16,27,212019,5
16,27,212019,6
16,27,212019,7
16,27,212019,8
16,27,212019,9
16,27,212019,10
16,27,212019,11
16,27,212019,12
16,27,212019,13
16,27,212019,14
16,27,212019,15
16,27,212019,16
16,27,212019,17
16,27,212019,18
16,27,212019,19
16,27,212019,20
16,27,212019,21
16,27,212019,22
16,27,212019,23
16,27,212019,24
16,27,212019,25
16,27,212019,26
16,27,212019,27
16,27,212019,28
16,27,212019,29
16,27,212019,30
16,27,212019,31
16,27,212019,32
16,27,212019,33
16,27,212019,34
16,27,212019,35
16,27,212019,36
16,27,212019,37
16,27,212019,38
16,27,212019,39
16,27,212019,40
16,27,212019,41
16,27,212019,42
16,27,212019,43
16,27,212019,44
16,27,212019,45
16,27,212019,46
16,27,212019,47
16,27,212019,48
16,27,212019,49
16,27,212019,50
16,27,212019,51
16,27,212019,52
16,27,212019,53
16,27,212019,54
16,27,212019,55
16,27,212019,56
16,27,212019,57
16,27,212019,58
16,27,212019,59
16,27,212019,60
16,27,212019,61
16,27,212019,62
16,27,212019,63
16,27,212019,64
16,27,212019,65
16,27,212019,66
16,27,212019,67
16,27,212019,68
16,27,212019,69
16,27,212019,70
16,27,212019,71
16,27,212019,72
16,27,212019,73
16,27,212019,74
16,27,212019,75
16,27,212019,76
16,27,212019,77
16,27,212019,78
16,27,212019,79
16,29,9375,0
16,29,9375,1
16,29,9375,2
16,29,9375,3
16,29,9375,4
16,29,9375,5
16,29,9375,6
16,29,9375,7
16,29,9375,8
16,29,9375,9
16,29,9375,10
16,29,9375,11
16,29,9375,12
16,29,9375,13
16,29,9375,14
16,29,9375,15
16,29,9375,16
16,29,9375,17
16,29,9375,18
16,29,9375,19
16,29,9375,20
16,29,9375,21
16,29,9375,22
16,29,9375,23
16,29,9375,24
16,29,9375,25
16,29,9375,26
16,29,9375,27
16,29,9375,28
16,29,9375,29
16,29,9375,30
16,29,9375,31
16,29,9375,32
16,29,9375,33
16,29,9375,34
16,29,9375,35
16,29,9375,36
16,29,9375,37
16,29,9375,38
16,29,9375,39
16,29,9375,40
16,29,9375,41
16,29,9375,42
16,29,9375,43
16,29,9375,44
16,29,9375,45
16,29,9375,46
16,29,9375,47
16,29,9375,48
16,29,9375,49
16,29,9375,50
16,29,9375,51
16,29,9375,52
16,29,9375,53
16,29,9375,54
16,29,9375,55
16,29,9375,56
16,29,9375,57
16,29,9375,58
16,29,9375,59
16,29,9375,60
16,29,9375,61
16,29,9375,62
16,29,9375,63
16,29,9375,64
16,29,9375,65
16,29,9375,66
16,29,9375,67
16,29,9375,68
16,29,9375,69
16,29,9375,70
16,29,9375,71
16,29,9375,72
16,29,9375,73
16,29,9375,74
16,29,9375,75
16,29,9375,76
16,29,9375,77
16,29,9375,78
16,29,9375,79
14,0,77466,0
14,0,77466,1
14,0,77466,2
14,0,77466,3
14,0,77466,4
14,0,77466,5
14,0,77466,6
14,0,77466,7
14,0,77466,8
14,0,77466,9
14,0,77466,10
14,0,77466,11
14,0,77466,12
14,0,77466,13
14,0,77466,14
14,0,77466,15
14,0,77466,16
14,0,77466,17
14,0,77466,18
14,0,77466,19
14,0,77466,20
14,0,77466,21
14,0,77466,22
14,0,77466,23
14,0,77466,24
14,0,77466,25
14,0,77466,26
14,0,77466,27
14,0,77466,28
14,0,77466,29
14,0,77466,30
14,0,77466,31
14,0,77466,32
14,0,77466,33
14,0,77466,34
14,0,77466,35
14,0,77466,36
14,0,77466,37
14,0,77466,38
14,0,77466,39
14,0,77466,40
14,0,77466,41
14,0,77466,42
14,0,77466,43
14,0,77466,44
14,0,77466,45
14,0,77466,46
14,0,77466,47
14,0,77466,48
14,0,77466,49
14,0,77466,50
14,0,77466,51
14,0,77466,52
14,0,77466,53
14,0,77466,54
14,0,77466,55
14,0,77466,56
14,0,77466,57
14,0,77466,58
14,0,77466,59
14,0,77466,60
14,0,77466,61
14,0,77466,62
14,0,77466,63
14,0,77466,64
14,0,77466,65
14,0,77466,66
14,0,77466,67
14,0,77466,68
14,0,77466,69
14,0,77466,70
14,0,77466,71
14,0,77466,72
14,0,77466,73
14,0,77466,74
14,0,77466,75
14,0,77466,76
14,0,77466,77
14,0,77466,78
14,0,77466,79
14,26,67722,0
14,26,67722,1
14,26,67722,2
14,26,67722,3
14,26,67722,4
14,26,67722,5
14,26,67722,6
14,26,67722,7
14,26,67722,8
14,26,67722,9
14,26,67722,10
14,26,67722,11
14,26,67722,12
14,26,67722,13
14,26,67722,14
14,26,67722,15
14,26,67722,16
14,26,67722,17
14,26,67722,18
14,26,67722,19
14,26,67722,20
14,26,67722,21
14,26,67722,22
14,26,67722,23
14,26,67722,24
14,26,67722,25
14,26,67722,26
14,26,67722,27
14,26,67722,28
14,26,67722,29
14,26,67722,30
14,26,67722,31
14,26,67722,32
14,26,67722,33
14,26,67722,34
14,26,67722,35
14,26,67722,36
14,26,67722,37
14,26,67722,38
14,26,67722,39
14,26,67722,40
14,26,67722,41
14,26,67722,42
14,26,67722,43
14,26,67722,44
14,26,67722,45
14,26,67722,46
14,26,67722,47
14,26,67722,48
14,26,67722,49
14,26,67722,50
14,26,67722,51
14,26,67722,52
14,26,67722,53
14,26,67722,54
14,26,67722,55
14,26,67722,56
14,26,67722,57
14,26,67722,58
14,26,67722,59
14,26,67722,60
14,26,67722,61
14,26,67722,62
14,26,67722,63
14,26,67722,64
14,26,67722,65
14,26,67722,66
14,26,67722,67
14,26,67722,68
14,26,67722,69
14,26,67722,70
14,26,67722,71
14,26,67722,72
14,26,67722,73
14,26,67722,74
14,26,67722,75
14,26,67722,76
14,26,67722,77
14,26,67722,78
14,26,67722,79
14,1,197202,0
14,1,197202,1
14,1,197202,2
14,1,197202,3
14,1,197202,4
14,1,197202,5
14,1,197202,6
14,1,197202,7
14,1,197202,8
14,1,197202,9
14,1,197202,10
14,1,197202,11
14,1,197202,12
14,1,197202,13
14,1,197202,14
14,1,197202,15
14,1,197202,16
14,1,197202,17
14,1,197202,18
14,1,197202,19
14,1,197202,20
14,1,197202,21
14,1,197202,22
14,1,197202,23
14,1,197202,24
14,1,197202,25
14,1,197202,26
14,1,197202,27
14,1,197202,28
14,1,197202,29
14,1,197202,30
14,1,197202,31
14,1,197202,32
14,1,197202,33
14,1,197202,34
14,1,197202,35
14,1,197202,36
14,1,197202,37
14,1,197202,38
14,1,197202,39
14,1,197202,40
14,1,197202,41
14,1,197202,42
14,1,197202,43
14,1,197202,44
14,1,197202,45
14,1,197202,46
14,1,197202,47
14,1,197202,48
14,1,197202,49
14,1,197202,50
14,1,197202,51
14,1,197202,52
14,1,197202,53
14,1,197202,54
14,1,197202,55
14,1,197202,56
14,1,197202,57
14,1,197202,58
14,1,197202,59
14,1,197202,60
14,1,197202,61
14,1,197202,62
14,1,197202,63
14,1,197202,64
14,1,197202,65
14,1,197202,66
14,1,197202,67
14,1,197202,68
14,1,197202,69
14,1,197202,70
14,1,197202,71
14,1,197202,72
14,1,197202,73
14,1,197202,74
14,1,197202,75
14,1,197202,76
14,1,197202,77
14,1,197202,78
14,1,197202,79
14,19,79134,0
14,19,79134,1
14,19,79134,2
14,19,79134,3
14,19,79134,4
14,19,79134,5
14,19,79134,6
14,19,79134,7
14,19,79134,8
14,19,79134,9
14,19,79134,10
14,19,79134,11
14,19,79134,12
14,19,79134,13
14,19,79134,14
14,19,79134,15
14,19,79134,16
14,19,79134,17
14,19,79134,18
14,19,79134,19
14,19,79134,20
14,19,79134,21
14,19,79134,22
14,19,79134,23
14,19,79134,24
14,19,79134,25
14,19,79134,26
14,19,79134,27
14,19,79134,28
14,19,79134,29
14,19,79134,30
14,19,79134,31
14,19,79134,32
14,19,79134,33
14,19,79134,34
14,19,79134,35
14,19,79134,36
14,19,79134,37
14,19,79134,38
14,19,79134,39
14,19,79134,40
14,19,79134,41
14,19,79134,42
14,19,79134,43
14,19,79134,44
14,19,79134,45
14,19,79134,46
14,19,79134,47
14,19,79134,48
14,19,79134,49
14,19,79134,50
14,19,79134,51
14,19,79134,52
14,19,79134,53
14,19,79134,54
14,19,79134,55
14,19,79134,56
14,19,79134,57
14,19,79134,58
14,19,79134,59
14,19,79134,60
14,19,79134,61
14,19,79134,62
14,19,79134,63
14,19,79134,64
14,19,79134,65
14,19,79134,66
14,19,79134,67
14,19,79134,68
14,19,79134,69
14,19,79134,70
14,19,79134,71
14,19,79134,72
14,19,79134,73
14,19,79134,74
14,19,79134,75
14,19,79134,76
14,19,79134,77
14,19,79134,78
14,19,79134,79
14,17,61308,0
14,17,61308,1
14,17,61308,2
14,17,61308,3
14,17,61308,4
14,17,61308,5
14,17,61308,6
14,17,61308,7
14,17,61308,8
14,17,61308,9
14,17,61308,10
14,17,61308,11
14,17,61308,12
14,17,61308,13
14,17,61308,14
14,17,61308,15
14,17,61308,16
14,17,61308,17
14,17,61308,18
14,17,61308,19
14,17,61308,20
14,17,61308,21
14,17,61308,22
14,17,61308,23
14,17,61308,24
14,17,61308,25
14,17,61308,26
14,17,61308,27
14,17,61308,28
14,17,61308,29
14,17,61308,30
14,17,61308,31
14,17,61308,32
14,17,61308,33
14,17,61308,34
14,17,61308,35
14,17,61308,36
14,17,61308,37
14,17,61308,38
14,17,61308,39
14,17,61308,40
14,17,61308,41
14,17,61308,42
14,17,61308,43
14,17,61308,44
14,17,61308,45
14,17,61308,46
14,17,61308,47
14,17,61308,48
14,17,61308,49
14,17,61308,50
14,17,61308,51
14,17,61308,52
14,17,61308,53
14,17,61308,54
14,17,61308,55
14,17,61308,56
14,17,61308,57
14,17,61308,58
14,17,61308,59
14,17,61308,60
14,17,61308,61
14,17,61308,62
14,17,61308,63
14,17,61308,64
14,17,61308,65
14,17,61308,66
14,17,61308,67
14,17,61308,68
14,17,61308,69
14,17,61308,70
14,17,61308,71
14,17,61308,72
14,17,61308,73
14,17,61308,74
14,17,61308,75
14,17,61308,76
14,17,61308,77
14,17,61308,78
14,17,61308,79
14,3,10017,0
14,3,10017,1
14,3,10017,2
14,3,10017,3
14,3,10017,4
14,3,10017,5
14,3,10017,6
14,3,10017,7
14,3,10017,8
14,3,10017,9
14,3,10017,10
14,3,10017,11
14,3,10017,12
14,3,10017,13
14,3,10017,14
14,3,10017,15
14,3,10017,16
14,3,10017,17
14,3,10017,18
14,3,10017,19
14,3,10017,20
14,3,10017,21
14,3,10017,22
14,3,10017,23
14,3,10017,24
14,3,10017,25
14,3,10017,26
14,3,10017,27
14,3,10017,28
14,3,10017,29
14,3,10017,30
14,3,10017,31
14,3,10017,32
14,3,10017,33
14,3,10017,34
14,3,10017,35
14,3,10017,36
14,3,10017,37
14,3,10017,38
14,3,10017,39
14,3,10017,40
14,3,10017,41
14,3,10017,42
14,3,10017,43
14,3,10017,44
14,3,10017,45
14,3,10017,46
14,3,10017,47
14,3,10017,48
14,3,10017,49
14,3,10017,50
14,3,10017,51
14,3,10017,52
14,3,10017,53
14,3,10017,54
14,3,10017,55
14,3,10017,56
14,3,10017,57
14,3,10017,58
14,3,10017,59
14,3,10017,60
14,3,10017,61
14,3,10017,62
14,3,10017,63
14,3,10017,64
14,3,10017,65
14,3,10017,66
14,3,10017,67
14,3,10017,68
14,3,10017,69
14,3,10017,70
14,3,10017,71
14,3,10017,72
14,3,10017,73
14,3,10017,74
14,3,10017,75
14,3,10017,76
14,3,10017,77
14,3,10017,78
14,3,10017,79
14,5,320466,0
14,5,320466,1
14,5,320466,2
14,5,320466,3
14,5,320466,4
14,5,320466,5
14,5,320466,6
14,5,320466,7
14,5,320466,8
14,5,320466,9
14,5,320466,10
14,5,320466,11
14,5,320466,12
14,5,320466,13
14,5,320466,14
14,5,320466,15
14,5,320466,16
14,5,320466,17
14,5,320466,18
14,5,320466,19
14,5,320466,20
14,5,320466,21
14,5,320466,22
14,5,320466,23
14,5,320466,24
14,5,320466,25
14,5,320466,26
14,5,320466,27
14,5,320466,28
14,5,320466,29
14,5,320466,30
14,5,320466,31
14,5,320466,32
14,5,320466,33
14,5,320466,34
14,5,320466,35
14,5,320466,36
14,5,320466,37
14,5,320466,38
14,5,320466,39
14,5,320466,40
14,5,320466,41
14,5,320466,42
14,5,320466,43
14,5,320466,44
14,5,320466,45
14,5,320466,46
14,5,320466,47
14,5,320466,48
14,5,320466,49
14,5,320466,50
14,5,320466,51
14,5,320466,52
14,5,320466,53
14,5,320466,54
14,5,320466,55
14,5,320466,56
14,5,320466,57
14,5,320466,58
14,5,320466,59
14,5,320466,60
14,5,320466,61
14,5,320466,62
14,5,320466,63
14,5,320466,64
14,5,320466,65
14,5,320466,66
14,5,320466,67
14,5,320466,68
14,5,320466,69
14,5,320466,70
14,5,320466,71
14,5,320466,72
14,5,320466,73
14,5,320466,74
14,5,320466,75
14,5,320466,76
14,5,320466,77
14,5,320466,78
14,5,320466,79
14,8,26013,0
14,8,26013,1
14,8,26013,2
14,8,26013,3
14,8,26013,4
14,8,26013,5
14,8,26013,6
14,8,26013,7
14,8,26013,8
14,8,26013,9
14,8,26013,10
14,8,26013,11
14,8,26013,12
14,8,26013,13
14,8,26013,14
14,8,26013,15
14,8,26013,16
14,8,26013,17
14,8,26013,18
14,8,26013,19
14,8,26013,20
14,8,26013,21
14,8,26013,22
14,8,26013,23
14,8,26013,24
14,8,26013,25
14,8,26013,26
14,8,26013,27
14,8,26013,28
14,8,26013,29
14,8,26013,30
14,8,26013,31
14,8,26013,32
14,8,26013,33
14,8,26013,34
14,8,26013,35
14,8,26013,36
14,8,26013,37
14,8,26013,38
14,8,26013,39
14,8,26013,40
14,8,26013,41
14,8,26013,42
14,8,26013,43
14,8,26013,44
14,8,26013,45
14,8,26013,46
14,8,26013,47
14,8,26013,48
14,8,26013,49
14,8,26013,50
14,8,26013,51
14,8,26013,52
14,8,26013,53
14,8,26013,54
14,8,26013,55
14,8,26013,56
14,8,26013,57
14,8,26013,58
14,8,26013,59
14,8,26013,60
14,8,26013,61
14,8,26013,62
14,8,26013,63
14,8,26013,64
14,8,26013,65
14,8,26013,66
14,8,26013,67
14,8,26013,68
14,8,26013,69
14,8,26013,70
14,8,26013,71
14,8,26013,72
14,8,26013,73
14,8,26013,74
14,8,26013,75
14,8,26013,76
14,8,26013,77
14,8,26013,78
14,8,26013,79
14,9,502566,0
14,9,502566,1
14,9,502566,2
14,9,502566,3
14,9,502566,4
14,9,502566,5
14,9,502566,6
14,9,502566,7
14,9,502566,8
14,9,502566,9
14,9,502566,10
14,9,502566,11
14,9,502566,12
14,9,502566,13
14,9,502566,14
14,9,502566,15
14,9,502566,16
14,9,502566,17
14,9,502566,18
14,9,502566,19
14,9,502566,20
14,9,502566,21
14,9,502566,22
14,9,502566,23
14,9,502566,24
14,9,502566,25
14,9,502566,26
14,9,502566,27
14,9,502566,28
14,9,502566,29
14,9,502566,30
14,9,502566,31
14,9,502566,32
14,9,502566,33
14,9,502566,34
14,9,502566,35
14,9,502566,36
14,9,502566,37
14,9,502566,38
14,9,502566,39
14,9,502566,40
14,9,502566,41
14,9,502566,42
14,9,502566,43
14,9,502566,44
14,9,502566,45
14,9,502566,46
14,9,502566,47
14,9,502566,48
14,9,502566,49
14,9,502566,50
14,9,502566,51
14,9,502566,52
14,9,502566,53
14,9,502566,54
14,9,502566,55
14,9,502566,56
14,9,502566,57
14,9,502566,58
14,9,502566,59
14,9,502566,60
14,9,502566,61
14,9,502566,62
14,9,502566,63
14,9,502566,64
14,9,502566,65
14,9,502566,66
14,9,502566,67
14,9,502566,68
14,9,502566,69
14,9,502566,70
14,9,502566,71
14,9,502566,72
14,9,502566,73
14,9,502566,74
14,9,502566,75
14,9,502566,76
14,9,502566,77
14,9,502566,78
14,9,502566,79
14,21,1124901,0
14,21,1124901,1
14,21,1124901,2
14,21,1124901,3
14,21,1124901,4
14,21,1124901,5
14,21,1124901,6
14,21,1124901,7
14,21,1124901,8
14,21,1124901,9
14,21,1124901,10
14,21,1124901,11
14,21,1124901,12
14,21,1124901,13
14,21,1124901,14
14,21,1124901,15
14,21,1124901,16
14,21,1124901,17
14,21,1124901,18
14,21,1124901,19
14,21,1124901,20
14,21,1124901,21
14,21,1124901,22
14,21,1124901,23
14,21,1124901,24
14,21,1124901,25
14,21,1124901,26
14,21,1124901,27
14,21,1124901,28
14,21,1124901,29
14,21,1124901,30
14,21,1124901,31
14,21,1124901,32
14,21,1124901,33
14,21,1124901,34
14,21,1124901,35
14,21,1124901,36
14,21,1124901,37
14,21,1124901,38
14,21,1124901,39
14,21,1124901,40
14,21,1124901,41
14,21,1124901,42
14,21,1124901,43
14,21,1124901,44
14,21,1124901,45
14,21,1124901,46
14,21,1124901,47
14,21,1124901,48
14,21,1124901,49
14,21,1124901,50
14,21,1124901,51
14,21,1124901,52
14,21,1124901,53
14,21,1124901,54
14,21,1124901,55
14,21,1124901,56
14,21,1124901,57
14,21,1124901,58
14,21,1124901,59
14,21,1124901,60
14,21,1124901,61
14,21,1124901,62
14,21,1124901,63
14,21,1124901,64
14,21,1124901,65
14,21,1124901,66
14,21,1124901,67
14,21,1124901,68
14,21,1124901,69
14,21,1124901,70
14,21,1124901,71
14,21,1124901,72
14,21,1124901,73
14,21,1124901,74
14,21,1124901,75
14,21,1124901,76
14,21,1124901,77
14,21,1124901,78
14,21,1124901,79
14,12,6846,0
14,12,6846,1
14,12,6846,2
14,12,6846,3
14,12,6846,4
14,12,6846,5
14,12,6846,6
14,12,6846,7
14,12,6846,8
14,12,6846,9
14,12,6846,10
14,12,6846,11
14,12,6846,12
14,12,6846,13
14,12,6846,14
14,12,6846,15
14,12,6846,16
14,12,6846,17
14,12,6846,18
14,12,6846,19
14,12,6846,20
14,12,6846,21
14,12,6846,22
14,12,6846,23
14,12,6846,24
14,12,6846,25
14,12,6846,26
14,12,6846,27
14,12,6846,28
14,12,6846,29
14,12,6846,30
14,12,6846,31
14,12,6846,32
14,12,6846,33
14,12,6846,34
14,12,6846,35
14,12,6846,36
14,12,6846,37
14,12,6846,38
14,12,6846,39
14,12,6846,40
14,12,6846,41
14,12,6846,42
14,12,6846,43
14,12,6846,44
14,12,6846,45
14,12,6846,46
14,12,6846,47
14,12,6846,48
14,12,6846,49
14,12,6846,50
14,12,6846,51
14,12,6846,52
14,12,6846,53
14,12,6846,54
14,12,6846,55
14,12,6846,56
14,12,6846,57
14,12,6846,58
14,12,6846,59
14,12,6846,60
14,12,6846,61
14,12,6846,62
14,12,6846,63
14,12,6846,64
14,12,6846,65
14,12,6846,66
14,12,6846,67
14,12,6846,68
14,12,6846,69
14,12,6846,70
14,12,6846,71
14,12,6846,72
14,12,6846,73
14,12,6846,74
14,12,6846,75
14,12,6846,76
14,12,6846,77
14,12,6846,78
14,12,6846,79
14,39,436656,0
14,39,436656,1
14,39,436656,2
14,39,436656,3
14,39,436656,4
14,39,436656,5
14,39,436656,6
14,39,436656,7
14,39,436656,8
14,39,436656,9
14,39,436656,10
14,39,436656,11
14,39,436656,12
14,39,436656,13
14,39,436656,14
14,39,436656,15
14,39,436656,16
14,39,436656,17
14,39,436656,18
14,39,436656,19
14,39,436656,20
14,39,436656,21
14,39,436656,22
14,39,436656,23
14,39,436656,24
14,39,436656,25
14,39,436656,26
14,39,436656,27
14,39,436656,28
14,39,436656,29
14,39,436656,30
14,39,436656,31
14,39,436656,32
14,39,436656,33
14,39,436656,34
14,39,436656,35
14,39,436656,36
14,39,436656,37
14,39,436656,38
14,39,436656,39
14,39,436656,40
14,39,436656,41
14,39,436656,42
14,39,436656,43
14,39,436656,44
14,39,436656,45
14,39,436656,46
14,39,436656,47
14,39,436656,48
14,39,436656,49
14,39,436656,50
14,39,436656,51
14,39,436656,52
14,39,436656,53
14,39,436656,54
14,39,436656,55
14,39,436656,56
14,39,436656,57
14,39,436656,58
14,39,436656,59
14,39,436656,60
14,39,436656,61
14,39,436656,62
14,39,436656,63
14,39,436656,64
14,39,436656,65
14,39,436656,66
14,39,436656,67
14,39,436656,68
14,39,436656,69
14,39,436656,70
14,39,436656,71
14,39,436656,72
14,39,436656,73
14,39,436656,74
14,39,436656,75
14,39,436656,76
14,39,436656,77
14,39,436656,78
14,39,436656,79
14,18,7728,0
14,18,7728,1
14,18,7728,2
14,18,7728,3
14,18,7728,4
14,18,7728,5
14,18,7728,6
14,18,7728,7
14,18,7728,8
14,18,7728,9
14,18,7728,10
14,18,7728,11
14,18,7728,12
14,18,7728,13
14,18,7728,14
14,18,7728,15
14,18,7728,16
14,18,7728,17
14,18,7728,18
14,18,7728,19
14,18,7728,20
14,18,7728,21
14,18,7728,22
14,18,7728,23
14,18,7728,24
14,18,7728,25
14,18,7728,26
14,18,7728,27
14,18,7728,28
14,18,7728,29
14,18,7728,30
14,18,7728,31
14,18,7728,32
14,18,7728,33
14,18,7728,34
14,18,7728,35
14,18,7728,36
14,18,7728,37
14,18,7728,38
14,18,7728,39
14,18,7728,40
14,18,7728,41
14,18,7728,42
14,18,7728,43
14,18,7728,44
14,18,7728,45
14,18,7728,46
14,18,7728,47
14,18,7728,48
14,18,7728,49
14,18,7728,50
14,18,7728,51
14,18,7728,52
14,18,7728,53
14,18,7728,54
14,18,7728,55
14,18,7728,56
14,18,7728,57
14,18,7728,58
14,18,7728,59
14,18,7728,60
14,18,7728,61
14,18,7728,62
14,18,7728,63
14,18,7728,64
14,18,7728,65
14,18,7728,66
14,18,7728,67
14,18,7728,68
14,18,7728,69
14,18,7728,70
14,18,7728,71
14,18,7728,72
14,18,7728,73
14,18,7728,74
14,18,7728,75
14,18,7728,76
14,18,7728,77
14,18,7728,78
14,18,7728,79
14,20,249984,0
14,20,249984,1
14,20,249984,2
14,20,249984,3
14,20,249984,4
14,20,249984,5
14,20,249984,6
14,20,249984,7
14,20,249984,8
14,20,249984,9
14,20,249984,10
14,20,249984,11
14,20,249984,12
14,20,249984,13
14,20,249984,14
14,20,249984,15
14,20,249984,16
14,20,249984,17
14,20,249984,18
14,20,249984,19
14,20,249984,20
14,20,249984,21
14,20,249984,22
14,20,249984,23
14,20,249984,24
14,20,249984,25
14,20,249984,26
14,20,249984,27
14,20,249984,28
14,20,249984,29
14,20,249984,30
14,20,249984,31
14,20,249984,32
14,20,249984,33
14,20,249984,34
14,20,249984,35
14,20,249984,36
14,20,249984,37
14,20,249984,38
14,20,249984,39
14,20,249984,40
14,20,249984,41
14,20,249984,42
14,20,249984,43
14,20,249984,44
14,20,249984,45
14,20,249984,46
14,20,249984,47
14,20,249984,48
14,20,249984,49
14,20,249984,50
14,20,249984,51
14,20,249984,52
14,20,249984,53
14,20,249984,54
14,20,249984,55
14,20,249984,56
14,20,249984,57
14,20,249984,58
14,20,249984,59
14,20,249984,60
14,20,249984,61
14,20,249984,62
14,20,249984,63
14,20,249984,64
14,20,249984,65
14,20,249984,66
14,20,249984,67
14,20,249984,68
14,20,249984,69
14,20,249984,70
14,20,249984,71
14,20,249984,72
14,20,249984,73
14,20,249984,74
14,20,249984,75
14,20,249984,76
14,20,249984,77
14,20,249984,78
14,20,249984,79
14,27,532953,0
14,27,532953,1
14,27,532953,2
14,27,532953,3
14,27,532953,4
14,27,532953,5
14,27,532953,6
14,27,532953,7
14,27,532953,8
14,27,532953,9
14,27,532953,10
14,27,532953,11
14,27,532953,12
14,27,532953,13
14,27,532953,14
14,27,532953,15
14,27,532953,16
14,27,532953,17
14,27,532953,18
14,27,532953,19
14,27,532953,20
14,27,532953,21
14,27,532953,22
14,27,532953,23
14,27,532953,24
14,27,532953,25
14,27,532953,26
14,27,532953,27
14,27,532953,28
14,27,532953,29
14,27,532953,30
14,27,532953,31
14,27,532953,32
14,27,532953,33
14,27,532953,34
14,27,532953,35
14,27,532953,36
14,27,532953,37
14,27,532953,38
14,27,532953,39
14,27,532953,40
14,27,532953,41
14,27,532953,42
14,27,532953,43
14,27,532953,44
14,27,532953,45
14,27,532953,46
14,27,532953,47
14,27,532953,48
14,27,532953,49
14,27,532953,50
14,27,532953,51
14,27,532953,52
14,27,532953,53
14,27,532953,54
14,27,532953,55
14,27,532953,56
14,27,532953,57
14,27,532953,58
14,27,532953,59
14,27,532953,60
14,27,532953,61
14,27,532953,62
14,27,532953,63
14,27,532953,64
14,27,532953,65
14,27,532953,66
14,27,532953,67
14,27,532953,68
14,27,532953,69
14,27,532953,70
14,27,532953,71
14,27,532953,72
14,27,532953,73
14,27,532953,74
14,27,532953,75
14,27,532953,76
14,27,532953,77
14,27,532953,78
14,27,532953,79
14,29,5385,0
14,29,5385,1
14,29,5385,2
14,29,5385,3
14,29,5385,4
14,29,5385,5
14,29,5385,6
14,29,5385,7
14,29,5385,8
14,29,5385,9
14,29,5385,10
14,29,5385,11
14,29,5385,12
14,29,5385,13
14,29,5385,14
14,29,5385,15
14,29,5385,16
14,29,5385,17
14,29,5385,18
14,29,5385,19
14,29,5385,20
14,29,5385,21
14,29,5385,22
14,29,5385,23
14,29,5385,24
14,29,5385,25
14,29,5385,26
14,29,5385,27
14,29,5385,28
14,29,5385,29
14,29,5385,30
14,29,5385,31
14,29,5385,32
14,29,5385,33
14,29,5385,34
14,29,5385,35
14,29,5385,36
14,29,5385,37
14,29,5385,38
14,29,5385,39
14,29,5385,40
14,29,5385,41
14,29,5385,42
14,29,5385,43
14,29,5385,44
14,29,5385,45
14,29,5385,46
14,29,5385,47
14,29,5385,48
14,29,5385,49
14,29,5385,50
14,29,5385,51
14,29,5385,52
14,29,5385,53
14,29,5385,54
14,29,5385,55
14,29,5385,56
14,29,5385,57
14,29,5385,58
14,29,5385,59
14,29,5385,60
14,29,5385,61
14,29,5385,62
14,29,5385,63
14,29,5385,64
14,29,5385,65
14,29,5385,66
14,29,5385,67
14,29,5385,68
14,29,5385,69
14,29,5385,70
14,29,5385,71
14,29,5385,72
14,29,5385,73
14,29,5385,74
14,29,5385,75
14,29,5385,76
14,29,5385,77
14,29,5385,78
14,29,5385,79
39,0,62934,0
39,0,62934,1
39,0,62934,2
39,0,62934,3
39,0,62934,4
39,0,62934,5
39,0,62934,6
39,0,62934,7
39,0,62934,8
39,0,62934,9
39,0,62934,10
39,0,62934,11
39,0,62934,12
39,0,62934,13
39,0,62934,14
39,0,62934,15
39,0,62934,16
39,0,62934,17
39,0,62934,18
39,0,62934,19
39,0,62934,20
39,0,62934,21
39,0,62934,22
39,0,62934,23
39,0,62934,24
39,0,62934,25
39,0,62934,26
39,0,62934,27
39,0,62934,28
39,0,62934,29
39,0,62934,30
39,0,62934,31
39,0,62934,32
39,0,62934,33
39,0,62934,34
39,0,62934,35
39,0,62934,36
39,0,62934,37
39,0,62934,38
39,0,62934,39
39,0,62934,40
39,0,62934,41
39,0,62934,42
39,0,62934,43
39,0,62934,44
39,0,62934,45
39,0,62934,46
39,0,62934,47
39,0,62934,48
39,0,62934,49
39,0,62934,50
39,0,62934,51
39,0,62934,52
39,0,62934,53
39,0,62934,54
39,0,62934,55
39,0,62934,56
39,0,62934,57
39,0,62934,58
39,0,62934,59
39,0,62934,60
39,0,62934,61
39,0,62934,62
39,0,62934,63
39,0,62934,64
39,0,62934,65
39,0,62934,66
39,0,62934,67
39,0,62934,68
39,0,62934,69
39,0,62934,70
39,0,62934,71
39,0,62934,72
39,0,62934,73
39,0,62934,74
39,0,62934,75
39,0,62934,76
39,0,62934,77
39,0,62934,78
39,0,62934,79
39,26,62781,0
39,26,62781,1
39,26,62781,2
39,26,62781,3
39,26,62781,4
39,26,62781,5
39,26,62781,6
39,26,62781,7
39,26,62781,8
39,26,62781,9
39,26,62781,10
39,26,62781,11
39,26,62781,12
39,26,62781,13
39,26,62781,14
39,26,62781,15
39,26,62781,16
39,26,62781,17
39,26,62781,18
39,26,62781,19
39,26,62781,20
39,26,62781,21
39,26,62781,22
39,26,62781,23
39,26,62781,24
39,26,62781,25
39,26,62781,26
39,26,62781,27
39,26,62781,28
39,26,62781,29
39,26,62781,30
39,26,62781,31
39,26,62781,32
39,26,62781,33
39,26,62781,34
39,26,62781,35
39,26,62781,36
39,26,62781,37
39,26,62781,38
39,26,62781,39
39,26,62781,40
39,26,62781,41
39,26,62781,42
39,26,62781,43
39,26,62781,44
39,26,62781,45
39,26,62781,46
39,26,62781,47
39,26,62781,48
39,26,62781,49
39,26,62781,50
39,26,62781,51
39,26,62781,52
39,26,62781,53
39,26,62781,54
39,26,62781,55
39,26,62781,56
39,26,62781,57
39,26,62781,58
39,26,62781,59
39,26,62781,60
39,26,62781,61
39,26,62781,62
39,26,62781,63
39,26,62781,64
39,26,62781,65
39,26,62781,66
39,26,62781,67
39,26,62781,68
39,26,62781,69
39,26,62781,70
39,26,62781,71
39,26,62781,72
39,26,62781,73
39,26,62781,74
39,26,62781,75
39,26,62781,76
39,26,62781,77
39,26,62781,78
39,26,62781,79
39,1,303561,0
39,1,303561,1
39,1,303561,2
39,1,303561,3
39,1,303561,4
39,1,303561,5
39,1,303561,6
39,1,303561,7
39,1,303561,8
39,1,303561,9
39,1,303561,10
39,1,303561,11
39,1,303561,12
39,1,303561,13
39,1,303561,14
39,1,303561,15
39,1,303561,16
39,1,303561,17
39,1,303561,18
39,1,303561,19
39,1,303561,20
39,1,303561,21
39,1,303561,22
39,1,303561,23
39,1,303561,24
39,1,303561,25
39,1,303561,26
39,1,303561,27
39,1,303561,28
39,1,303561,29
39,1,303561,30
39,1,303561,31
39,1,303561,32
39,1,303561,33
39,1,303561,34
39,1,303561,35
39,1,303561,36
39,1,303561,37
39,1,303561,38
39,1,303561,39
39,1,303561,40
39,1,303561,41
39,1,303561,42
39,1,303561,43
39,1,303561,44
39,1,303561,45
39,1,303561,46
39,1,303561,47
39,1,303561,48
39,1,303561,49
39,1,303561,50
39,1,303561,51
39,1,303561,52
39,1,303561,53
39,1,303561,54
39,1,303561,55
39,1,303561,56
39,1,303561,57
39,1,303561,58
39,1,303561,59
39,1,303561,60
39,1,303561,61
39,1,303561,62
39,1,303561,63
39,1,303561,64
39,1,303561,65
39,1,303561,66
39,1,303561,67
39,1,303561,68
39,1,303561,69
39,1,303561,70
39,1,303561,71
39,1,303561,72
39,1,303561,73
39,1,303561,74
39,1,303561,75
39,1,303561,76
39,1,303561,77
39,1,303561,78
39,1,303561,79
39,19,75756,0
39,19,75756,1
39,19,75756,2
39,19,75756,3
39,19,75756,4
39,19,75756,5
39,19,75756,6
39,19,75756,7
39,19,75756,8
39,19,75756,9
39,19,75756,10
39,19,75756,11
39,19,75756,12
39,19,75756,13
39,19,75756,14
39,19,75756,15
39,19,75756,16
39,19,75756,17
39,19,75756,18
39,19,75756,19
39,19,75756,20
39,19,75756,21
39,19,75756,22
39,19,75756,23
39,19,75756,24
39,19,75756,25
39,19,75756,26
39,19,75756,27
39,19,75756,28
39,19,75756,29
39,19,75756,30
39,19,75756,31
39,19,75756,32
39,19,75756,33
39,19,75756,34
39,19,75756,35
39,19,75756,36
39,19,75756,37
39,19,75756,38
39,19,75756,39
39,19,75756,40
39,19,75756,41
39,19,75756,42
39,19,75756,43
39,19,75756,44
39,19,75756,45
39,19,75756,46
39,19,75756,47
39,19,75756,48
39,19,75756,49
39,19,75756,50
39,19,75756,51
39,19,75756,52
39,19,75756,53
39,19,75756,54
39,19,75756,55
39,19,75756,56
39,19,75756,57
39,19,75756,58
39,19,75756,59
39,19,75756,60
39,19,75756,61
39,19,75756,62
39,19,75756,63
39,19,75756,64
39,19,75756,65
39,19,75756,66
39,19,75756,67
39,19,75756,68
39,19,75756,69
39,19,75756,70
39,19,75756,71
39,19,75756,72
39,19,75756,73
39,19,75756,74
39,19,75756,75
39,19,75756,76
39,19,75756,77
39,19,75756,78
39,19,75756,79
39,17,55797,0
39,17,55797,1
39,17,55797,2
39,17,55797,3
39,17,55797,4
39,17,55797,5
39,17,55797,6
39,17,55797,7
39,17,55797,8
39,17,55797,9
39,17,55797,10
39,17,55797,11
39,17,55797,12
39,17,55797,13
39,17,55797,14
39,17,55797,15
39,17,55797,16
39,17,55797,17
39,17,55797,18
39,17,55797,19
39,17,55797,20
39,17,55797,21
39,17,55797,22
39,17,55797,23
39,17,55797,24
39,17,55797,25
39,17,55797,26
39,17,55797,27
39,17,55797,28
39,17,55797,29
39,17,55797,30
39,17,55797,31
39,17,55797,32
39,17,55797,33
39,17,55797,34
39,17,55797,35
39,17,55797,36
39,17,55797,37
39,17,55797,38
39,17,55797,39
39,17,55797,40
39,17,55797,41
39,17,55797,42
39,17,55797,43
39,17,55797,44
39,17,55797,45
39,17,55797,46
39,17,55797,47
39,17,55797,48
39,17,55797,49
39,17,55797,50
39,17,55797,51
39,17,55797,52
39,17,55797,53
39,17,55797,54
39,17,55797,55
39,17,55797,56
39,17,55797,57
39,17,55797,58
39,17,55797,59
39,17,55797,60
39,17,55797,61
39,17,55797,62
39,17,55797,63
39,17,55797,64
39,17,55797,65
39,17,55797,66
39,17,55797,67
39,17,55797,68
39,17,55797,69
39,17,55797,70
39,17,55797,71
39,17,55797,72
39,17,55797,73
39,17,55797,74
39,17,55797,75
39,17,55797,76
39,17,55797,77
39,17,55797,78
39,17,55797,79
39,3,5205,0
39,3,5205,1
39,3,5205,2
39,3,5205,3
39,3,5205,4
39,3,5205,5
39,3,5205,6
39,3,5205,7
39,3,5205,8
39,3,5205,9
39,3,5205,10
39,3,5205,11
39,3,5205,12
39,3,5205,13
39,3,5205,14
39,3,5205,15
39,3,5205,16
39,3,5205,17
39,3,5205,18
39,3,5205,19
39,3,5205,20
39,3,5205,21
39,3,5205,22
39,3,5205,23
39,3,5205,24
39,3,5205,25
39,3,5205,26
39,3,5205,27
39,3,5205,28
39,3,5205,29
39,3,5205,30
39,3,5205,31
39,3,5205,32
39,3,5205,33
39,3,5205,34
39,3,5205,35
39,3,5205,36
39,3,5205,37
39,3,5205,38
39,3,5205,39
39,3,5205,40
39,3,5205,41
39,3,5205,42
39,3,5205,43
39,3,5205,44
39,3,5205,45
39,3,5205,46
39,3,5205,47
39,3,5205,48
39,3,5205,49
39,3,5205,50
39,3,5205,51
39,3,5205,52
39,3,5205,53
39,3,5205,54
39,3,5205,55
39,3,5205,56
39,3,5205,57
39,3,5205,58
39,3,5205,59
39,3,5205,60
39,3,5205,61
39,3,5205,62
39,3,5205,63
39,3,5205,64
39,3,5205,65
39,3,5205,66
39,3,5205,67
39,3,5205,68
39,3,5205,69
39,3,5205,70
39,3,5205,71
39,3,5205,72
39,3,5205,73
39,3,5205,74
39,3,5205,75
39,3,5205,76
39,3,5205,77
39,3,5205,78
39,3,5205,79
39,5,167253,0
39,5,167253,1
39,5,167253,2
39,5,167253,3
39,5,167253,4
39,5,167253,5
39,5,167253,6
39,5,167253,7
39,5,167253,8
39,5,167253,9
39,5,167253,10
39,5,167253,11
39,5,167253,12
39,5,167253,13
39,5,167253,14
39,5,167253,15
39,5,167253,16
39,5,167253,17
39,5,167253,18
39,5,167253,19
39,5,167253,20
39,5,167253,21
39,5,167253,22
39,5,167253,23
39,5,167253,24
39,5,167253,25
39,5,167253,26
39,5,167253,27
39,5,167253,28
39,5,167253,29
39,5,167253,30
39,5,167253,31
39,5,167253,32
39,5,167253,33
39,5,167253,34
39,5,167253,35
39,5,167253,36
39,5,167253,37
39,5,167253,38
39,5,167253,39
39,5,167253,40
39,5,167253,41
39,5,167253,42
39,5,167253,43
39,5,167253,44
39,5,167253,45
39,5,167253,46
39,5,167253,47
39,5,167253,48
39,5,167253,49
39,5,167253,50
39,5,167253,51
39,5,167253,52
39,5,167253,53
39,5,167253,54
39,5,167253,55
39,5,167253,56
39,5,167253,57
39,5,167253,58
39,5,167253,59
39,5,167253,60
39,5,167253,61
39,5,167253,62
39,5,167253,63
39,5,167253,64
39,5,167253,65
39,5,167253,66
39,5,167253,67
39,5,167253,68
39,5,167253,69
39,5,167253,70
39,5,167253,71
39,5,167253,72
39,5,167253,73
39,5,167253,74
39,5,167253,75
39,5,167253,76
39,5,167253,77
39,5,167253,78
39,5,167253,79
39,8,8223,0
39,8,8223,1
39,8,8223,2
39,8,8223,3
39,8,8223,4
39,8,8223,5
39,8,8223,6
39,8,8223,7
39,8,8223,8
39,8,8223,9
39,8,8223,10
39,8,8223,11
39,8,8223,12
39,8,8223,13
39,8,8223,14
39,8,8223,15
39,8,8223,16
39,8,8223,17
39,8,8223,18
39,8,8223,19
39,8,8223,20
39,8,8223,21
39,8,8223,22
39,8,8223,23
39,8,8223,24
39,8,8223,25
39,8,8223,26
39,8,8223,27
39,8,8223,28
39,8,8223,29
39,8,8223,30
39,8,8223,31
39,8,8223,32
39,8,8223,33
39,8,8223,34
39,8,8223,35
39,8,8223,36
39,8,8223,37
39,8,8223,38
39,8,8223,39
39,8,8223,40
39,8,8223,41
39,8,8223,42
39,8,8223,43
39,8,8223,44
39,8,8223,45
39,8,8223,46
39,8,8223,47
39,8,8223,48
39,8,8223,49
39,8,8223,50
39,8,8223,51
39,8,8223,52
39,8,8223,53
39,8,8223,54
39,8,8223,55
39,8,8223,56
39,8,8223,57
39,8,8223,58
39,8,8223,59
39,8,8223,60
39,8,8223,61
39,8,8223,62
39,8,8223,63
39,8,8223,64
39,8,8223,65
39,8,8223,66
39,8,8223,67
39,8,8223,68
39,8,8223,69
39,8,8223,70
39,8,8223,71
39,8,8223,72
39,8,8223,73
39,8,8223,74
39,8,8223,75
39,8,8223,76
39,8,8223,77
39,8,8223,78
39,8,8223,79
39,9,239706,0
39,9,239706,1
39,9,239706,2
39,9,239706,3
39,9,239706,4
39,9,239706,5
39,9,239706,6
39,9,239706,7
39,9,239706,8
39,9,239706,9
39,9,239706,10
39,9,239706,11
39,9,239706,12
39,9,239706,13
39,9,239706,14
39,9,239706,15
39,9,239706,16
39,9,239706,17
39,9,239706,18
39,9,239706,19
39,9,239706,20
39,9,239706,21
39,9,239706,22
39,9,239706,23
39,9,239706,24
39,9,239706,25
39,9,239706,26
39,9,239706,27
39,9,239706,28
39,9,239706,29
39,9,239706,30
39,9,239706,31
39,9,239706,32
39,9,239706,33
39,9,239706,34
39,9,239706,35
39,9,239706,36
39,9,239706,37
39,9,239706,38
39,9,239706,39
39,9,239706,40
39,9,239706,41
39,9,239706,42
39,9,239706,43
39,9,239706,44
39,9,239706,45
39,9,239706,46
39,9,239706,47
39,9,239706,48
39,9,239706,49
39,9,239706,50
39,9,239706,51
39,9,239706,52
39,9,239706,53
39,9,239706,54
39,9,239706,55
39,9,239706,56
39,9,239706,57
39,9,239706,58
39,9,239706,59
39,9,239706,60
39,9,239706,61
39,9,239706,62
39,9,239706,63
39,9,239706,64
39,9,239706,65
39,9,239706,66
39,9,239706,67
39,9,239706,68
39,9,239706,69
39,9,239706,70
39,9,239706,71
39,9,239706,72
39,9,239706,73
39,9,239706,74
39,9,239706,75
39,9,239706,76
39,9,239706,77
39,9,239706,78
39,9,239706,79
39,21,436158,0
39,21,436158,1
39,21,436158,2
39,21,436158,3
39,21,436158,4
39,21,436158,5
39,21,436158,6
39,21,436158,7
39,21,436158,8
39,21,436158,9
39,21,436158,10
39,21,436158,11
39,21,436158,12
39,21,436158,13
39,21,436158,14
39,21,436158,15
39,21,436158,16
39,21,436158,17
39,21,436158,18
39,21,436158,19
39,21,436158,20
39,21,436158,21
39,21,436158,22
39,21,436158,23
39,21,436158,24
39,21,436158,25
39,21,436158,26
39,21,436158,27
39,21,436158,28
39,21,436158,29
39,21,436158,30
39,21,436158,31
39,21,436158,32
39,21,436158,33
39,21,436158,34
39,21,436158,35
39,21,436158,36
39,21,436158,37
39,21,436158,38
39,21,436158,39
39,21,436158,40
39,21,436158,41
39,21,436158,42
39,21,436158,43
39,21,436158,44
39,21,436158,45
39,21,436158,46
39,21,436158,47
39,21,436158,48
39,21,436158,49
39,21,436158,50
39,21,436158,51
39,21,436158,52
39,21,436158,53
39,21,436158,54
39,21,436158,55
39,21,436158,56
39,21,436158,57
39,21,436158,58
39,21,436158,59
39,21,436158,60
39,21,436158,61
39,21,436158,62
39,21,436158,63
39,21,436158,64
39,21,436158,65
39,21,436158,66
39,21,436158,67
39,21,436158,68
39,21,436158,69
39,21,436158,70
39,21,436158,71
39,21,436158,72
39,21,436158,73
39,21,436158,74
39,21,436158,75
39,21,436158,76
39,21,436158,77
39,21,436158,78
39,21,436158,79
39,14,299724,0
39,14,299724,1
39,14,299724,2
39,14,299724,3
39,14,299724,4
39,14,299724,5
39,14,299724,6
39,14,299724,7
39,14,299724,8
39,14,299724,9
39,14,299724,10
39,14,299724,11
39,14,299724,12
39,14,299724,13
39,14,299724,14
39,14,299724,15
39,14,299724,16
39,14,299724,17
39,14,299724,18
39,14,299724,19
39,14,299724,20
39,14,299724,21
39,14,299724,22
39,14,299724,23
39,14,299724,24
39,14,299724,25
39,14,299724,26
39,14,299724,27
39,14,299724,28
39,14,299724,29
39,14,299724,30
39,14,299724,31
39,14,299724,32
39,14,299724,33
39,14,299724,34
39,14,299724,35
39,14,299724,36
39,14,299724,37
39,14,299724,38
39,14,299724,39
39,14,299724,40
39,14,299724,41
39,14,299724,42
39,14,299724,43
39,14,299724,44
39,14,299724,45
39,14,299724,46
39,14,299724,47
39,14,299724,48
39,14,299724,49
39,14,299724,50
39,14,299724,51
39,14,299724,52
39,14,299724,53
39,14,299724,54
39,14,299724,55
39,14,299724,56
39,14,299724,57
39,14,299724,58
39,14,299724,59
39,14,299724,60
39,14,299724,61
39,14,299724,62
39,14,299724,63
39,14,299724,64
39,14,299724,65
39,14,299724,66
39,14,299724,67
39,14,299724,68
39,14,299724,69
39,14,299724,70
39,14,299724,71
39,14,299724,72
39,14,299724,73
39,14,299724,74
39,14,299724,75
39,14,299724,76
39,14,299724,77
39,14,299724,78
39,14,299724,79
39,20,138522,0
39,20,138522,1
39,20,138522,2
39,20,138522,3
39,20,138522,4
39,20,138522,5
39,20,138522,6
39,20,138522,7
39,20,138522,8
39,20,138522,9
39,20,138522,10
39,20,138522,11
39,20,138522,12
39,20,138522,13
39,20,138522,14
39,20,138522,15
39,20,138522,16
39,20,138522,17
39,20,138522,18
39,20,138522,19
39,20,138522,20
39,20,138522,21
39,20,138522,22
39,20,138522,23
39,20,138522,24
39,20,138522,25
39,20,138522,26
39,20,138522,27
39,20,138522,28
39,20,138522,29
39,20,138522,30
39,20,138522,31
39,20,138522,32
39,20,138522,33
39,20,138522,34
39,20,138522,35
39,20,138522,36
39,20,138522,37
39,20,138522,38
39,20,138522,39
39,20,138522,40
39,20,138522,41
39,20,138522,42
39,20,138522,43
39,20,138522,44
39,20,138522,45
39,20,138522,46
39,20,138522,47
39,20,138522,48
39,20,138522,49
39,20,138522,50
39,20,138522,51
39,20,138522,52
39,20,138522,53
39,20,138522,54
39,20,138522,55
39,20,138522,56
39,20,138522,57
39,20,138522,58
39,20,138522,59
39,20,138522,60
39,20,138522,61
39,20,138522,62
39,20,138522,63
39,20,138522,64
39,20,138522,65
39,20,138522,66
39,20,138522,67
39,20,138522,68
39,20,138522,69
39,20,138522,70
39,20,138522,71
39,20,138522,72
39,20,138522,73
39,20,138522,74
39,20,138522,75
39,20,138522,76
39,20,138522,77
39,20,138522,78
39,20,138522,79
39,27,147045,0
39,27,147045,1
39,27,147045,2
39,27,147045,3
39,27,147045,4
39,27,147045,5
39,27,147045,6
39,27,147045,7
39,27,147045,8
39,27,147045,9
39,27,147045,10
39,27,147045,11
39,27,147045,12
39,27,147045,13
39,27,147045,14
39,27,147045,15
39,27,147045,16
39,27,147045,17
39,27,147045,18
39,27,147045,19
39,27,147045,20
39,27,147045,21
39,27,147045,22
39,27,147045,23
39,27,147045,24
39,27,147045,25
39,27,147045,26
39,27,147045,27
39,27,147045,28
39,27,147045,29
39,27,147045,30
39,27,147045,31
39,27,147045,32
39,27,147045,33
39,27,147045,34
39,27,147045,35
39,27,147045,36
39,27,147045,37
39,27,147045,38
39,27,147045,39
39,27,147045,40
39,27,147045,41
39,27,147045,42
39,27,147045,43
39,27,147045,44
39,27,147045,45
39,27,147045,46
39,27,147045,47
39,27,147045,48
39,27,147045,49
39,27,147045,50
39,27,147045,51
39,27,147045,52
39,27,147045,53
39,27,147045,54
39,27,147045,55
39,27,147045,56
39,27,147045,57
39,27,147045,58
39,27,147045,59
39,27,147045,60
39,27,147045,61
39,27,147045,62
39,27,147045,63
39,27,147045,64
39,27,147045,65
39,27,147045,66
39,27,147045,67
39,27,147045,68
39,27,147045,69
39,27,147045,70
39,27,147045,71
39,27,147045,72
39,27,147045,73
39,27,147045,74
39,27,147045,75
39,27,147045,76
39,27,147045,77
39,27,147045,78
39,27,147045,79
22,0,38049,0
22,0,38049,1
22,0,38049,2
22,0,38049,3
22,0,38049,4
22,0,38049,5
22,0,38049,6
22,0,38049,7
22,0,38049,8
22,0,38049,9
22,0,38049,10
22,0,38049,11
22,0,38049,12
22,0,38049,13
22,0,38049,14
22,0,38049,15
22,0,38049,16
22,0,38049,17
22,0,38049,18
22,0,38049,19
22,0,38049,20
22,0,38049,21
22,0,38049,22
22,0,38049,23
22,0,38049,24
22,0,38049,25
22,0,38049,26
22,0,38049,27
22,0,38049,28
22,0,38049,29
22,0,38049,30
22,0,38049,31
22,0,38049,32
22,0,38049,33
22,0,38049,34
22,0,38049,35
22,0,38049,36
22,0,38049,37
22,0,38049,38
22,0,38049,39
22,0,38049,40
22,0,38049,41
22,0,38049,42
22,0,38049,43
22,0,38049,44
22,0,38049,45
22,0,38049,46
22,0,38049,47
22,0,38049,48
22,0,38049,49
22,0,38049,50
22,0,38049,51
22,0,38049,52
22,0,38049,53
22,0,38049,54
22,0,38049,55
22,0,38049,56
22,0,38049,57
22,0,38049,58
22,0,38049,59
22,0,38049,60
22,0,38049,61
22,0,38049,62
22,0,38049,63
22,0,38049,64
22,0,38049,65
22,0,38049,66
22,0,38049,67
22,0,38049,68
22,0,38049,69
22,0,38049,70
22,0,38049,71
22,0,38049,72
22,0,38049,73
22,0,38049,74
22,0,38049,75
22,0,38049,76
22,0,38049,77
22,0,38049,78
22,0,38049,79
22,26,54483,0
22,26,54483,1
22,26,54483,2
22,26,54483,3
22,26,54483,4
22,26,54483,5
22,26,54483,6
22,26,54483,7
22,26,54483,8
22,26,54483,9
22,26,54483,10
22,26,54483,11
22,26,54483,12
22,26,54483,13
22,26,54483,14
22,26,54483,15
22,26,54483,16
22,26,54483,17
22,26,54483,18
22,26,54483,19
22,26,54483,20
22,26,54483,21
22,26,54483,22
22,26,54483,23
22,26,54483,24
22,26,54483,25
22,26,54483,26
22,26,54483,27
22,26,54483,28
22,26,54483,29
22,26,54483,30
22,26,54483,31
22,26,54483,32
22,26,54483,33
22,26,54483,34
22,26,54483,35
22,26,54483,36
22,26,54483,37
22,26,54483,38
22,26,54483,39
22,26,54483,40
22,26,54483,41
22,26,54483,42
22,26,54483,43
22,26,54483,44
22,26,54483,45
22,26,54483,46
22,26,54483,47
22,26,54483,48
22,26,54483,49
22,26,54483,50
22,26,54483,51
22,26,54483,52
22,26,54483,53
22,26,54483,54
22,26,54483,55
22,26,54483,56
22,26,54483,57
22,26,54483,58
22,26,54483,59
22,26,54483,60
22,26,54483,61
22,26,54483,62
22,26,54483,63
22,26,54483,64
22,26,54483,65
22,26,54483,66
22,26,54483,67
22,26,54483,68
22,26,54483,69
22,26,54483,70
22,26,54483,71
22,26,54483,72
22,26,54483,73
22,26,54483,74
22,26,54483,75
22,26,54483,76
22,26,54483,77
22,26,54483,78
22,26,54483,79
22,1,82776,0
22,1,82776,1
22,1,82776,2
22,1,82776,3
22,1,82776,4
22,1,82776,5
22,1,82776,6
22,1,82776,7
22,1,82776,8
22,1,82776,9
22,1,82776,10
22,1,82776,11
22,1,82776,12
22,1,82776,13
22,1,82776,14
22,1,82776,15
22,1,82776,16
22,1,82776,17
22,1,82776,18
22,1,82776,19
22,1,82776,20
22,1,82776,21
22,1,82776,22
22,1,82776,23
22,1,82776,24
22,1,82776,25
22,1,82776,26
22,1,82776,27
22,1,82776,28
22,1,82776,29
22,1,82776,30
22,1,82776,31
22,1,82776,32
22,1,82776,33
22,1,82776,34
22,1,82776,35
22,1,82776,36
22,1,82776,37
22,1,82776,38
22,1,82776,39
22,1,82776,40
22,1,82776,41
22,1,82776,42
22,1,82776,43
22,1,82776,44
22,1,82776,45
22,1,82776,46
22,1,82776,47
22,1,82776,48
22,1,82776,49
22,1,82776,50
22,1,82776,51
22,1,82776,52
22,1,82776,53
22,1,82776,54
22,1,82776,55
22,1,82776,56
22,1,82776,57
22,1,82776,58
22,1,82776,59
22,1,82776,60
22,1,82776,61
22,1,82776,62
22,1,82776,63
22,1,82776,64
22,1,82776,65
22,1,82776,66
22,1,82776,67
22,1,82776,68
22,1,82776,69
22,1,82776,70
22,1,82776,71
22,1,82776,72
22,1,82776,73
22,1,82776,74
22,1,82776,75
22,1,82776,76
22,1,82776,77
22,1,82776,78
22,1,82776,79
22,19,42945,0
22,19,42945,1
22,19,42945,2
22,19,42945,3
22,19,42945,4
22,19,42945,5
22,19,42945,6
22,19,42945,7
22,19,42945,8
22,19,42945,9
22,19,42945,10
22,19,42945,11
22,19,42945,12
22,19,42945,13
22,19,42945,14
22,19,42945,15
22,19,42945,16
22,19,42945,17
22,19,42945,18
22,19,42945,19
22,19,42945,20
22,19,42945,21
22,19,42945,22
22,19,42945,23
22,19,42945,24
22,19,42945,25
22,19,42945,26
22,19,42945,27
22,19,42945,28
22,19,42945,29
22,19,42945,30
22,19,42945,31
22,19,42945,32
22,19,42945,33
22,19,42945,34
22,19,42945,35
22,19,42945,36
22,19,42945,37
22,19,42945,38
22,19,42945,39
22,19,42945,40
22,19,42945,41
22,19,42945,42
22,19,42945,43
22,19,42945,44
22,19,42945,45
22,19,42945,46
22,19,42945,47
22,19,42945,48
22,19,42945,49
22,19,42945,50
22,19,42945,51
22,19,42945,52
22,19,42945,53
22,19,42945,54
22,19,42945,55
22,19,42945,56
22,19,42945,57
22,19,42945,58
22,19,42945,59
22,19,42945,60
22,19,42945,61
22,19,42945,62
22,19,42945,63
22,19,42945,64
22,19,42945,65
22,19,42945,66
22,19,42945,67
22,19,42945,68
22,19,42945,69
22,19,42945,70
22,19,42945,71
22,19,42945,72
22,19,42945,73
22,19,42945,74
22,19,42945,75
22,19,42945,76
22,19,42945,77
22,19,42945,78
22,19,42945,79
22,17,37149,0
22,17,37149,1
22,17,37149,2
22,17,37149,3
22,17,37149,4
22,17,37149,5
22,17,37149,6
22,17,37149,7
22,17,37149,8
22,17,37149,9
22,17,37149,10
22,17,37149,11
22,17,37149,12
22,17,37149,13
22,17,37149,14
22,17,37149,15
22,17,37149,16
22,17,37149,17
22,17,37149,18
22,17,37149,19
22,17,37149,20
22,17,37149,21
22,17,37149,22
22,17,37149,23
22,17,37149,24
22,17,37149,25
22,17,37149,26
22,17,37149,27
22,17,37149,28
22,17,37149,29
22,17,37149,30
22,17,37149,31
22,17,37149,32
22,17,37149,33
22,17,37149,34
22,17,37149,35
22,17,37149,36
22,17,37149,37
22,17,37149,38
22,17,37149,39
22,17,37149,40
22,17,37149,41
22,17,37149,42
22,17,37149,43
22,17,37149,44
22,17,37149,45
22,17,37149,46
22,17,37149,47
22,17,37149,48
22,17,37149,49
22,17,37149,50
22,17,37149,51
22,17,37149,52
22,17,37149,53
22,17,37149,54
22,17,37149,55
22,17,37149,56
22,17,37149,57
22,17,37149,58
22,17,37149,59
22,17,37149,60
22,17,37149,61
22,17,37149,62
22,17,37149,63
22,17,37149,64
22,17,37149,65
22,17,37149,66
22,17,37149,67
22,17,37149,68
22,17,37149,69
22,17,37149,70
22,17,37149,71
22,17,37149,72
22,17,37149,73
22,17,37149,74
22,17,37149,75
22,17,37149,76
22,17,37149,77
22,17,37149,78
22,17,37149,79
22,3,16722,0
22,3,16722,1
22,3,16722,2
22,3,16722,3
22,3,16722,4
22,3,16722,5
22,3,16722,6
22,3,16722,7
22,3,16722,8
22,3,16722,9
22,3,16722,10
22,3,16722,11
22,3,16722,12
22,3,16722,13
22,3,16722,14
22,3,16722,15
22,3,16722,16
22,3,16722,17
22,3,16722,18
22,3,16722,19
22,3,16722,20
22,3,16722,21
22,3,16722,22
22,3,16722,23
22,3,16722,24
22,3,16722,25
22,3,16722,26
22,3,16722,27
22,3,16722,28
22,3,16722,29
22,3,16722,30
22,3,16722,31
22,3,16722,32
22,3,16722,33
22,3,16722,34
22,3,16722,35
22,3,16722,36
22,3,16722,37
22,3,16722,38
22,3,16722,39
22,3,16722,40
22,3,16722,41
22,3,16722,42
22,3,16722,43
22,3,16722,44
22,3,16722,45
22,3,16722,46
22,3,16722,47
22,3,16722,48
22,3,16722,49
22,3,16722,50
22,3,16722,51
22,3,16722,52
22,3,16722,53
22,3,16722,54
22,3,16722,55
22,3,16722,56
22,3,16722,57
22,3,16722,58
22,3,16722,59
22,3,16722,60
22,3,16722,61
22,3,16722,62
22,3,16722,63
22,3,16722,64
22,3,16722,65
22,3,16722,66
22,3,16722,67
22,3,16722,68
22,3,16722,69
22,3,16722,70
22,3,16722,71
22,3,16722,72
22,3,16722,73
22,3,16722,74
22,3,16722,75
22,3,16722,76
22,3,16722,77
22,3,16722,78
22,3,16722,79
22,5,243729,0
22,5,243729,1
22,5,243729,2
22,5,243729,3
22,5,243729,4
22,5,243729,5
22,5,243729,6
22,5,243729,7
22,5,243729,8
22,5,243729,9
22,5,243729,10
22,5,243729,11
22,5,243729,12
22,5,243729,13
22,5,243729,14
22,5,243729,15
22,5,243729,16
22,5,243729,17
22,5,243729,18
22,5,243729,19
22,5,243729,20
22,5,243729,21
22,5,243729,22
22,5,243729,23
22,5,243729,24
22,5,243729,25
22,5,243729,26
22,5,243729,27
22,5,243729,28
22,5,243729,29
22,5,243729,30
22,5,243729,31
22,5,243729,32
22,5,243729,33
22,5,243729,34
22,5,243729,35
22,5,243729,36
22,5,243729,37
22,5,243729,38
22,5,243729,39
22,5,243729,40
22,5,243729,41
22,5,243729,42
22,5,243729,43
22,5,243729,44
22,5,243729,45
22,5,243729,46
22,5,243729,47
22,5,243729,48
22,5,243729,49
22,5,243729,50
22,5,243729,51
22,5,243729,52
22,5,243729,53
22,5,243729,54
22,5,243729,55
22,5,243729,56
22,5,243729,57
22,5,243729,58
22,5,243729,59
22,5,243729,60
22,5,243729,61
22,5,243729,62
22,5,243729,63
22,5,243729,64
22,5,243729,65
22,5,243729,66
22,5,243729,67
22,5,243729,68
22,5,243729,69
22,5,243729,70
22,5,243729,71
22,5,243729,72
22,5,243729,73
22,5,243729,74
22,5,243729,75
22,5,243729,76
22,5,243729,77
22,5,243729,78
22,5,243729,79
22,9,314151,0
22,9,314151,1
22,9,314151,2
22,9,314151,3
22,9,314151,4
22,9,314151,5
22,9,314151,6
22,9,314151,7
22,9,314151,8
22,9,314151,9
22,9,314151,10
22,9,314151,11
22,9,314151,12
22,9,314151,13
22,9,314151,14
22,9,314151,15
22,9,314151,16
22,9,314151,17
22,9,314151,18
22,9,314151,19
22,9,314151,20
22,9,314151,21
22,9,314151,22
22,9,314151,23
22,9,314151,24
22,9,314151,25
22,9,314151,26
22,9,314151,27
22,9,314151,28
22,9,314151,29
22,9,314151,30
22,9,314151,31
22,9,314151,32
22,9,314151,33
22,9,314151,34
22,9,314151,35
22,9,314151,36
22,9,314151,37
22,9,314151,38
22,9,314151,39
22,9,314151,40
22,9,314151,41
22,9,314151,42
22,9,314151,43
22,9,314151,44
22,9,314151,45
22,9,314151,46
22,9,314151,47
22,9,314151,48
22,9,314151,49
22,9,314151,50
22,9,314151,51
22,9,314151,52
22,9,314151,53
22,9,314151,54
22,9,314151,55
22,9,314151,56
22,9,314151,57
22,9,314151,58
22,9,314151,59
22,9,314151,60
22,9,314151,61
22,9,314151,62
22,9,314151,63
22,9,314151,64
22,9,314151,65
22,9,314151,66
22,9,314151,67
22,9,314151,68
22,9,314151,69
22,9,314151,70
22,9,314151,71
22,9,314151,72
22,9,314151,73
22,9,314151,74
22,9,314151,75
22,9,314151,76
22,9,314151,77
22,9,314151,78
22,9,314151,79
22,21,127332,0
22,21,127332,1
22,21,127332,2
22,21,127332,3
22,21,127332,4
22,21,127332,5
22,21,127332,6
22,21,127332,7
22,21,127332,8
22,21,127332,9
22,21,127332,10
22,21,127332,11
22,21,127332,12
22,21,127332,13
22,21,127332,14
22,21,127332,15
22,21,127332,16
22,21,127332,17
22,21,127332,18
22,21,127332,19
22,21,127332,20
22,21,127332,21
22,21,127332,22
22,21,127332,23
22,21,127332,24
22,21,127332,25
22,21,127332,26
22,21,127332,27
22,21,127332,28
22,21,127332,29
22,21,127332,30
22,21,127332,31
22,21,127332,32
22,21,127332,33
22,21,127332,34
22,21,127332,35
22,21,127332,36
22,21,127332,37
22,21,127332,38
22,21,127332,39
22,21,127332,40
22,21,127332,41
22,21,127332,42
22,21,127332,43
22,21,127332,44
22,21,127332,45
22,21,127332,46
22,21,127332,47
22,21,127332,48
22,21,127332,49
22,21,127332,50
22,21,127332,51
22,21,127332,52
22,21,127332,53
22,21,127332,54
22,21,127332,55
22,21,127332,56
22,21,127332,57
22,21,127332,58
22,21,127332,59
22,21,127332,60
22,21,127332,61
22,21,127332,62
22,21,127332,63
22,21,127332,64
22,21,127332,65
22,21,127332,66
22,21,127332,67
22,21,127332,68
22,21,127332,69
22,21,127332,70
22,21,127332,71
22,21,127332,72
22,21,127332,73
22,21,127332,74
22,21,127332,75
22,21,127332,76
22,21,127332,77
22,21,127332,78
22,21,127332,79
22,12,11043,0
22,12,11043,1
22,12,11043,2
22,12,11043,3
22,12,11043,4
22,12,11043,5
22,12,11043,6
22,12,11043,7
22,12,11043,8
22,12,11043,9
22,12,11043,10
22,12,11043,11
22,12,11043,12
22,12,11043,13
22,12,11043,14
22,12,11043,15
22,12,11043,16
22,12,11043,17
22,12,11043,18
22,12,11043,19
22,12,11043,20
22,12,11043,21
22,12,11043,22
22,12,11043,23
22,12,11043,24
22,12,11043,25
22,12,11043,26
22,12,11043,27
22,12,11043,28
22,12,11043,29
22,12,11043,30
22,12,11043,31
22,12,11043,32
22,12,11043,33
22,12,11043,34
22,12,11043,35
22,12,11043,36
22,12,11043,37
22,12,11043,38
22,12,11043,39
22,12,11043,40
22,12,11043,41
22,12,11043,42
22,12,11043,43
22,12,11043,44
22,12,11043,45
22,12,11043,46
22,12,11043,47
22,12,11043,48
22,12,11043,49
22,12,11043,50
22,12,11043,51
22,12,11043,52
22,12,11043,53
22,12,11043,54
22,12,11043,55
22,12,11043,56
22,12,11043,57
22,12,11043,58
22,12,11043,59
22,12,11043,60
22,12,11043,61
22,12,11043,62
22,12,11043,63
22,12,11043,64
22,12,11043,65
22,12,11043,66
22,12,11043,67
22,12,11043,68
22,12,11043,69
22,12,11043,70
22,12,11043,71
22,12,11043,72
22,12,11043,73
22,12,11043,74
22,12,11043,75
22,12,11043,76
22,12,11043,77
22,12,11043,78
22,12,11043,79
22,16,12126,0
22,16,12126,1
22,16,12126,2
22,16,12126,3
22,16,12126,4
22,16,12126,5
22,16,12126,6
22,16,12126,7
22,16,12126,8
22,16,12126,9
22,16,12126,10
22,16,12126,11
22,16,12126,12
22,16,12126,13
22,16,12126,14
22,16,12126,15
22,16,12126,16
22,16,12126,17
22,16,12126,18
22,16,12126,19
22,16,12126,20
22,16,12126,21
22,16,12126,22
22,16,12126,23
22,16,12126,24
22,16,12126,25
22,16,12126,26
22,16,12126,27
22,16,12126,28
22,16,12126,29
22,16,12126,30
22,16,12126,31
22,16,12126,32
22,16,12126,33
22,16,12126,34
22,16,12126,35
22,16,12126,36
22,16,12126,37
22,16,12126,38
22,16,12126,39
22,16,12126,40
22,16,12126,41
22,16,12126,42
22,16,12126,43
22,16,12126,44
22,16,12126,45
22,16,12126,46
22,16,12126,47
22,16,12126,48
22,16,12126,49
22,16,12126,50
22,16,12126,51
22,16,12126,52
22,16,12126,53
22,16,12126,54
22,16,12126,55
22,16,12126,56
22,16,12126,57
22,16,12126,58
22,16,12126,59
22,16,12126,60
22,16,12126,61
22,16,12126,62
22,16,12126,63
22,16,12126,64
22,16,12126,65
22,16,12126,66
22,16,12126,67
22,16,12126,68
22,16,12126,69
22,16,12126,70
22,16,12126,71
22,16,12126,72
22,16,12126,73
22,16,12126,74
22,16,12126,75
22,16,12126,76
22,16,12126,77
22,16,12126,78
22,16,12126,79
22,14,102051,0
22,14,102051,1
22,14,102051,2
22,14,102051,3
22,14,102051,4
22,14,102051,5
22,14,102051,6
22,14,102051,7
22,14,102051,8
22,14,102051,9
22,14,102051,10
22,14,102051,11
22,14,102051,12
22,14,102051,13
22,14,102051,14
22,14,102051,15
22,14,102051,16
22,14,102051,17
22,14,102051,18
22,14,102051,19
22,14,102051,20
22,14,102051,21
22,14,102051,22
22,14,102051,23
22,14,102051,24
22,14,102051,25
22,14,102051,26
22,14,102051,27
22,14,102051,28
22,14,102051,29
22,14,102051,30
22,14,102051,31
22,14,102051,32
22,14,102051,33
22,14,102051,34
22,14,102051,35
22,14,102051,36
22,14,102051,37
22,14,102051,38
22,14,102051,39
22,14,102051,40
22,14,102051,41
22,14,102051,42
22,14,102051,43
22,14,102051,44
22,14,102051,45
22,14,102051,46
22,14,102051,47
22,14,102051,48
22,14,102051,49
22,14,102051,50
22,14,102051,51
22,14,102051,52
22,14,102051,53
22,14,102051,54
22,14,102051,55
22,14,102051,56
22,14,102051,57
22,14,102051,58
22,14,102051,59
22,14,102051,60
22,14,102051,61
22,14,102051,62
22,14,102051,63
22,14,102051,64
22,14,102051,65
22,14,102051,66
22,14,102051,67
22,14,102051,68
22,14,102051,69
22,14,102051,70
22,14,102051,71
22,14,102051,72
22,14,102051,73
22,14,102051,74
22,14,102051,75
22,14,102051,76
22,14,102051,77
22,14,102051,78
22,14,102051,79
22,39,81237,0
22,39,81237,1
22,39,81237,2
22,39,81237,3
22,39,81237,4
22,39,81237,5
22,39,81237,6
22,39,81237,7
22,39,81237,8
22,39,81237,9
22,39,81237,10
22,39,81237,11
22,39,81237,12
22,39,81237,13
22,39,81237,14
22,39,81237,15
22,39,81237,16
22,39,81237,17
22,39,81237,18
22,39,81237,19
22,39,81237,20
22,39,81237,21
22,39,81237,22
22,39,81237,23
22,39,81237,24
22,39,81237,25
22,39,81237,26
22,39,81237,27
22,39,81237,28
22,39,81237,29
22,39,81237,30
22,39,81237,31
22,39,81237,32
22,39,81237,33
22,39,81237,34
22,39,81237,35
22,39,81237,36
22,39,81237,37
22,39,81237,38
22,39,81237,39
22,39,81237,40
22,39,81237,41
22,39,81237,42
22,39,81237,43
22,39,81237,44
22,39,81237,45
22,39,81237,46
22,39,81237,47
22,39,81237,48
22,39,81237,49
22,39,81237,50
22,39,81237,51
22,39,81237,52
22,39,81237,53
22,39,81237,54
22,39,81237,55
22,39,81237,56
22,39,81237,57
22,39,81237,58
22,39,81237,59
22,39,81237,60
22,39,81237,61
22,39,81237,62
22,39,81237,63
22,39,81237,64
22,39,81237,65
22,39,81237,66
22,39,81237,67
22,39,81237,68
22,39,81237,69
22,39,81237,70
22,39,81237,71
22,39,81237,72
22,39,81237,73
22,39,81237,74
22,39,81237,75
22,39,81237,76
22,39,81237,77
22,39,81237,78
22,39,81237,79
22,18,13365,0
22,18,13365,1
22,18,13365,2
22,18,13365,3
22,18,13365,4
22,18,13365,5
22,18,13365,6
22,18,13365,7
22,18,13365,8
22,18,13365,9
22,18,13365,10
22,18,13365,11
22,18,13365,12
22,18,13365,13
22,18,13365,14
22,18,13365,15
22,18,13365,16
22,18,13365,17
22,18,13365,18
22,18,13365,19
22,18,13365,20
22,18,13365,21
22,18,13365,22
22,18,13365,23
22,18,13365,24
22,18,13365,25
22,18,13365,26
22,18,13365,27
22,18,13365,28
22,18,13365,29
22,18,13365,30
22,18,13365,31
22,18,13365,32
22,18,13365,33
22,18,13365,34
22,18,13365,35
22,18,13365,36
22,18,13365,37
22,18,13365,38
22,18,13365,39
22,18,13365,40
22,18,13365,41
22,18,13365,42
22,18,13365,43
22,18,13365,44
22,18,13365,45
22,18,13365,46
22,18,13365,47
22,18,13365,48
22,18,13365,49
22,18,13365,50
22,18,13365,51
22,18,13365,52
22,18,13365,53
22,18,13365,54
22,18,13365,55
22,18,13365,56
22,18,13365,57
22,18,13365,58
22,18,13365,59
22,18,13365,60
22,18,13365,61
22,18,13365,62
22,18,13365,63
22,18,13365,64
22,18,13365,65
22,18,13365,66
22,18,13365,67
22,18,13365,68
22,18,13365,69
22,18,13365,70
22,18,13365,71
22,18,13365,72
22,18,13365,73
22,18,13365,74
22,18,13365,75
22,18,13365,76
22,18,13365,77
22,18,13365,78
22,18,13365,79
22,20,152835,0
22,20,152835,1
22,20,152835,2
22,20,152835,3
22,20,152835,4
22,20,152835,5
22,20,152835,6
22,20,152835,7
22,20,152835,8
22,20,152835,9
22,20,152835,10
22,20,152835,11
22,20,152835,12
22,20,152835,13
22,20,152835,14
22,20,152835,15
22,20,152835,16
22,20,152835,17
22,20,152835,18
22,20,152835,19
22,20,152835,20
22,20,152835,21
22,20,152835,22
22,20,152835,23
22,20,152835,24
22,20,152835,25
22,20,152835,26
22,20,152835,27
22,20,152835,28
22,20,152835,29
22,20,152835,30
22,20,152835,31
22,20,152835,32
22,20,152835,33
22,20,152835,34
22,20,152835,35
22,20,152835,36
22,20,152835,37
22,20,152835,38
22,20,152835,39
22,20,152835,40
22,20,152835,41
22,20,152835,42
22,20,152835,43
22,20,152835,44
22,20,152835,45
22,20,152835,46
22,20,152835,47
22,20,152835,48
22,20,152835,49
22,20,152835,50
22,20,152835,51
22,20,152835,52
22,20,152835,53
22,20,152835,54
22,20,152835,55
22,20,152835,56
22,20,152835,57
22,20,152835,58
22,20,152835,59
22,20,152835,60
22,20,152835,61
22,20,152835,62
22,20,152835,63
22,20,152835,64
22,20,152835,65
22,20,152835,66
22,20,152835,67
22,20,152835,68
22,20,152835,69
22,20,152835,70
22,20,152835,71
22,20,152835,72
22,20,152835,73
22,20,152835,74
22,20,152835,75
22,20,152835,76
22,20,152835,77
22,20,152835,78
22,20,152835,79
22,27,117693,0
22,27,117693,1
22,27,117693,2
22,27,117693,3
22,27,117693,4
22,27,117693,5
22,27,117693,6
22,27,117693,7
22,27,117693,8
22,27,117693,9
22,27,117693,10
22,27,117693,11
22,27,117693,12
22,27,117693,13
22,27,117693,14
22,27,117693,15
22,27,117693,16
22,27,117693,17
22,27,117693,18
22,27,117693,19
22,27,117693,20
22,27,117693,21
22,27,117693,22
22,27,117693,23
22,27,117693,24
22,27,117693,25
22,27,117693,26
22,27,117693,27
22,27,117693,28
22,27,117693,29
22,27,117693,30
22,27,117693,31
22,27,117693,32
22,27,117693,33
22,27,117693,34
22,27,117693,35
22,27,117693,36
22,27,117693,37
22,27,117693,38
22,27,117693,39
22,27,117693,40
22,27,117693,41
22,27,117693,42
22,27,117693,43
22,27,117693,44
22,27,117693,45
22,27,117693,46
22,27,117693,47
22,27,117693,48
22,27,117693,49
22,27,117693,50
22,27,117693,51
22,27,117693,52
22,27,117693,53
22,27,117693,54
22,27,117693,55
22,27,117693,56
22,27,117693,57
22,27,117693,58
22,27,117693,59
22,27,117693,60
22,27,117693,61
22,27,117693,62
22,27,117693,63
22,27,117693,64
22,27,117693,65
22,27,117693,66
22,27,117693,67
22,27,117693,68
22,27,117693,69
22,27,117693,70
22,27,117693,71
22,27,117693,72
22,27,117693,73
22,27,117693,74
22,27,117693,75
22,27,117693,76
22,27,117693,77
22,27,117693,78
22,27,117693,79
22,29,6336,0
22,29,6336,1
22,29,6336,2
22,29,6336,3
22,29,6336,4
22,29,6336,5
22,29,6336,6
22,29,6336,7
22,29,6336,8
22,29,6336,9
22,29,6336,10
22,29,6336,11
22,29,6336,12
22,29,6336,13
22,29,6336,14
22,29,6336,15
22,29,6336,16
22,29,6336,17
22,29,6336,18
22,29,6336,19
22,29,6336,20
22,29,6336,21
22,29,6336,22
22,29,6336,23
22,29,6336,24
22,29,6336,25
22,29,6336,26
22,29,6336,27
22,29,6336,28
22,29,6336,29
22,29,6336,30
22,29,6336,31
22,29,6336,32
22,29,6336,33
22,29,6336,34
22,29,6336,35
22,29,6336,36
22,29,6336,37
22,29,6336,38
22,29,6336,39
22,29,6336,40
22,29,6336,41
22,29,6336,42
22,29,6336,43
22,29,6336,44
22,29,6336,45
22,29,6336,46
22,29,6336,47
22,29,6336,48
22,29,6336,49
22,29,6336,50
22,29,6336,51
22,29,6336,52
22,29,6336,53
22,29,6336,54
22,29,6336,55
22,29,6336,56
22,29,6336,57
22,29,6336,58
22,29,6336,59
22,29,6336,60
22,29,6336,61
22,29,6336,62
22,29,6336,63
22,29,6336,64
22,29,6336,65
22,29,6336,66
22,29,6336,67
22,29,6336,68
22,29,6336,69
22,29,6336,70
22,29,6336,71
22,29,6336,72
22,29,6336,73
22,29,6336,74
22,29,6336,75
22,29,6336,76
22,29,6336,77
22,29,6336,78
22,29,6336,79
18,0,8112,0
18,0,8112,1
18,0,8112,2
18,0,8112,3
18,0,8112,4
18,0,8112,5
18,0,8112,6
18,0,8112,7
18,0,8112,8
18,0,8112,9
18,0,8112,10
18,0,8112,11
18,0,8112,12
18,0,8112,13
18,0,8112,14
18,0,8112,15
18,0,8112,16
18,0,8112,17
18,0,8112,18
18,0,8112,19
18,0,8112,20
18,0,8112,21
18,0,8112,22
18,0,8112,23
18,0,8112,24
18,0,8112,25
18,0,8112,26
18,0,8112,27
18,0,8112,28
18,0,8112,29
18,0,8112,30
18,0,8112,31
18,0,8112,32
18,0,8112,33
18,0,8112,34
18,0,8112,35
18,0,8112,36
18,0,8112,37
18,0,8112,38
18,0,8112,39
18,0,8112,40
18,0,8112,41
18,0,8112,42
18,0,8112,43
18,0,8112,44
18,0,8112,45
18,0,8112,46
18,0,8112,47
18,0,8112,48
18,0,8112,49
18,0,8112,50
18,0,8112,51
18,0,8112,52
18,0,8112,53
18,0,8112,54
18,0,8112,55
18,0,8112,56
18,0,8112,57
18,0,8112,58
18,0,8112,59
18,0,8112,60
18,0,8112,61
18,0,8112,62
18,0,8112,63
18,0,8112,64
18,0,8112,65
18,0,8112,66
18,0,8112,67
18,0,8112,68
18,0,8112,69
18,0,8112,70
18,0,8112,71
18,0,8112,72
18,0,8112,73
18,0,8112,74
18,0,8112,75
18,0,8112,76
18,0,8112,77
18,0,8112,78
18,0,8112,79
18,26,10116,0
18,26,10116,1
18,26,10116,2
18,26,10116,3
18,26,10116,4
18,26,10116,5
18,26,10116,6
18,26,10116,7
18,26,10116,8
18,26,10116,9
18,26,10116,10
18,26,10116,11
18,26,10116,12
18,26,10116,13
18,26,10116,14
18,26,10116,15
18,26,10116,16
18,26,10116,17
18,26,10116,18
18,26,10116,19
18,26,10116,20
18,26,10116,21
18,26,10116,22
18,26,10116,23
18,26,10116,24
18,26,10116,25
18,26,10116,26
18,26,10116,27
18,26,10116,28
18,26,10116,29
18,26,10116,30
18,26,10116,31
18,26,10116,32
18,26,10116,33
18,26,10116,34
18,26,10116,35
18,26,10116,36
18,26,10116,37
18,26,10116,38
18,26,10116,39
18,26,10116,40
18,26,10116,41
18,26,10116,42
18,26,10116,43
18,26,10116,44
18,26,10116,45
18,26,10116,46
18,26,10116,47
18,26,10116,48
18,26,10116,49
18,26,10116,50
18,26,10116,51
18,26,10116,52
18,26,10116,53
18,26,10116,54
18,26,10116,55
18,26,10116,56
18,26,10116,57
18,26,10116,58
18,26,10116,59
18,26,10116,60
18,26,10116,61
18,26,10116,62
18,26,10116,63
18,26,10116,64
18,26,10116,65
18,26,10116,66
18,26,10116,67
18,26,10116,68
18,26,10116,69
18,26,10116,70
18,26,10116,71
18,26,10116,72
18,26,10116,73
18,26,10116,74
18,26,10116,75
18,26,10116,76
18,26,10116,77
18,26,10116,78
18,26,10116,79
18,1,11349,0
18,1,11349,1
18,1,11349,2
18,1,11349,3
18,1,11349,4
18,1,11349,5
18,1,11349,6
18,1,11349,7
18,1,11349,8
18,1,11349,9
18,1,11349,10
18,1,11349,11
18,1,11349,12
18,1,11349,13
18,1,11349,14
18,1,11349,15
18,1,11349,16
18,1,11349,17
18,1,11349,18
18,1,11349,19
18,1,11349,20
18,1,11349,21
18,1,11349,22
18,1,11349,23
18,1,11349,24
18,1,11349,25
18,1,11349,26
18,1,11349,27
18,1,11349,28
18,1,11349,29
18,1,11349,30
18,1,11349,31
18,1,11349,32
18,1,11349,33
18,1,11349,34
18,1,11349,35
18,1,11349,36
18,1,11349,37
18,1,11349,38
18,1,11349,39
18,1,11349,40
18,1,11349,41
18,1,11349,42
18,1,11349,43
18,1,11349,44
18,1,11349,45
18,1,11349,46
18,1,11349,47
18,1,11349,48
18,1,11349,49
18,1,11349,50
18,1,11349,51
18,1,11349,52
18,1,11349,53
18,1,11349,54
18,1,11349,55
18,1,11349,56
18,1,11349,57
18,1,11349,58
18,1,11349,59
18,1,11349,60
18,1,11349,61
18,1,11349,62
18,1,11349,63
18,1,11349,64
18,1,11349,65
18,1,11349,66
18,1,11349,67
18,1,11349,68
18,1,11349,69
18,1,11349,70
18,1,11349,71
18,1,11349,72
18,1,11349,73
18,1,11349,74
18,1,11349,75
18,1,11349,76
18,1,11349,77
18,1,11349,78
18,1,11349,79
18,19,7410,0
18,19,7410,1
18,19,7410,2
18,19,7410,3
18,19,7410,4
18,19,7410,5
18,19,7410,6
18,19,7410,7
18,19,7410,8
18,19,7410,9
18,19,7410,10
18,19,7410,11
18,19,7410,12
18,19,7410,13
18,19,7410,14
18,19,7410,15
18,19,7410,16
18,19,7410,17
18,19,7410,18
18,19,7410,19
18,19,7410,20
18,19,7410,21
18,19,7410,22
18,19,7410,23
18,19,7410,24
18,19,7410,25
18,19,7410,26
18,19,7410,27
18,19,7410,28
18,19,7410,29
18,19,7410,30
18,19,7410,31
18,19,7410,32
18,19,7410,33
18,19,7410,34
18,19,7410,35
18,19,7410,36
18,19,7410,37
18,19,7410,38
18,19,7410,39
18,19,7410,40
18,19,7410,41
18,19,7410,42
18,19,7410,43
18,19,7410,44
18,19,7410,45
18,19,7410,46
18,19,7410,47
18,19,7410,48
18,19,7410,49
18,19,7410,50
18,19,7410,51
18,19,7410,52
18,19,7410,53
18,19,7410,54
18,19,7410,55
18,19,7410,56
18,19,7410,57
18,19,7410,58
18,19,7410,59
18,19,7410,60
18,19,7410,61
18,19,7410,62
18,19,7410,63
18,19,7410,64
18,19,7410,65
18,19,7410,66
18,19,7410,67
18,19,7410,68
18,19,7410,69
18,19,7410,70
18,19,7410,71
18,19,7410,72
18,19,7410,73
18,19,7410,74
18,19,7410,75
18,19,7410,76
18,19,7410,77
18,19,7410,78
18,19,7410,79
18,17,6834,0
18,17,6834,1
18,17,6834,2
18,17,6834,3
18,17,6834,4
18,17,6834,5
18,17,6834,6
18,17,6834,7
18,17,6834,8
18,17,6834,9
18,17,6834,10
18,17,6834,11
18,17,6834,12
18,17,6834,13
18,17,6834,14
18,17,6834,15
18,17,6834,16
18,17,6834,17
18,17,6834,18
18,17,6834,19
18,17,6834,20
18,17,6834,21
18,17,6834,22
18,17,6834,23
18,17,6834,24
18,17,6834,25
18,17,6834,26
18,17,6834,27
18,17,6834,28
18,17,6834,29
18,17,6834,30
18,17,6834,31
18,17,6834,32
18,17,6834,33
18,17,6834,34
18,17,6834,35
18,17,6834,36
18,17,6834,37
18,17,6834,38
18,17,6834,39
18,17,6834,40
18,17,6834,41
18,17,6834,42
18,17,6834,43
18,17,6834,44
18,17,6834,45
18,17,6834,46
18,17,6834,47
18,17,6834,48
18,17,6834,49
18,17,6834,50
18,17,6834,51
18,17,6834,52
18,17,6834,53
18,17,6834,54
18,17,6834,55
18,17,6834,56
18,17,6834,57
18,17,6834,58
18,17,6834,59
18,17,6834,60
18,17,6834,61
18,17,6834,62
18,17,6834,63
18,17,6834,64
18,17,6834,65
18,17,6834,66
18,17,6834,67
18,17,6834,68
18,17,6834,69
18,17,6834,70
18,17,6834,71
18,17,6834,72
18,17,6834,73
18,17,6834,74
18,17,6834,75
18,17,6834,76
18,17,6834,77
18,17,6834,78
18,17,6834,79
18,3,501633,0
18,3,501633,1
18,3,501633,2
18,3,501633,3
18,3,501633,4
18,3,501633,5
18,3,501633,6
18,3,501633,7
18,3,501633,8
18,3,501633,9
18,3,501633,10
18,3,501633,11
18,3,501633,12
18,3,501633,13
18,3,501633,14
18,3,501633,15
18,3,501633,16
18,3,501633,17
18,3,501633,18
18,3,501633,19
18,3,501633,20
18,3,501633,21
18,3,501633,22
18,3,501633,23
18,3,501633,24
18,3,501633,25
18,3,501633,26
18,3,501633,27
18,3,501633,28
18,3,501633,29
18,3,501633,30
18,3,501633,31
18,3,501633,32
18,3,501633,33
18,3,501633,34
18,3,501633,35
18,3,501633,36
18,3,501633,37
18,3,501633,38
18,3,501633,39
18,3,501633,40
18,3,501633,41
18,3,501633,42
18,3,501633,43
18,3,501633,44
18,3,501633,45
18,3,501633,46
18,3,501633,47
18,3,501633,48
18,3,501633,49
18,3,501633,50
18,3,501633,51
18,3,501633,52
18,3,501633,53
18,3,501633,54
18,3,501633,55
18,3,501633,56
18,3,501633,57
18,3,501633,58
18,3,501633,59
18,3,501633,60
18,3,501633,61
18,3,501633,62
18,3,501633,63
18,3,501633,64
18,3,501633,65
18,3,501633,66
18,3,501633,67
18,3,501633,68
18,3,501633,69
18,3,501633,70
18,3,501633,71
18,3,501633,72
18,3,501633,73
18,3,501633,74
18,3,501633,75
18,3,501633,76
18,3,501633,77
18,3,501633,78
18,3,501633,79
18,5,182097,0
18,5,182097,1
18,5,182097,2
18,5,182097,3
18,5,182097,4
18,5,182097,5
18,5,182097,6
18,5,182097,7
18,5,182097,8
18,5,182097,9
18,5,182097,10
18,5,182097,11
18,5,182097,12
18,5,182097,13
18,5,182097,14
18,5,182097,15
18,5,182097,16
18,5,182097,17
18,5,182097,18
18,5,182097,19
18,5,182097,20
18,5,182097,21
18,5,182097,22
18,5,182097,23
18,5,182097,24
18,5,182097,25
18,5,182097,26
18,5,182097,27
18,5,182097,28
18,5,182097,29
18,5,182097,30
18,5,182097,31
18,5,182097,32
18,5,182097,33
18,5,182097,34
18,5,182097,35
18,5,182097,36
18,5,182097,37
18,5,182097,38
18,5,182097,39
18,5,182097,40
18,5,182097,41
18,5,182097,42
18,5,182097,43
18,5,182097,44
18,5,182097,45
18,5,182097,46
18,5,182097,47
18,5,182097,48
18,5,182097,49
18,5,182097,50
18,5,182097,51
18,5,182097,52
18,5,182097,53
18,5,182097,54
18,5,182097,55
18,5,182097,56
18,5,182097,57
18,5,182097,58
18,5,182097,59
18,5,182097,60
18,5,182097,61
18,5,182097,62
18,5,182097,63
18,5,182097,64
18,5,182097,65
18,5,182097,66
18,5,182097,67
18,5,182097,68
18,5,182097,69
18,5,182097,70
18,5,182097,71
18,5,182097,72
18,5,182097,73
18,5,182097,74
18,5,182097,75
18,5,182097,76
18,5,182097,77
18,5,182097,78
18,5,182097,79
18,9,167802,0
18,9,167802,1
18,9,167802,2
18,9,167802,3
18,9,167802,4
18,9,167802,5
18,9,167802,6
18,9,167802,7
18,9,167802,8
18,9,167802,9
18,9,167802,10
18,9,167802,11
18,9,167802,12
18,9,167802,13
18,9,167802,14
18,9,167802,15
18,9,167802,16
18,9,167802,17
18,9,167802,18
18,9,167802,19
18,9,167802,20
18,9,167802,21
18,9,167802,22
18,9,167802,23
18,9,167802,24
18,9,167802,25
18,9,167802,26
18,9,167802,27
18,9,167802,28
18,9,167802,29
18,9,167802,30
18,9,167802,31
18,9,167802,32
18,9,167802,33
18,9,167802,34
18,9,167802,35
18,9,167802,36
18,9,167802,37
18,9,167802,38
18,9,167802,39
18,9,167802,40
18,9,167802,41
18,9,167802,42
18,9,167802,43
18,9,167802,44
18,9,167802,45
18,9,167802,46
18,9,167802,47
18,9,167802,48
18,9,167802,49
18,9,167802,50
18,9,167802,51
18,9,167802,52
18,9,167802,53
18,9,167802,54
18,9,167802,55
18,9,167802,56
18,9,167802,57
18,9,167802,58
18,9,167802,59
18,9,167802,60
18,9,167802,61
18,9,167802,62
18,9,167802,63
18,9,167802,64
18,9,167802,65
18,9,167802,66
18,9,167802,67
18,9,167802,68
18,9,167802,69
18,9,167802,70
18,9,167802,71
18,9,167802,72
18,9,167802,73
18,9,167802,74
18,9,167802,75
18,9,167802,76
18,9,167802,77
18,9,167802,78
18,9,167802,79
18,21,20874,0
18,21,20874,1
18,21,20874,2
18,21,20874,3
18,21,20874,4
18,21,20874,5
18,21,20874,6
18,21,20874,7
18,21,20874,8
18,21,20874,9
18,21,20874,10
18,21,20874,11
18,21,20874,12
18,21,20874,13
18,21,20874,14
18,21,20874,15
18,21,20874,16
18,21,20874,17
18,21,20874,18
18,21,20874,19
18,21,20874,20
18,21,20874,21
18,21,20874,22
18,21,20874,23
18,21,20874,24
18,21,20874,25
18,21,20874,26
18,21,20874,27
18,21,20874,28
18,21,20874,29
18,21,20874,30
18,21,20874,31
18,21,20874,32
18,21,20874,33
18,21,20874,34
18,21,20874,35
18,21,20874,36
18,21,20874,37
18,21,20874,38
18,21,20874,39
18,21,20874,40
18,21,20874,41
18,21,20874,42
18,21,20874,43
18,21,20874,44
18,21,20874,45
18,21,20874,46
18,21,20874,47
18,21,20874,48
18,21,20874,49
18,21,20874,50
18,21,20874,51
18,21,20874,52
18,21,20874,53
18,21,20874,54
18,21,20874,55
18,21,20874,56
18,21,20874,57
18,21,20874,58
18,21,20874,59
18,21,20874,60
18,21,20874,61
18,21,20874,62
18,21,20874,63
18,21,20874,64
18,21,20874,65
18,21,20874,66
18,21,20874,67
18,21,20874,68
18,21,20874,69
18,21,20874,70
18,21,20874,71
18,21,20874,72
18,21,20874,73
18,21,20874,74
18,21,20874,75
18,21,20874,76
18,21,20874,77
18,21,20874,78
18,21,20874,79
18,12,33186,0
18,12,33186,1
18,12,33186,2
18,12,33186,3
18,12,33186,4
18,12,33186,5
18,12,33186,6
18,12,33186,7
18,12,33186,8
18,12,33186,9
18,12,33186,10
18,12,33186,11
18,12,33186,12
18,12,33186,13
18,12,33186,14
18,12,33186,15
18,12,33186,16
18,12,33186,17
18,12,33186,18
18,12,33186,19
18,12,33186,20
18,12,33186,21
18,12,33186,22
18,12,33186,23
18,12,33186,24
18,12,33186,25
18,12,33186,26
18,12,33186,27
18,12,33186,28
18,12,33186,29
18,12,33186,30
18,12,33186,31
18,12,33186,32
18,12,33186,33
18,12,33186,34
18,12,33186,35
18,12,33186,36
18,12,33186,37
18,12,33186,38
18,12,33186,39
18,12,33186,40
18,12,33186,41
18,12,33186,42
18,12,33186,43
18,12,33186,44
18,12,33186,45
18,12,33186,46
18,12,33186,47
18,12,33186,48
18,12,33186,49
18,12,33186,50
18,12,33186,51
18,12,33186,52
18,12,33186,53
18,12,33186,54
18,12,33186,55
18,12,33186,56
18,12,33186,57
18,12,33186,58
18,12,33186,59
18,12,33186,60
18,12,33186,61
18,12,33186,62
18,12,33186,63
18,12,33186,64
18,12,33186,65
18,12,33186,66
18,12,33186,67
18,12,33186,68
18,12,33186,69
18,12,33186,70
18,12,33186,71
18,12,33186,72
18,12,33186,73
18,12,33186,74
18,12,33186,75
18,12,33186,76
18,12,33186,77
18,12,33186,78
18,12,33186,79
18,14,12879,0
18,14,12879,1
18,14,12879,2
18,14,12879,3
18,14,12879,4
18,14,12879,5
18,14,12879,6
18,14,12879,7
18,14,12879,8
18,14,12879,9
18,14,12879,10
18,14,12879,11
18,14,12879,12
18,14,12879,13
18,14,12879,14
18,14,12879,15
18,14,12879,16
18,14,12879,17
18,14,12879,18
18,14,12879,19
18,14,12879,20
18,14,12879,21
18,14,12879,22
18,14,12879,23
18,14,12879,24
18,14,12879,25
18,14,12879,26
18,14,12879,27
18,14,12879,28
18,14,12879,29
18,14,12879,30
18,14,12879,31
18,14,12879,32
18,14,12879,33
18,14,12879,34
18,14,12879,35
18,14,12879,36
18,14,12879,37
18,14,12879,38
18,14,12879,39
18,14,12879,40
18,14,12879,41
18,14,12879,42
18,14,12879,43
18,14,12879,44
18,14,12879,45
18,14,12879,46
18,14,12879,47
18,14,12879,48
18,14,12879,49
18,14,12879,50
18,14,12879,51
18,14,12879,52
18,14,12879,53
18,14,12879,54
18,14,12879,55
18,14,12879,56
18,14,12879,57
18,14,12879,58
18,14,12879,59
18,14,12879,60
18,14,12879,61
18,14,12879,62
18,14,12879,63
18,14,12879,64
18,14,12879,65
18,14,12879,66
18,14,12879,67
18,14,12879,68
18,14,12879,69
18,14,12879,70
18,14,12879,71
18,14,12879,72
18,14,12879,73
18,14,12879,74
18,14,12879,75
18,14,12879,76
18,14,12879,77
18,14,12879,78
18,14,12879,79
18,39,9729,0
18,39,9729,1
18,39,9729,2
18,39,9729,3
18,39,9729,4
18,39,9729,5
18,39,9729,6
18,39,9729,7
18,39,9729,8
18,39,9729,9
18,39,9729,10
18,39,9729,11
18,39,9729,12
18,39,9729,13
18,39,9729,14
18,39,9729,15
18,39,9729,16
18,39,9729,17
18,39,9729,18
18,39,9729,19
18,39,9729,20
18,39,9729,21
18,39,9729,22
18,39,9729,23
18,39,9729,24
18,39,9729,25
18,39,9729,26
18,39,9729,27
18,39,9729,28
18,39,9729,29
18,39,9729,30
18,39,9729,31
18,39,9729,32
18,39,9729,33
18,39,9729,34
18,39,9729,35
18,39,9729,36
18,39,9729,37
18,39,9729,38
18,39,9729,39
18,39,9729,40
18,39,9729,41
18,39,9729,42
18,39,9729,43
18,39,9729,44
18,39,9729,45
18,39,9729,46
18,39,9729,47
18,39,9729,48
18,39,9729,49
18,39,9729,50
18,39,9729,51
18,39,9729,52
18,39,9729,53
18,39,9729,54
18,39,9729,55
18,39,9729,56
18,39,9729,57
18,39,9729,58
18,39,9729,59
18,39,9729,60
18,39,9729,61
18,39,9729,62
18,39,9729,63
18,39,9729,64
18,39,9729,65
18,39,9729,66
18,39,9729,67
18,39,9729,68
18,39,9729,69
18,39,9729,70
18,39,9729,71
18,39,9729,72
18,39,9729,73
18,39,9729,74
18,39,9729,75
18,39,9729,76
18,39,9729,77
18,39,9729,78
18,39,9729,79
18,20,88524,0
18,20,88524,1
18,20,88524,2
18,20,88524,3
18,20,88524,4
18,20,88524,5
18,20,88524,6
18,20,88524,7
18,20,88524,8
18,20,88524,9
18,20,88524,10
18,20,88524,11
18,20,88524,12
18,20,88524,13
18,20,88524,14
18,20,88524,15
18,20,88524,16
18,20,88524,17
18,20,88524,18
18,20,88524,19
18,20,88524,20
18,20,88524,21
18,20,88524,22
18,20,88524,23
18,20,88524,24
18,20,88524,25
18,20,88524,26
18,20,88524,27
18,20,88524,28
18,20,88524,29
18,20,88524,30
18,20,88524,31
18,20,88524,32
18,20,88524,33
18,20,88524,34
18,20,88524,35
18,20,88524,36
18,20,88524,37
18,20,88524,38
18,20,88524,39
18,20,88524,40
18,20,88524,41
18,20,88524,42
18,20,88524,43
18,20,88524,44
18,20,88524,45
18,20,88524,46
18,20,88524,47
18,20,88524,48
18,20,88524,49
18,20,88524,50
18,20,88524,51
18,20,88524,52
18,20,88524,53
18,20,88524,54
18,20,88524,55
18,20,88524,56
18,20,88524,57
18,20,88524,58
18,20,88524,59
18,20,88524,60
18,20,88524,61
18,20,88524,62
18,20,88524,63
18,20,88524,64
18,20,88524,65
18,20,88524,66
18,20,88524,67
18,20,88524,68
18,20,88524,69
18,20,88524,70
18,20,88524,71
18,20,88524,72
18,20,88524,73
18,20,88524,74
18,20,88524,75
18,20,88524,76
18,20,88524,77
18,20,88524,78
18,20,88524,79
18,27,23403,0
18,27,23403,1
18,27,23403,2
18,27,23403,3
18,27,23403,4
18,27,23403,5
18,27,23403,6
18,27,23403,7
18,27,23403,8
18,27,23403,9
18,27,23403,10
18,27,23403,11
18,27,23403,12
18,27,23403,13
18,27,23403,14
18,27,23403,15
18,27,23403,16
18,27,23403,17
18,27,23403,18
18,27,23403,19
18,27,23403,20
18,27,23403,21
18,27,23403,22
18,27,23403,23
18,27,23403,24
18,27,23403,25
18,27,23403,26
18,27,23403,27
18,27,23403,28
18,27,23403,29
18,27,23403,30
18,27,23403,31
18,27,23403,32
18,27,23403,33
18,27,23403,34
18,27,23403,35
18,27,23403,36
18,27,23403,37
18,27,23403,38
18,27,23403,39
18,27,23403,40
18,27,23403,41
18,27,23403,42
18,27,23403,43
18,27,23403,44
18,27,23403,45
18,27,23403,46
18,27,23403,47
18,27,23403,48
18,27,23403,49
18,27,23403,50
18,27,23403,51
18,27,23403,52
18,27,23403,53
18,27,23403,54
18,27,23403,55
18,27,23403,56
18,27,23403,57
18,27,23403,58
18,27,23403,59
18,27,23403,60
18,27,23403,61
18,27,23403,62
18,27,23403,63
18,27,23403,64
18,27,23403,65
18,27,23403,66
18,27,23403,67
18,27,23403,68
18,27,23403,69
18,27,23403,70
18,27,23403,71
18,27,23403,72
18,27,23403,73
18,27,23403,74
18,27,23403,75
18,27,23403,76
18,27,23403,77
18,27,23403,78
18,27,23403,79
18,29,9780,0
18,29,9780,1
18,29,9780,2
18,29,9780,3
18,29,9780,4
18,29,9780,5
18,29,9780,6
18,29,9780,7
18,29,9780,8
18,29,9780,9
18,29,9780,10
18,29,9780,11
18,29,9780,12
18,29,9780,13
18,29,9780,14
18,29,9780,15
18,29,9780,16
18,29,9780,17
18,29,9780,18
18,29,9780,19
18,29,9780,20
18,29,9780,21
18,29,9780,22
18,29,9780,23
18,29,9780,24
18,29,9780,25
18,29,9780,26
18,29,9780,27
18,29,9780,28
18,29,9780,29
18,29,9780,30
18,29,9780,31
18,29,9780,32
18,29,9780,33
18,29,9780,34
18,29,9780,35
18,29,9780,36
18,29,9780,37
18,29,9780,38
18,29,9780,39
18,29,9780,40
18,29,9780,41
18,29,9780,42
18,29,9780,43
18,29,9780,44
18,29,9780,45
18,29,9780,46
18,29,9780,47
18,29,9780,48
18,29,9780,49
18,29,9780,50
18,29,9780,51
18,29,9780,52
18,29,9780,53
18,29,9780,54
18,29,9780,55
18,29,9780,56
18,29,9780,57
18,29,9780,58
18,29,9780,59
18,29,9780,60
18,29,9780,61
18,29,9780,62
18,29,9780,63
18,29,9780,64
18,29,9780,65
18,29,9780,66
18,29,9780,67
18,29,9780,68
18,29,9780,69
18,29,9780,70
18,29,9780,71
18,29,9780,72
18,29,9780,73
18,29,9780,74
18,29,9780,75
18,29,9780,76
18,29,9780,77
18,29,9780,78
18,29,9780,79
20,5,159726,0
20,5,159726,1
20,5,159726,2
20,5,159726,3
20,5,159726,4
20,5,159726,5
20,5,159726,6
20,5,159726,7
20,5,159726,8
20,5,159726,9
20,5,159726,10
20,5,159726,11
20,5,159726,12
20,5,159726,13
20,5,159726,14
20,5,159726,15
20,5,159726,16
20,5,159726,17
20,5,159726,18
20,5,159726,19
20,5,159726,20
20,5,159726,21
20,5,159726,22
20,5,159726,23
20,5,159726,24
20,5,159726,25
20,5,159726,26
20,5,159726,27
20,5,159726,28
20,5,159726,29
20,5,159726,30
20,5,159726,31
20,5,159726,32
20,5,159726,33
20,5,159726,34
20,5,159726,35
20,5,159726,36
20,5,159726,37
20,5,159726,38
20,5,159726,39
20,5,159726,40
20,5,159726,41
20,5,159726,42
20,5,159726,43
20,5,159726,44
20,5,159726,45
20,5,159726,46
20,5,159726,47
20,5,159726,48
20,5,159726,49
20,5,159726,50
20,5,159726,51
20,5,159726,52
20,5,159726,53
20,5,159726,54
20,5,159726,55
20,5,159726,56
20,5,159726,57
20,5,159726,58
20,5,159726,59
20,5,159726,60
20,5,159726,61
20,5,159726,62
20,5,159726,63
20,5,159726,64
20,5,159726,65
20,5,159726,66
20,5,159726,67
20,5,159726,68
20,5,159726,69
20,5,159726,70
20,5,159726,71
20,5,159726,72
20,5,159726,73
20,5,159726,74
20,5,159726,75
20,5,159726,76
20,5,159726,77
20,5,159726,78
20,5,159726,79
20,9,74790,0
20,9,74790,1
20,9,74790,2
20,9,74790,3
20,9,74790,4
20,9,74790,5
20,9,74790,6
20,9,74790,7
20,9,74790,8
20,9,74790,9
20,9,74790,10
20,9,74790,11
20,9,74790,12
20,9,74790,13
20,9,74790,14
20,9,74790,15
20,9,74790,16
20,9,74790,17
20,9,74790,18
20,9,74790,19
20,9,74790,20
20,9,74790,21
20,9,74790,22
20,9,74790,23
20,9,74790,24
20,9,74790,25
20,9,74790,26
20,9,74790,27
20,9,74790,28
20,9,74790,29
20,9,74790,30
20,9,74790,31
20,9,74790,32
20,9,74790,33
20,9,74790,34
20,9,74790,35
20,9,74790,36
20,9,74790,37
20,9,74790,38
20,9,74790,39
20,9,74790,40
20,9,74790,41
20,9,74790,42
20,9,74790,43
20,9,74790,44
20,9,74790,45
20,9,74790,46
20,9,74790,47
20,9,74790,48
20,9,74790,49
20,9,74790,50
20,9,74790,51
20,9,74790,52
20,9,74790,53
20,9,74790,54
20,9,74790,55
20,9,74790,56
20,9,74790,57
20,9,74790,58
20,9,74790,59
20,9,74790,60
20,9,74790,61
20,9,74790,62
20,9,74790,63
20,9,74790,64
20,9,74790,65
20,9,74790,66
20,9,74790,67
20,9,74790,68
20,9,74790,69
20,9,74790,70
20,9,74790,71
20,9,74790,72
20,9,74790,73
20,9,74790,74
20,9,74790,75
20,9,74790,76
20,9,74790,77
20,9,74790,78
20,9,74790,79
27,0,66084,0
27,0,66084,1
27,0,66084,2
27,0,66084,3
27,0,66084,4
27,0,66084,5
27,0,66084,6
27,0,66084,7
27,0,66084,8
27,0,66084,9
27,0,66084,10
27,0,66084,11
27,0,66084,12
27,0,66084,13
27,0,66084,14
27,0,66084,15
27,0,66084,16
27,0,66084,17
27,0,66084,18
27,0,66084,19
27,0,66084,20
27,0,66084,21
27,0,66084,22
27,0,66084,23
27,0,66084,24
27,0,66084,25
27,0,66084,26
27,0,66084,27
27,0,66084,28
27,0,66084,29
27,0,66084,30
27,0,66084,31
27,0,66084,32
27,0,66084,33
27,0,66084,34
27,0,66084,35
27,0,66084,36
27,0,66084,37
27,0,66084,38
27,0,66084,39
27,0,66084,40
27,0,66084,41
27,0,66084,42
27,0,66084,43
27,0,66084,44
27,0,66084,45
27,0,66084,46
27,0,66084,47
27,0,66084,48
27,0,66084,49
27,0,66084,50
27,0,66084,51
27,0,66084,52
27,0,66084,53
27,0,66084,54
27,0,66084,55
27,0,66084,56
27,0,66084,57
27,0,66084,58
27,0,66084,59
27,0,66084,60
27,0,66084,61
27,0,66084,62
27,0,66084,63
27,0,66084,64
27,0,66084,65
27,0,66084,66
27,0,66084,67
27,0,66084,68
27,0,66084,69
27,0,66084,70
27,0,66084,71
27,0,66084,72
27,0,66084,73
27,0,66084,74
27,0,66084,75
27,0,66084,76
27,0,66084,77
27,0,66084,78
27,0,66084,79
27,26,46239,0
27,26,46239,1
27,26,46239,2
27,26,46239,3
27,26,46239,4
27,26,46239,5
27,26,46239,6
27,26,46239,7
27,26,46239,8
27,26,46239,9
27,26,46239,10
27,26,46239,11
27,26,46239,12
27,26,46239,13
27,26,46239,14
27,26,46239,15
27,26,46239,16
27,26,46239,17
27,26,46239,18
27,26,46239,19
27,26,46239,20
27,26,46239,21
27,26,46239,22
27,26,46239,23
27,26,46239,24
27,26,46239,25
27,26,46239,26
27,26,46239,27
27,26,46239,28
27,26,46239,29
27,26,46239,30
27,26,46239,31
27,26,46239,32
27,26,46239,33
27,26,46239,34
27,26,46239,35
27,26,46239,36
27,26,46239,37
27,26,46239,38
27,26,46239,39
27,26,46239,40
27,26,46239,41
27,26,46239,42
27,26,46239,43
27,26,46239,44
27,26,46239,45
27,26,46239,46
27,26,46239,47
27,26,46239,48
27,26,46239,49
27,26,46239,50
27,26,46239,51
27,26,46239,52
27,26,46239,53
27,26,46239,54
27,26,46239,55
27,26,46239,56
27,26,46239,57
27,26,46239,58
27,26,46239,59
27,26,46239,60
27,26,46239,61
27,26,46239,62
27,26,46239,63
27,26,46239,64
27,26,46239,65
27,26,46239,66
27,26,46239,67
27,26,46239,68
27,26,46239,69
27,26,46239,70
27,26,46239,71
27,26,46239,72
27,26,46239,73
27,26,46239,74
27,26,46239,75
27,26,46239,76
27,26,46239,77
27,26,46239,78
27,26,46239,79
27,1,103860,0
27,1,103860,1
27,1,103860,2
27,1,103860,3
27,1,103860,4
27,1,103860,5
27,1,103860,6
27,1,103860,7
27,1,103860,8
27,1,103860,9
27,1,103860,10
27,1,103860,11
27,1,103860,12
27,1,103860,13
27,1,103860,14
27,1,103860,15
27,1,103860,16
27,1,103860,17
27,1,103860,18
27,1,103860,19
27,1,103860,20
27,1,103860,21
27,1,103860,22
27,1,103860,23
27,1,103860,24
27,1,103860,25
27,1,103860,26
27,1,103860,27
27,1,103860,28
27,1,103860,29
27,1,103860,30
27,1,103860,31
27,1,103860,32
27,1,103860,33
27,1,103860,34
27,1,103860,35
27,1,103860,36
27,1,103860,37
27,1,103860,38
27,1,103860,39
27,1,103860,40
27,1,103860,41
27,1,103860,42
27,1,103860,43
27,1,103860,44
27,1,103860,45
27,1,103860,46
27,1,103860,47
27,1,103860,48
27,1,103860,49
27,1,103860,50
27,1,103860,51
27,1,103860,52
27,1,103860,53
27,1,103860,54
27,1,103860,55
27,1,103860,56
27,1,103860,57
27,1,103860,58
27,1,103860,59
27,1,103860,60
27,1,103860,61
27,1,103860,62
27,1,103860,63
27,1,103860,64
27,1,103860,65
27,1,103860,66
27,1,103860,67
27,1,103860,68
27,1,103860,69
27,1,103860,70
27,1,103860,71
27,1,103860,72
27,1,103860,73
27,1,103860,74
27,1,103860,75
27,1,103860,76
27,1,103860,77
27,1,103860,78
27,1,103860,79
27,19,56454,0
27,19,56454,1
27,19,56454,2
27,19,56454,3
27,19,56454,4
27,19,56454,5
27,19,56454,6
27,19,56454,7
27,19,56454,8
27,19,56454,9
27,19,56454,10
27,19,56454,11
27,19,56454,12
27,19,56454,13
27,19,56454,14
27,19,56454,15
27,19,56454,16
27,19,56454,17
27,19,56454,18
27,19,56454,19
27,19,56454,20
27,19,56454,21
27,19,56454,22
27,19,56454,23
27,19,56454,24
27,19,56454,25
27,19,56454,26
27,19,56454,27
27,19,56454,28
27,19,56454,29
27,19,56454,30
27,19,56454,31
27,19,56454,32
27,19,56454,33
27,19,56454,34
27,19,56454,35
27,19,56454,36
27,19,56454,37
27,19,56454,38
27,19,56454,39
27,19,56454,40
27,19,56454,41
27,19,56454,42
27,19,56454,43
27,19,56454,44
27,19,56454,45
27,19,56454,46
27,19,56454,47
27,19,56454,48
27,19,56454,49
27,19,56454,50
27,19,56454,51
27,19,56454,52
27,19,56454,53
27,19,56454,54
27,19,56454,55
27,19,56454,56
27,19,56454,57
27,19,56454,58
27,19,56454,59
27,19,56454,60
27,19,56454,61
27,19,56454,62
27,19,56454,63
27,19,56454,64
27,19,56454,65
27,19,56454,66
27,19,56454,67
27,19,56454,68
27,19,56454,69
27,19,56454,70
27,19,56454,71
27,19,56454,72
27,19,56454,73
27,19,56454,74
27,19,56454,75
27,19,56454,76
27,19,56454,77
27,19,56454,78
27,19,56454,79
27,17,45204,0
27,17,45204,1
27,17,45204,2
27,17,45204,3
27,17,45204,4
27,17,45204,5
27,17,45204,6
27,17,45204,7
27,17,45204,8
27,17,45204,9
27,17,45204,10
27,17,45204,11
27,17,45204,12
27,17,45204,13
27,17,45204,14
27,17,45204,15
27,17,45204,16
27,17,45204,17
27,17,45204,18
27,17,45204,19
27,17,45204,20
27,17,45204,21
27,17,45204,22
27,17,45204,23
27,17,45204,24
27,17,45204,25
27,17,45204,26
27,17,45204,27
27,17,45204,28
27,17,45204,29
27,17,45204,30
27,17,45204,31
27,17,45204,32
27,17,45204,33
27,17,45204,34
27,17,45204,35
27,17,45204,36
27,17,45204,37
27,17,45204,38
27,17,45204,39
27,17,45204,40
27,17,45204,41
27,17,45204,42
27,17,45204,43
27,17,45204,44
27,17,45204,45
27,17,45204,46
27,17,45204,47
27,17,45204,48
27,17,45204,49
27,17,45204,50
27,17,45204,51
27,17,45204,52
27,17,45204,53
27,17,45204,54
27,17,45204,55
27,17,45204,56
27,17,45204,57
27,17,45204,58
27,17,45204,59
27,17,45204,60
27,17,45204,61
27,17,45204,62
27,17,45204,63
27,17,45204,64
27,17,45204,65
27,17,45204,66
27,17,45204,67
27,17,45204,68
27,17,45204,69
27,17,45204,70
27,17,45204,71
27,17,45204,72
27,17,45204,73
27,17,45204,74
27,17,45204,75
27,17,45204,76
27,17,45204,77
27,17,45204,78
27,17,45204,79
27,3,11127,0
27,3,11127,1
27,3,11127,2
27,3,11127,3
27,3,11127,4
27,3,11127,5
27,3,11127,6
27,3,11127,7
27,3,11127,8
27,3,11127,9
27,3,11127,10
27,3,11127,11
27,3,11127,12
27,3,11127,13
27,3,11127,14
27,3,11127,15
27,3,11127,16
27,3,11127,17
27,3,11127,18
27,3,11127,19
27,3,11127,20
27,3,11127,21
27,3,11127,22
27,3,11127,23
27,3,11127,24
27,3,11127,25
27,3,11127,26
27,3,11127,27
27,3,11127,28
27,3,11127,29
27,3,11127,30
27,3,11127,31
27,3,11127,32
27,3,11127,33
27,3,11127,34
27,3,11127,35
27,3,11127,36
27,3,11127,37
27,3,11127,38
27,3,11127,39
27,3,11127,40
27,3,11127,41
27,3,11127,42
27,3,11127,43
27,3,11127,44
27,3,11127,45
27,3,11127,46
27,3,11127,47
27,3,11127,48
27,3,11127,49
27,3,11127,50
27,3,11127,51
27,3,11127,52
27,3,11127,53
27,3,11127,54
27,3,11127,55
27,3,11127,56
27,3,11127,57
27,3,11127,58
27,3,11127,59
27,3,11127,60
27,3,11127,61
27,3,11127,62
27,3,11127,63
27,3,11127,64
27,3,11127,65
27,3,11127,66
27,3,11127,67
27,3,11127,68
27,3,11127,69
27,3,11127,70
27,3,11127,71
27,3,11127,72
27,3,11127,73
27,3,11127,74
27,3,11127,75
27,3,11127,76
27,3,11127,77
27,3,11127,78
27,3,11127,79
27,5,437205,0
27,5,437205,1
27,5,437205,2
27,5,437205,3
27,5,437205,4
27,5,437205,5
27,5,437205,6
27,5,437205,7
27,5,437205,8
27,5,437205,9
27,5,437205,10
27,5,437205,11
27,5,437205,12
27,5,437205,13
27,5,437205,14
27,5,437205,15
27,5,437205,16
27,5,437205,17
27,5,437205,18
27,5,437205,19
27,5,437205,20
27,5,437205,21
27,5,437205,22
27,5,437205,23
27,5,437205,24
27,5,437205,25
27,5,437205,26
27,5,437205,27
27,5,437205,28
27,5,437205,29
27,5,437205,30
27,5,437205,31
27,5,437205,32
27,5,437205,33
27,5,437205,34
27,5,437205,35
27,5,437205,36
27,5,437205,37
27,5,437205,38
27,5,437205,39
27,5,437205,40
27,5,437205,41
27,5,437205,42
27,5,437205,43
27,5,437205,44
27,5,437205,45
27,5,437205,46
27,5,437205,47
27,5,437205,48
27,5,437205,49
27,5,437205,50
27,5,437205,51
27,5,437205,52
27,5,437205,53
27,5,437205,54
27,5,437205,55
27,5,437205,56
27,5,437205,57
27,5,437205,58
27,5,437205,59
27,5,437205,60
27,5,437205,61
27,5,437205,62
27,5,437205,63
27,5,437205,64
27,5,437205,65
27,5,437205,66
27,5,437205,67
27,5,437205,68
27,5,437205,69
27,5,437205,70
27,5,437205,71
27,5,437205,72
27,5,437205,73
27,5,437205,74
27,5,437205,75
27,5,437205,76
27,5,437205,77
27,5,437205,78
27,5,437205,79
27,8,5103,0
27,8,5103,1
27,8,5103,2
27,8,5103,3
27,8,5103,4
27,8,5103,5
27,8,5103,6
27,8,5103,7
27,8,5103,8
27,8,5103,9
27,8,5103,10
27,8,5103,11
27,8,5103,12
27,8,5103,13
27,8,5103,14
27,8,5103,15
27,8,5103,16
27,8,5103,17
27,8,5103,18
27,8,5103,19
27,8,5103,20
27,8,5103,21
27,8,5103,22
27,8,5103,23
27,8,5103,24
27,8,5103,25
27,8,5103,26
27,8,5103,27
27,8,5103,28
27,8,5103,29
27,8,5103,30
27,8,5103,31
27,8,5103,32
27,8,5103,33
27,8,5103,34
27,8,5103,35
27,8,5103,36
27,8,5103,37
27,8,5103,38
27,8,5103,39
27,8,5103,40
27,8,5103,41
27,8,5103,42
27,8,5103,43
27,8,5103,44
27,8,5103,45
27,8,5103,46
27,8,5103,47
27,8,5103,48
27,8,5103,49
27,8,5103,50
27,8,5103,51
27,8,5103,52
27,8,5103,53
27,8,5103,54
27,8,5103,55
27,8,5103,56
27,8,5103,57
27,8,5103,58
27,8,5103,59
27,8,5103,60
27,8,5103,61
27,8,5103,62
27,8,5103,63
27,8,5103,64
27,8,5103,65
27,8,5103,66
27,8,5103,67
27,8,5103,68
27,8,5103,69
27,8,5103,70
27,8,5103,71
27,8,5103,72
27,8,5103,73
27,8,5103,74
27,8,5103,75
27,8,5103,76
27,8,5103,77
27,8,5103,78
27,8,5103,79
27,9,825660,0
27,9,825660,1
27,9,825660,2
27,9,825660,3
27,9,825660,4
27,9,825660,5
27,9,825660,6
27,9,825660,7
27,9,825660,8
27,9,825660,9
27,9,825660,10
27,9,825660,11
27,9,825660,12
27,9,825660,13
27,9,825660,14
27,9,825660,15
27,9,825660,16
27,9,825660,17
27,9,825660,18
27,9,825660,19
27,9,825660,20
27,9,825660,21
27,9,825660,22
27,9,825660,23
27,9,825660,24
27,9,825660,25
27,9,825660,26
27,9,825660,27
27,9,825660,28
27,9,825660,29
27,9,825660,30
27,9,825660,31
27,9,825660,32
27,9,825660,33
27,9,825660,34
27,9,825660,35
27,9,825660,36
27,9,825660,37
27,9,825660,38
27,9,825660,39
27,9,825660,40
27,9,825660,41
27,9,825660,42
27,9,825660,43
27,9,825660,44
27,9,825660,45
27,9,825660,46
27,9,825660,47
27,9,825660,48
27,9,825660,49
27,9,825660,50
27,9,825660,51
27,9,825660,52
27,9,825660,53
27,9,825660,54
27,9,825660,55
27,9,825660,56
27,9,825660,57
27,9,825660,58
27,9,825660,59
27,9,825660,60
27,9,825660,61
27,9,825660,62
27,9,825660,63
27,9,825660,64
27,9,825660,65
27,9,825660,66
27,9,825660,67
27,9,825660,68
27,9,825660,69
27,9,825660,70
27,9,825660,71
27,9,825660,72
27,9,825660,73
27,9,825660,74
27,9,825660,75
27,9,825660,76
27,9,825660,77
27,9,825660,78
27,9,825660,79
27,21,621480,0
27,21,621480,1
27,21,621480,2
27,21,621480,3
27,21,621480,4
27,21,621480,5
27,21,621480,6
27,21,621480,7
27,21,621480,8
27,21,621480,9
27,21,621480,10
27,21,621480,11
27,21,621480,12
27,21,621480,13
27,21,621480,14
27,21,621480,15
27,21,621480,16
27,21,621480,17
27,21,621480,18
27,21,621480,19
27,21,621480,20
27,21,621480,21
27,21,621480,22
27,21,621480,23
27,21,621480,24
27,21,621480,25
27,21,621480,26
27,21,621480,27
27,21,621480,28
27,21,621480,29
27,21,621480,30
27,21,621480,31
27,21,621480,32
27,21,621480,33
27,21,621480,34
27,21,621480,35
27,21,621480,36
27,21,621480,37
27,21,621480,38
27,21,621480,39
27,21,621480,40
27,21,621480,41
27,21,621480,42
27,21,621480,43
27,21,621480,44
27,21,621480,45
27,21,621480,46
27,21,621480,47
27,21,621480,48
27,21,621480,49
27,21,621480,50
27,21,621480,51
27,21,621480,52
27,21,621480,53
27,21,621480,54
27,21,621480,55
27,21,621480,56
27,21,621480,57
27,21,621480,58
27,21,621480,59
27,21,621480,60
27,21,621480,61
27,21,621480,62
27,21,621480,63
27,21,621480,64
27,21,621480,65
27,21,621480,66
27,21,621480,67
27,21,621480,68
27,21,621480,69
27,21,621480,70
27,21,621480,71
27,21,621480,72
27,21,621480,73
27,21,621480,74
27,21,621480,75
27,21,621480,76
27,21,621480,77
27,21,621480,78
27,21,621480,79
27,12,7461,0
27,12,7461,1
27,12,7461,2
27,12,7461,3
27,12,7461,4
27,12,7461,5
27,12,7461,6
27,12,7461,7
27,12,7461,8
27,12,7461,9
27,12,7461,10
27,12,7461,11
27,12,7461,12
27,12,7461,13
27,12,7461,14
27,12,7461,15
27,12,7461,16
27,12,7461,17
27,12,7461,18
27,12,7461,19
27,12,7461,20
27,12,7461,21
27,12,7461,22
27,12,7461,23
27,12,7461,24
27,12,7461,25
27,12,7461,26
27,12,7461,27
27,12,7461,28
27,12,7461,29
27,12,7461,30
27,12,7461,31
27,12,7461,32
27,12,7461,33
27,12,7461,34
27,12,7461,35
27,12,7461,36
27,12,7461,37
27,12,7461,38
27,12,7461,39
27,12,7461,40
27,12,7461,41
27,12,7461,42
27,12,7461,43
27,12,7461,44
27,12,7461,45
27,12,7461,46
27,12,7461,47
27,12,7461,48
27,12,7461,49
27,12,7461,50
27,12,7461,51
27,12,7461,52
27,12,7461,53
27,12,7461,54
27,12,7461,55
27,12,7461,56
27,12,7461,57
27,12,7461,58
27,12,7461,59
27,12,7461,60
27,12,7461,61
27,12,7461,62
27,12,7461,63
27,12,7461,64
27,12,7461,65
27,12,7461,66
27,12,7461,67
27,12,7461,68
27,12,7461,69
27,12,7461,70
27,12,7461,71
27,12,7461,72
27,12,7461,73
27,12,7461,74
27,12,7461,75
27,12,7461,76
27,12,7461,77
27,12,7461,78
27,12,7461,79
27,14,322902,0
27,14,322902,1
27,14,322902,2
27,14,322902,3
27,14,322902,4
27,14,322902,5
27,14,322902,6
27,14,322902,7
27,14,322902,8
27,14,322902,9
27,14,322902,10
27,14,322902,11
27,14,322902,12
27,14,322902,13
27,14,322902,14
27,14,322902,15
27,14,322902,16
27,14,322902,17
27,14,322902,18
27,14,322902,19
27,14,322902,20
27,14,322902,21
27,14,322902,22
27,14,322902,23
27,14,322902,24
27,14,322902,25
27,14,322902,26
27,14,322902,27
27,14,322902,28
27,14,322902,29
27,14,322902,30
27,14,322902,31
27,14,322902,32
27,14,322902,33
27,14,322902,34
27,14,322902,35
27,14,322902,36
27,14,322902,37
27,14,322902,38
27,14,322902,39
27,14,322902,40
27,14,322902,41
27,14,322902,42
27,14,322902,43
27,14,322902,44
27,14,322902,45
27,14,322902,46
27,14,322902,47
27,14,322902,48
27,14,322902,49
27,14,322902,50
27,14,322902,51
27,14,322902,52
27,14,322902,53
27,14,322902,54
27,14,322902,55
27,14,322902,56
27,14,322902,57
27,14,322902,58
27,14,322902,59
27,14,322902,60
27,14,322902,61
27,14,322902,62
27,14,322902,63
27,14,322902,64
27,14,322902,65
27,14,322902,66
27,14,322902,67
27,14,322902,68
27,14,322902,69
27,14,322902,70
27,14,322902,71
27,14,322902,72
27,14,322902,73
27,14,322902,74
27,14,322902,75
27,14,322902,76
27,14,322902,77
27,14,322902,78
27,14,322902,79
27,39,129792,0
27,39,129792,1
27,39,129792,2
27,39,129792,3
27,39,129792,4
27,39,129792,5
27,39,129792,6
27,39,129792,7
27,39,129792,8
27,39,129792,9
27,39,129792,10
27,39,129792,11
27,39,129792,12
27,39,129792,13
27,39,129792,14
27,39,129792,15
27,39,129792,16
27,39,129792,17
27,39,129792,18
27,39,129792,19
27,39,129792,20
27,39,129792,21
27,39,129792,22
27,39,129792,23
27,39,129792,24
27,39,129792,25
27,39,129792,26
27,39,129792,27
27,39,129792,28
27,39,129792,29
27,39,129792,30
27,39,129792,31
27,39,129792,32
27,39,129792,33
27,39,129792,34
27,39,129792,35
27,39,129792,36
27,39,129792,37
27,39,129792,38
27,39,129792,39
27,39,129792,40
27,39,129792,41
27,39,129792,42
27,39,129792,43
27,39,129792,44
27,39,129792,45
27,39,129792,46
27,39,129792,47
27,39,129792,48
27,39,129792,49
27,39,129792,50
27,39,129792,51
27,39,129792,52
27,39,129792,53
27,39,129792,54
27,39,129792,55
27,39,129792,56
27,39,129792,57
27,39,129792,58
27,39,129792,59
27,39,129792,60
27,39,129792,61
27,39,129792,62
27,39,129792,63
27,39,129792,64
27,39,129792,65
27,39,129792,66
27,39,129792,67
27,39,129792,68
27,39,129792,69
27,39,129792,70
27,39,129792,71
27,39,129792,72
27,39,129792,73
27,39,129792,74
27,39,129792,75
27,39,129792,76
27,39,129792,77
27,39,129792,78
27,39,129792,79
27,18,8511,0
27,18,8511,1
27,18,8511,2
27,18,8511,3
27,18,8511,4
27,18,8511,5
27,18,8511,6
27,18,8511,7
27,18,8511,8
27,18,8511,9
27,18,8511,10
27,18,8511,11
27,18,8511,12
27,18,8511,13
27,18,8511,14
27,18,8511,15
27,18,8511,16
27,18,8511,17
27,18,8511,18
27,18,8511,19
27,18,8511,20
27,18,8511,21
27,18,8511,22
27,18,8511,23
27,18,8511,24
27,18,8511,25
27,18,8511,26
27,18,8511,27
27,18,8511,28
27,18,8511,29
27,18,8511,30
27,18,8511,31
27,18,8511,32
27,18,8511,33
27,18,8511,34
27,18,8511,35
27,18,8511,36
27,18,8511,37
27,18,8511,38
27,18,8511,39
27,18,8511,40
27,18,8511,41
27,18,8511,42
27,18,8511,43
27,18,8511,44
27,18,8511,45
27,18,8511,46
27,18,8511,47
27,18,8511,48
27,18,8511,49
27,18,8511,50
27,18,8511,51
27,18,8511,52
27,18,8511,53
27,18,8511,54
27,18,8511,55
27,18,8511,56
27,18,8511,57
27,18,8511,58
27,18,8511,59
27,18,8511,60
27,18,8511,61
27,18,8511,62
27,18,8511,63
27,18,8511,64
27,18,8511,65
27,18,8511,66
27,18,8511,67
27,18,8511,68
27,18,8511,69
27,18,8511,70
27,18,8511,71
27,18,8511,72
27,18,8511,73
27,18,8511,74
27,18,8511,75
27,18,8511,76
27,18,8511,77
27,18,8511,78
27,18,8511,79
27,20,332313,0
27,20,332313,1
27,20,332313,2
27,20,332313,3
27,20,332313,4
27,20,332313,5
27,20,332313,6
27,20,332313,7
27,20,332313,8
27,20,332313,9
27,20,332313,10
27,20,332313,11
27,20,332313,12
27,20,332313,13
27,20,332313,14
27,20,332313,15
27,20,332313,16
27,20,332313,17
27,20,332313,18
27,20,332313,19
27,20,332313,20
27,20,332313,21
27,20,332313,22
27,20,332313,23
27,20,332313,24
27,20,332313,25
27,20,332313,26
27,20,332313,27
27,20,332313,28
27,20,332313,29
27,20,332313,30
27,20,332313,31
27,20,332313,32
27,20,332313,33
27,20,332313,34
27,20,332313,35
27,20,332313,36
27,20,332313,37
27,20,332313,38
27,20,332313,39
27,20,332313,40
27,20,332313,41
27,20,332313,42
27,20,332313,43
27,20,332313,44
27,20,332313,45
27,20,332313,46
27,20,332313,47
27,20,332313,48
27,20,332313,49
27,20,332313,50
27,20,332313,51
27,20,332313,52
27,20,332313,53
27,20,332313,54
27,20,332313,55
27,20,332313,56
27,20,332313,57
27,20,332313,58
27,20,332313,59
27,20,332313,60
27,20,332313,61
27,20,332313,62
27,20,332313,63
27,20,332313,64
27,20,332313,65
27,20,332313,66
27,20,332313,67
27,20,332313,68
27,20,332313,69
27,20,332313,70
27,20,332313,71
27,20,332313,72
27,20,332313,73
27,20,332313,74
27,20,332313,75
27,20,332313,76
27,20,332313,77
27,20,332313,78
27,20,332313,79
27,29,6696,0
27,29,6696,1
27,29,6696,2
27,29,6696,3
27,29,6696,4
27,29,6696,5
27,29,6696,6
27,29,6696,7
27,29,6696,8
27,29,6696,9
27,29,6696,10
27,29,6696,11
27,29,6696,12
27,29,6696,13
27,29,6696,14
27,29,6696,15
27,29,6696,16
27,29,6696,17
27,29,6696,18
27,29,6696,19
27,29,6696,20
27,29,6696,21
27,29,6696,22
27,29,6696,23
27,29,6696,24
27,29,6696,25
27,29,6696,26
27,29,6696,27
27,29,6696,28
27,29,6696,29
27,29,6696,30
27,29,6696,31
27,29,6696,32
27,29,6696,33
27,29,6696,34
27,29,6696,35
27,29,6696,36
27,29,6696,37
27,29,6696,38
27,29,6696,39
27,29,6696,40
27,29,6696,41
27,29,6696,42
27,29,6696,43
27,29,6696,44
27,29,6696,45
27,29,6696,46
27,29,6696,47
27,29,6696,48
27,29,6696,49
27,29,6696,50
27,29,6696,51
27,29,6696,52
27,29,6696,53
27,29,6696,54
27,29,6696,55
27,29,6696,56
27,29,6696,57
27,29,6696,58
27,29,6696,59
27,29,6696,60
27,29,6696,61
27,29,6696,62
27,29,6696,63
27,29,6696,64
27,29,6696,65
27,29,6696,66
27,29,6696,67
27,29,6696,68
27,29,6696,69
27,29,6696,70
27,29,6696,71
27,29,6696,72
27,29,6696,73
27,29,6696,74
27,29,6696,75
27,29,6696,76
27,29,6696,77
27,29,6696,78
27,29,6696,79
29,5,67260,0
29,5,67260,1
29,5,67260,2
29,5,67260,3
29,5,67260,4
29,5,67260,5
29,5,67260,6
29,5,67260,7
29,5,67260,8
29,5,67260,9
29,5,67260,10
29,5,67260,11
29,5,67260,12
29,5,67260,13
29,5,67260,14
29,5,67260,15
29,5,67260,16
29,5,67260,17
29,5,67260,18
29,5,67260,19
29,5,67260,20
29,5,67260,21
29,5,67260,22
29,5,67260,23
29,5,67260,24
29,5,67260,25
29,5,67260,26
29,5,67260,27
29,5,67260,28
29,5,67260,29
29,5,67260,30
29,5,67260,31
29,5,67260,32
29,5,67260,33
29,5,67260,34
29,5,67260,35
29,5,67260,36
29,5,67260,37
29,5,67260,38
29,5,67260,39
29,5,67260,40
29,5,67260,41
29,5,67260,42
29,5,67260,43
29,5,67260,44
29,5,67260,45
29,5,67260,46
29,5,67260,47
29,5,67260,48
29,5,67260,49
29,5,67260,50
29,5,67260,51
29,5,67260,52
29,5,67260,53
29,5,67260,54
29,5,67260,55
29,5,67260,56
29,5,67260,57
29,5,67260,58
29,5,67260,59
29,5,67260,60
29,5,67260,61
29,5,67260,62
29,5,67260,63
29,5,67260,64
29,5,67260,65
29,5,67260,66
29,5,67260,67
29,5,67260,68
29,5,67260,69
29,5,67260,70
29,5,67260,71
29,5,67260,72
29,5,67260,73
29,5,67260,74
29,5,67260,75
29,5,67260,76
29,5,67260,77
29,5,67260,78
29,5,67260,79
29,9,38700,0
29,9,38700,1
29,9,38700,2
29,9,38700,3
29,9,38700,4
29,9,38700,5
29,9,38700,6
29,9,38700,7
29,9,38700,8
29,9,38700,9
29,9,38700,10
29,9,38700,11
29,9,38700,12
29,9,38700,13
29,9,38700,14
29,9,38700,15
29,9,38700,16
29,9,38700,17
29,9,38700,18
29,9,38700,19
29,9,38700,20
29,9,38700,21
29,9,38700,22
29,9,38700,23
29,9,38700,24
29,9,38700,25
29,9,38700,26
29,9,38700,27
29,9,38700,28
29,9,38700,29
29,9,38700,30
29,9,38700,31
29,9,38700,32
29,9,38700,33
29,9,38700,34
29,9,38700,35
29,9,38700,36
29,9,38700,37
29,9,38700,38
29,9,38700,39
29,9,38700,40
29,9,38700,41
29,9,38700,42
29,9,38700,43
29,9,38700,44
29,9,38700,45
29,9,38700,46
29,9,38700,47
29,9,38700,48
29,9,38700,49
29,9,38700,50
29,9,38700,51
29,9,38700,52
29,9,38700,53
29,9,38700,54
29,9,38700,55
29,9,38700,56
29,9,38700,57
29,9,38700,58
29,9,38700,59
29,9,38700,60
29,9,38700,61
29,9,38700,62
29,9,38700,63
29,9,38700,64
29,9,38700,65
29,9,38700,66
29,9,38700,67
29,9,38700,68
29,9,38700,69
29,9,38700,70
29,9,38700,71
29,9,38700,72
29,9,38700,73
29,9,38700,74
29,9,38700,75
29,9,38700,76
29,9,38700,77
29,9,38700,78
29,9,38700,79
29,20,24915,0
29,20,24915,1
29,20,24915,2
29,20,24915,3
29,20,24915,4
29,20,24915,5
29,20,24915,6
29,20,24915,7
29,20,24915,8
29,20,24915,9
29,20,24915,10
29,20,24915,11
29,20,24915,12
29,20,24915,13
29,20,24915,14
29,20,24915,15
29,20,24915,16
29,20,24915,17
29,20,24915,18
29,20,24915,19
29,20,24915,20
29,20,24915,21
29,20,24915,22
29,20,24915,23
29,20,24915,24
29,20,24915,25
29,20,24915,26
29,20,24915,27
29,20,24915,28
29,20,24915,29
29,20,24915,30
29,20,24915,31
29,20,24915,32
29,20,24915,33
29,20,24915,34
29,20,24915,35
29,20,24915,36
29,20,24915,37
29,20,24915,38
29,20,24915,39
29,20,24915,40
29,20,24915,41
29,20,24915,42
29,20,24915,43
29,20,24915,44
29,20,24915,45
29,20,24915,46
29,20,24915,47
29,20,24915,48
29,20,24915,49
29,20,24915,50
29,20,24915,51
29,20,24915,52
29,20,24915,53
29,20,24915,54
29,20,24915,55
29,20,24915,56
29,20,24915,57
29,20,24915,58
29,20,24915,59
29,20,24915,60
29,20,24915,61
29,20,24915,62
29,20,24915,63
29,20,24915,64
29,20,24915,65
29,20,24915,66
29,20,24915,67
29,20,24915,68
29,20,24915,69
29,20,24915,70
29,20,24915,71
29,20,24915,72
29,20,24915,73
29,20,24915,74
29,20,24915,75
29,20,24915,76
29,20,24915,77
29,20,24915,78
29,20,24915,79
