0,26,66370,0
0,26,66370,1
0,26,66370,2
0,26,66370,3
0,26,66370,4
0,26,66370,5
0,26,66370,6
0,26,66370,7
0,26,66370,8
0,26,66370,9
0,26,66370,10
0,26,66370,11
0,26,66370,12
0,26,66370,13
0,26,66370,14
0,26,66370,15
0,26,66370,16
0,26,66370,17
0,26,66370,18
0,26,66370,19
0,26,66370,20
0,26,66370,21
0,26,66370,22
0,26,66370,23
0,26,66370,24
0,26,66370,25
0,26,66370,26
0,26,66370,27
0,26,66370,28
0,26,66370,29
0,26,66370,30
0,26,66370,31
0,26,66370,32
0,26,66370,33
0,26,66370,34
0,26,66370,35
0,26,66370,36
0,26,66370,37
0,26,66370,38
0,26,66370,39
0,26,66370,40
0,26,66370,41
0,26,66370,42
0,26,66370,43
0,26,66370,44
0,26,66370,45
0,26,66370,46
0,26,66370,47
0,26,66370,48
0,26,66370,49
0,26,66370,50
0,26,66370,51
0,26,66370,52
0,26,66370,53
0,26,66370,54
0,26,66370,55
0,26,66370,56
0,26,66370,57
0,26,66370,58
0,26,66370,59
0,26,66370,60
0,26,66370,61
0,26,66370,62
0,26,66370,63
0,26,66370,64
0,26,66370,65
0,26,66370,66
0,26,66370,67
0,26,66370,68
0,26,66370,69
0,26,66370,70
0,26,66370,71
0,26,66370,72
0,26,66370,73
0,26,66370,74
0,26,66370,75
0,26,66370,76
0,26,66370,77
0,26,66370,78
0,26,66370,79
0,26,66370,80
0,26,66370,81
0,26,66370,82
0,26,66370,83
0,26,66370,84
0,26,66370,85
0,26,66370,86
0,26,66370,87
0,26,66370,88
0,26,66370,89
0,26,66370,90
0,26,66370,91
0,26,66370,92
0,26,66370,93
0,26,66370,94
0,26,66370,95
0,26,66370,96
0,26,66370,97
0,26,66370,98
0,26,66370,99
0,26,66370,100
0,26,66370,101
0,26,66370,102
0,26,66370,103
0,26,66370,104
0,26,66370,105
0,26,66370,106
0,26,66370,107
0,26,66370,108
0,26,66370,109
0,26,66370,110
0,26,66370,111
0,26,66370,112
0,26,66370,113
0,26,66370,114
0,26,66370,115
0,26,66370,116
0,26,66370,117
0,26,66370,118
0,26,66370,119
0,26,66370,120
0,26,66370,121
0,26,66370,122
0,26,66370,123
0,26,66370,124
0,26,66370,125
0,26,66370,126
0,26,66370,127
0,26,66370,128
0,26,66370,129
0,26,66370,130
0,26,66370,131
0,26,66370,132
0,26,66370,133
0,26,66370,134
0,26,66370,135
0,26,66370,136
0,26,66370,137
0,26,66370,138
0,26,66370,139
0,26,66370,140
0,26,66370,141
0,26,66370,142
0,26,66370,143
0,26,66370,144
0,26,66370,145
0,26,66370,146
0,26,66370,147
0,26,66370,148
0,26,66370,149
0,26,66370,150
0,26,66370,151
0,26,66370,152
0,26,66370,153
0,26,66370,154
0,26,66370,155
0,26,66370,156
0,26,66370,157
0,26,66370,158
0,26,66370,159
0,26,66370,160
0,26,66370,161
0,26,66370,162
0,26,66370,163
0,26,66370,164
0,26,66370,165
0,26,66370,166
0,26,66370,167
0,26,66370,168
0,26,66370,169
0,26,66370,170
0,26,66370,171
0,26,66370,172
0,26,66370,173
0,26,66370,174
0,26,66370,175
0,26,66370,176
0,26,66370,177
0,26,66370,178
0,26,66370,179
0,26,66370,180
0,26,66370,181
0,26,66370,182
0,26,66370,183
0,26,66370,184
0,26,66370,185
0,26,66370,186
0,26,66370,187
0,26,66370,188
0,26,66370,189
0,26,66370,190
0,26,66370,191
0,26,66370,192
0,26,66370,193
0,26,66370,194
0,26,66370,195
0,26,66370,196
0,26,66370,197
0,26,66370,198
0,26,66370,199
0,1,63555,0
0,1,63555,1
0,1,63555,2
0,1,63555,3
0,1,63555,4
0,1,63555,5
0,1,63555,6
0,1,63555,7
0,1,63555,8
0,1,63555,9
0,1,63555,10
0,1,63555,11
0,1,63555,12
0,1,63555,13
0,1,63555,14
0,1,63555,15
0,1,63555,16
0,1,63555,17
0,1,63555,18
0,1,63555,19
0,1,63555,20
0,1,63555,21
0,1,63555,22
0,1,63555,23
0,1,63555,24
0,1,63555,25
0,1,63555,26
0,1,63555,27
0,1,63555,28
0,1,63555,29
0,1,63555,30
0,1,63555,31
0,1,63555,32
0,1,63555,33
0,1,63555,34
0,1,63555,35
0,1,63555,36
0,1,63555,37
0,1,63555,38
0,1,63555,39
0,1,63555,40
0,1,63555,41
0,1,63555,42
0,1,63555,43
0,1,63555,44
0,1,63555,45
0,1,63555,46
0,1,63555,47
0,1,63555,48
0,1,63555,49
0,1,63555,50
0,1,63555,51
0,1,63555,52
0,1,63555,53
0,1,63555,54
0,1,63555,55
0,1,63555,56
0,1,63555,57
0,1,63555,58
0,1,63555,59
0,1,63555,60
0,1,63555,61
0,1,63555,62
0,1,63555,63
0,1,63555,64
0,1,63555,65
0,1,63555,66
0,1,63555,67
0,1,63555,68
0,1,63555,69
0,1,63555,70
0,1,63555,71
0,1,63555,72
0,1,63555,73
0,1,63555,74
0,1,63555,75
0,1,63555,76
0,1,63555,77
0,1,63555,78
0,1,63555,79
0,1,63555,80
0,1,63555,81
0,1,63555,82
0,1,63555,83
0,1,63555,84
0,1,63555,85
0,1,63555,86
0,1,63555,87
0,1,63555,88
0,1,63555,89
0,1,63555,90
0,1,63555,91
0,1,63555,92
0,1,63555,93
0,1,63555,94
0,1,63555,95
0,1,63555,96
0,1,63555,97
0,1,63555,98
0,1,63555,99
0,1,63555,100
0,1,63555,101
0,1,63555,102
0,1,63555,103
0,1,63555,104
0,1,63555,105
0,1,63555,106
0,1,63555,107
0,1,63555,108
0,1,63555,109
0,1,63555,110
0,1,63555,111
0,1,63555,112
0,1,63555,113
0,1,63555,114
0,1,63555,115
0,1,63555,116
0,1,63555,117
0,1,63555,118
0,1,63555,119
0,1,63555,120
0,1,63555,121
0,1,63555,122
0,1,63555,123
0,1,63555,124
0,1,63555,125
0,1,63555,126
0,1,63555,127
0,1,63555,128
0,1,63555,129
0,1,63555,130
0,1,63555,131
0,1,63555,132
0,1,63555,133
0,1,63555,134
0,1,63555,135
0,1,63555,136
0,1,63555,137
0,1,63555,138
0,1,63555,139
0,1,63555,140
0,1,63555,141
0,1,63555,142
0,1,63555,143
0,1,63555,144
0,1,63555,145
0,1,63555,146
0,1,63555,147
0,1,63555,148
0,1,63555,149
0,1,63555,150
0,1,63555,151
0,1,63555,152
0,1,63555,153
0,1,63555,154
0,1,63555,155
0,1,63555,156
0,1,63555,157
0,1,63555,158
0,1,63555,159
0,1,63555,160
0,1,63555,161
0,1,63555,162
0,1,63555,163
0,1,63555,164
0,1,63555,165
0,1,63555,166
0,1,63555,167
0,1,63555,168
0,1,63555,169
0,1,63555,170
0,1,63555,171
0,1,63555,172
0,1,63555,173
0,1,63555,174
0,1,63555,175
0,1,63555,176
0,1,63555,177
0,1,63555,178
0,1,63555,179
0,1,63555,180
0,1,63555,181
0,1,63555,182
0,1,63555,183
0,1,63555,184
0,1,63555,185
0,1,63555,186
0,1,63555,187
0,1,63555,188
0,1,63555,189
0,1,63555,190
0,1,63555,191
0,1,63555,192
0,1,63555,193
0,1,63555,194
0,1,63555,195
0,1,63555,196
0,1,63555,197
0,1,63555,198
0,1,63555,199
0,19,165960,0
0,19,165960,1
0,19,165960,2
0,19,165960,3
0,19,165960,4
0,19,165960,5
0,19,165960,6
0,19,165960,7
0,19,165960,8
0,19,165960,9
0,19,165960,10
0,19,165960,11
0,19,165960,12
0,19,165960,13
0,19,165960,14
0,19,165960,15
0,19,165960,16
0,19,165960,17
0,19,165960,18
0,19,165960,19
0,19,165960,20
0,19,165960,21
0,19,165960,22
0,19,165960,23
0,19,165960,24
0,19,165960,25
0,19,165960,26
0,19,165960,27
0,19,165960,28
0,19,165960,29
0,19,165960,30
0,19,165960,31
0,19,165960,32
0,19,165960,33
0,19,165960,34
0,19,165960,35
0,19,165960,36
0,19,165960,37
0,19,165960,38
0,19,165960,39
0,19,165960,40
0,19,165960,41
0,19,165960,42
0,19,165960,43
0,19,165960,44
0,19,165960,45
0,19,165960,46
0,19,165960,47
0,19,165960,48
0,19,165960,49
0,19,165960,50
0,19,165960,51
0,19,165960,52
0,19,165960,53
0,19,165960,54
0,19,165960,55
0,19,165960,56
0,19,165960,57
0,19,165960,58
0,19,165960,59
0,19,165960,60
0,19,165960,61
0,19,165960,62
0,19,165960,63
0,19,165960,64
0,19,165960,65
0,19,165960,66
0,19,165960,67
0,19,165960,68
0,19,165960,69
0,19,165960,70
0,19,165960,71
0,19,165960,72
0,19,165960,73
0,19,165960,74
0,19,165960,75
0,19,165960,76
0,19,165960,77
0,19,165960,78
0,19,165960,79
0,19,165960,80
0,19,165960,81
0,19,165960,82
0,19,165960,83
0,19,165960,84
0,19,165960,85
0,19,165960,86
0,19,165960,87
0,19,165960,88
0,19,165960,89
0,19,165960,90
0,19,165960,91
0,19,165960,92
0,19,165960,93
0,19,165960,94
0,19,165960,95
0,19,165960,96
0,19,165960,97
0,19,165960,98
0,19,165960,99
0,19,165960,100
0,19,165960,101
0,19,165960,102
0,19,165960,103
0,19,165960,104
0,19,165960,105
0,19,165960,106
0,19,165960,107
0,19,165960,108
0,19,165960,109
0,19,165960,110
0,19,165960,111
0,19,165960,112
0,19,165960,113
0,19,165960,114
0,19,165960,115
0,19,165960,116
0,19,165960,117
0,19,165960,118
0,19,165960,119
0,19,165960,120
0,19,165960,121
0,19,165960,122
0,19,165960,123
0,19,165960,124
0,19,165960,125
0,19,165960,126
0,19,165960,127
0,19,165960,128
0,19,165960,129
0,19,165960,130
0,19,165960,131
0,19,165960,132
0,19,165960,133
0,19,165960,134
0,19,165960,135
0,19,165960,136
0,19,165960,137
0,19,165960,138
0,19,165960,139
0,19,165960,140
0,19,165960,141
0,19,165960,142
0,19,165960,143
0,19,165960,144
0,19,165960,145
0,19,165960,146
0,19,165960,147
0,19,165960,148
0,19,165960,149
0,19,165960,150
0,19,165960,151
0,19,165960,152
0,19,165960,153
0,19,165960,154
0,19,165960,155
0,19,165960,156
0,19,165960,157
0,19,165960,158
0,19,165960,159
0,19,165960,160
0,19,165960,161
0,19,165960,162
0,19,165960,163
0,19,165960,164
0,19,165960,165
0,19,165960,166
0,19,165960,167
0,19,165960,168
0,19,165960,169
0,19,165960,170
0,19,165960,171
0,19,165960,172
0,19,165960,173
0,19,165960,174
0,19,165960,175
0,19,165960,176
0,19,165960,177
0,19,165960,178
0,19,165960,179
0,19,165960,180
0,19,165960,181
0,19,165960,182
0,19,165960,183
0,19,165960,184
0,19,165960,185
0,19,165960,186
0,19,165960,187
0,19,165960,188
0,19,165960,189
0,19,165960,190
0,19,165960,191
0,19,165960,192
0,19,165960,193
0,19,165960,194
0,19,165960,195
0,19,165960,196
0,19,165960,197
0,19,165960,198
0,19,165960,199
0,17,152745,0
0,17,152745,1
0,17,152745,2
0,17,152745,3
0,17,152745,4
0,17,152745,5
0,17,152745,6
0,17,152745,7
0,17,152745,8
0,17,152745,9
0,17,152745,10
0,17,152745,11
0,17,152745,12
0,17,152745,13
0,17,152745,14
0,17,152745,15
0,17,152745,16
0,17,152745,17
0,17,152745,18
0,17,152745,19
0,17,152745,20
0,17,152745,21
0,17,152745,22
0,17,152745,23
0,17,152745,24
0,17,152745,25
0,17,152745,26
0,17,152745,27
0,17,152745,28
0,17,152745,29
0,17,152745,30
0,17,152745,31
0,17,152745,32
0,17,152745,33
0,17,152745,34
0,17,152745,35
0,17,152745,36
0,17,152745,37
0,17,152745,38
0,17,152745,39
0,17,152745,40
0,17,152745,41
0,17,152745,42
0,17,152745,43
0,17,152745,44
0,17,152745,45
0,17,152745,46
0,17,152745,47
0,17,152745,48
0,17,152745,49
0,17,152745,50
0,17,152745,51
0,17,152745,52
0,17,152745,53
0,17,152745,54
0,17,152745,55
0,17,152745,56
0,17,152745,57
0,17,152745,58
0,17,152745,59
0,17,152745,60
0,17,152745,61
0,17,152745,62
0,17,152745,63
0,17,152745,64
0,17,152745,65
0,17,152745,66
0,17,152745,67
0,17,152745,68
0,17,152745,69
0,17,152745,70
0,17,152745,71
0,17,152745,72
0,17,152745,73
0,17,152745,74
0,17,152745,75
0,17,152745,76
0,17,152745,77
0,17,152745,78
0,17,152745,79
0,17,152745,80
0,17,152745,81
0,17,152745,82
0,17,152745,83
0,17,152745,84
0,17,152745,85
0,17,152745,86
0,17,152745,87
0,17,152745,88
0,17,152745,89
0,17,152745,90
0,17,152745,91
0,17,152745,92
0,17,152745,93
0,17,152745,94
0,17,152745,95
0,17,152745,96
0,17,152745,97
0,17,152745,98
0,17,152745,99
0,17,152745,100
0,17,152745,101
0,17,152745,102
0,17,152745,103
0,17,152745,104
0,17,152745,105
0,17,152745,106
0,17,152745,107
0,17,152745,108
0,17,152745,109
0,17,152745,110
0,17,152745,111
0,17,152745,112
0,17,152745,113
0,17,152745,114
0,17,152745,115
0,17,152745,116
0,17,152745,117
0,17,152745,118
0,17,152745,119
0,17,152745,120
0,17,152745,121
0,17,152745,122
0,17,152745,123
0,17,152745,124
0,17,152745,125
0,17,152745,126
0,17,152745,127
0,17,152745,128
0,17,152745,129
0,17,152745,130
0,17,152745,131
0,17,152745,132
0,17,152745,133
0,17,152745,134
0,17,152745,135
0,17,152745,136
0,17,152745,137
0,17,152745,138
0,17,152745,139
0,17,152745,140
0,17,152745,141
0,17,152745,142
0,17,152745,143
0,17,152745,144
0,17,152745,145
0,17,152745,146
0,17,152745,147
0,17,152745,148
0,17,152745,149
0,17,152745,150
0,17,152745,151
0,17,152745,152
0,17,152745,153
0,17,152745,154
0,17,152745,155
0,17,152745,156
0,17,152745,157
0,17,152745,158
0,17,152745,159
0,17,152745,160
0,17,152745,161
0,17,152745,162
0,17,152745,163
0,17,152745,164
0,17,152745,165
0,17,152745,166
0,17,152745,167
0,17,152745,168
0,17,152745,169
0,17,152745,170
0,17,152745,171
0,17,152745,172
0,17,152745,173
0,17,152745,174
0,17,152745,175
0,17,152745,176
0,17,152745,177
0,17,152745,178
0,17,152745,179
0,17,152745,180
0,17,152745,181
0,17,152745,182
0,17,152745,183
0,17,152745,184
0,17,152745,185
0,17,152745,186
0,17,152745,187
0,17,152745,188
0,17,152745,189
0,17,152745,190
0,17,152745,191
0,17,152745,192
0,17,152745,193
0,17,152745,194
0,17,152745,195
0,17,152745,196
0,17,152745,197
0,17,152745,198
0,17,152745,199
0,5,152190,0
0,5,152190,1
0,5,152190,2
0,5,152190,3
0,5,152190,4
0,5,152190,5
0,5,152190,6
0,5,152190,7
0,5,152190,8
0,5,152190,9
0,5,152190,10
0,5,152190,11
0,5,152190,12
0,5,152190,13
0,5,152190,14
0,5,152190,15
0,5,152190,16
0,5,152190,17
0,5,152190,18
0,5,152190,19
0,5,152190,20
0,5,152190,21
0,5,152190,22
0,5,152190,23
0,5,152190,24
0,5,152190,25
0,5,152190,26
0,5,152190,27
0,5,152190,28
0,5,152190,29
0,5,152190,30
0,5,152190,31
0,5,152190,32
0,5,152190,33
0,5,152190,34
0,5,152190,35
0,5,152190,36
0,5,152190,37
0,5,152190,38
0,5,152190,39
0,5,152190,40
0,5,152190,41
0,5,152190,42
0,5,152190,43
0,5,152190,44
0,5,152190,45
0,5,152190,46
0,5,152190,47
0,5,152190,48
0,5,152190,49
0,5,152190,50
0,5,152190,51
0,5,152190,52
0,5,152190,53
0,5,152190,54
0,5,152190,55
0,5,152190,56
0,5,152190,57
0,5,152190,58
0,5,152190,59
0,5,152190,60
0,5,152190,61
0,5,152190,62
0,5,152190,63
0,5,152190,64
0,5,152190,65
0,5,152190,66
0,5,152190,67
0,5,152190,68
0,5,152190,69
0,5,152190,70
0,5,152190,71
0,5,152190,72
0,5,152190,73
0,5,152190,74
0,5,152190,75
0,5,152190,76
0,5,152190,77
0,5,152190,78
0,5,152190,79
0,5,152190,80
0,5,152190,81
0,5,152190,82
0,5,152190,83
0,5,152190,84
0,5,152190,85
0,5,152190,86
0,5,152190,87
0,5,152190,88
0,5,152190,89
0,5,152190,90
0,5,152190,91
0,5,152190,92
0,5,152190,93
0,5,152190,94
0,5,152190,95
0,5,152190,96
0,5,152190,97
0,5,152190,98
0,5,152190,99
0,5,152190,100
0,5,152190,101
0,5,152190,102
0,5,152190,103
0,5,152190,104
0,5,152190,105
0,5,152190,106
0,5,152190,107
0,5,152190,108
0,5,152190,109
0,5,152190,110
0,5,152190,111
0,5,152190,112
0,5,152190,113
0,5,152190,114
0,5,152190,115
0,5,152190,116
0,5,152190,117
0,5,152190,118
0,5,152190,119
0,5,152190,120
0,5,152190,121
0,5,152190,122
0,5,152190,123
0,5,152190,124
0,5,152190,125
0,5,152190,126
0,5,152190,127
0,5,152190,128
0,5,152190,129
0,5,152190,130
0,5,152190,131
0,5,152190,132
0,5,152190,133
0,5,152190,134
0,5,152190,135
0,5,152190,136
0,5,152190,137
0,5,152190,138
0,5,152190,139
0,5,152190,140
0,5,152190,141
0,5,152190,142
0,5,152190,143
0,5,152190,144
0,5,152190,145
0,5,152190,146
0,5,152190,147
0,5,152190,148
0,5,152190,149
0,5,152190,150
0,5,152190,151
0,5,152190,152
0,5,152190,153
0,5,152190,154
0,5,152190,155
0,5,152190,156
0,5,152190,157
0,5,152190,158
0,5,152190,159
0,5,152190,160
0,5,152190,161
0,5,152190,162
0,5,152190,163
0,5,152190,164
0,5,152190,165
0,5,152190,166
0,5,152190,167
0,5,152190,168
0,5,152190,169
0,5,152190,170
0,5,152190,171
0,5,152190,172
0,5,152190,173
0,5,152190,174
0,5,152190,175
0,5,152190,176
0,5,152190,177
0,5,152190,178
0,5,152190,179
0,5,152190,180
0,5,152190,181
0,5,152190,182
0,5,152190,183
0,5,152190,184
0,5,152190,185
0,5,152190,186
0,5,152190,187
0,5,152190,188
0,5,152190,189
0,5,152190,190
0,5,152190,191
0,5,152190,192
0,5,152190,193
0,5,152190,194
0,5,152190,195
0,5,152190,196
0,5,152190,197
0,5,152190,198
0,5,152190,199
0,9,150530,0
0,9,150530,1
0,9,150530,2
0,9,150530,3
0,9,150530,4
0,9,150530,5
0,9,150530,6
0,9,150530,7
0,9,150530,8
0,9,150530,9
0,9,150530,10
0,9,150530,11
0,9,150530,12
0,9,150530,13
0,9,150530,14
0,9,150530,15
0,9,150530,16
0,9,150530,17
0,9,150530,18
0,9,150530,19
0,9,150530,20
0,9,150530,21
0,9,150530,22
0,9,150530,23
0,9,150530,24
0,9,150530,25
0,9,150530,26
0,9,150530,27
0,9,150530,28
0,9,150530,29
0,9,150530,30
0,9,150530,31
0,9,150530,32
0,9,150530,33
0,9,150530,34
0,9,150530,35
0,9,150530,36
0,9,150530,37
0,9,150530,38
0,9,150530,39
0,9,150530,40
0,9,150530,41
0,9,150530,42
0,9,150530,43
0,9,150530,44
0,9,150530,45
0,9,150530,46
0,9,150530,47
0,9,150530,48
0,9,150530,49
0,9,150530,50
0,9,150530,51
0,9,150530,52
0,9,150530,53
0,9,150530,54
0,9,150530,55
0,9,150530,56
0,9,150530,57
0,9,150530,58
0,9,150530,59
0,9,150530,60
0,9,150530,61
0,9,150530,62
0,9,150530,63
0,9,150530,64
0,9,150530,65
0,9,150530,66
0,9,150530,67
0,9,150530,68
0,9,150530,69
0,9,150530,70
0,9,150530,71
0,9,150530,72
0,9,150530,73
0,9,150530,74
0,9,150530,75
0,9,150530,76
0,9,150530,77
0,9,150530,78
0,9,150530,79
0,9,150530,80
0,9,150530,81
0,9,150530,82
0,9,150530,83
0,9,150530,84
0,9,150530,85
0,9,150530,86
0,9,150530,87
0,9,150530,88
0,9,150530,89
0,9,150530,90
0,9,150530,91
0,9,150530,92
0,9,150530,93
0,9,150530,94
0,9,150530,95
0,9,150530,96
0,9,150530,97
0,9,150530,98
0,9,150530,99
0,9,150530,100
0,9,150530,101
0,9,150530,102
0,9,150530,103
0,9,150530,104
0,9,150530,105
0,9,150530,106
0,9,150530,107
0,9,150530,108
0,9,150530,109
0,9,150530,110
0,9,150530,111
0,9,150530,112
0,9,150530,113
0,9,150530,114
0,9,150530,115
0,9,150530,116
0,9,150530,117
0,9,150530,118
0,9,150530,119
0,9,150530,120
0,9,150530,121
0,9,150530,122
0,9,150530,123
0,9,150530,124
0,9,150530,125
0,9,150530,126
0,9,150530,127
0,9,150530,128
0,9,150530,129
0,9,150530,130
0,9,150530,131
0,9,150530,132
0,9,150530,133
0,9,150530,134
0,9,150530,135
0,9,150530,136
0,9,150530,137
0,9,150530,138
0,9,150530,139
0,9,150530,140
0,9,150530,141
0,9,150530,142
0,9,150530,143
0,9,150530,144
0,9,150530,145
0,9,150530,146
0,9,150530,147
0,9,150530,148
0,9,150530,149
0,9,150530,150
0,9,150530,151
0,9,150530,152
0,9,150530,153
0,9,150530,154
0,9,150530,155
0,9,150530,156
0,9,150530,157
0,9,150530,158
0,9,150530,159
0,9,150530,160
0,9,150530,161
0,9,150530,162
0,9,150530,163
0,9,150530,164
0,9,150530,165
0,9,150530,166
0,9,150530,167
0,9,150530,168
0,9,150530,169
0,9,150530,170
0,9,150530,171
0,9,150530,172
0,9,150530,173
0,9,150530,174
0,9,150530,175
0,9,150530,176
0,9,150530,177
0,9,150530,178
0,9,150530,179
0,9,150530,180
0,9,150530,181
0,9,150530,182
0,9,150530,183
0,9,150530,184
0,9,150530,185
0,9,150530,186
0,9,150530,187
0,9,150530,188
0,9,150530,189
0,9,150530,190
0,9,150530,191
0,9,150530,192
0,9,150530,193
0,9,150530,194
0,9,150530,195
0,9,150530,196
0,9,150530,197
0,9,150530,198
0,9,150530,199
0,21,59675,0
0,21,59675,1
0,21,59675,2
0,21,59675,3
0,21,59675,4
0,21,59675,5
0,21,59675,6
0,21,59675,7
0,21,59675,8
0,21,59675,9
0,21,59675,10
0,21,59675,11
0,21,59675,12
0,21,59675,13
0,21,59675,14
0,21,59675,15
0,21,59675,16
0,21,59675,17
0,21,59675,18
0,21,59675,19
0,21,59675,20
0,21,59675,21
0,21,59675,22
0,21,59675,23
0,21,59675,24
0,21,59675,25
0,21,59675,26
0,21,59675,27
0,21,59675,28
0,21,59675,29
0,21,59675,30
0,21,59675,31
0,21,59675,32
0,21,59675,33
0,21,59675,34
0,21,59675,35
0,21,59675,36
0,21,59675,37
0,21,59675,38
0,21,59675,39
0,21,59675,40
0,21,59675,41
0,21,59675,42
0,21,59675,43
0,21,59675,44
0,21,59675,45
0,21,59675,46
0,21,59675,47
0,21,59675,48
0,21,59675,49
0,21,59675,50
0,21,59675,51
0,21,59675,52
0,21,59675,53
0,21,59675,54
0,21,59675,55
0,21,59675,56
0,21,59675,57
0,21,59675,58
0,21,59675,59
0,21,59675,60
0,21,59675,61
0,21,59675,62
0,21,59675,63
0,21,59675,64
0,21,59675,65
0,21,59675,66
0,21,59675,67
0,21,59675,68
0,21,59675,69
0,21,59675,70
0,21,59675,71
0,21,59675,72
0,21,59675,73
0,21,59675,74
0,21,59675,75
0,21,59675,76
0,21,59675,77
0,21,59675,78
0,21,59675,79
0,21,59675,80
0,21,59675,81
0,21,59675,82
0,21,59675,83
0,21,59675,84
0,21,59675,85
0,21,59675,86
0,21,59675,87
0,21,59675,88
0,21,59675,89
0,21,59675,90
0,21,59675,91
0,21,59675,92
0,21,59675,93
0,21,59675,94
0,21,59675,95
0,21,59675,96
0,21,59675,97
0,21,59675,98
0,21,59675,99
0,21,59675,100
0,21,59675,101
0,21,59675,102
0,21,59675,103
0,21,59675,104
0,21,59675,105
0,21,59675,106
0,21,59675,107
0,21,59675,108
0,21,59675,109
0,21,59675,110
0,21,59675,111
0,21,59675,112
0,21,59675,113
0,21,59675,114
0,21,59675,115
0,21,59675,116
0,21,59675,117
0,21,59675,118
0,21,59675,119
0,21,59675,120
0,21,59675,121
0,21,59675,122
0,21,59675,123
0,21,59675,124
0,21,59675,125
0,21,59675,126
0,21,59675,127
0,21,59675,128
0,21,59675,129
0,21,59675,130
0,21,59675,131
0,21,59675,132
0,21,59675,133
0,21,59675,134
0,21,59675,135
0,21,59675,136
0,21,59675,137
0,21,59675,138
0,21,59675,139
0,21,59675,140
0,21,59675,141
0,21,59675,142
0,21,59675,143
0,21,59675,144
0,21,59675,145
0,21,59675,146
0,21,59675,147
0,21,59675,148
0,21,59675,149
0,21,59675,150
0,21,59675,151
0,21,59675,152
0,21,59675,153
0,21,59675,154
0,21,59675,155
0,21,59675,156
0,21,59675,157
0,21,59675,158
0,21,59675,159
0,21,59675,160
0,21,59675,161
0,21,59675,162
0,21,59675,163
0,21,59675,164
0,21,59675,165
0,21,59675,166
0,21,59675,167
0,21,59675,168
0,21,59675,169
0,21,59675,170
0,21,59675,171
0,21,59675,172
0,21,59675,173
0,21,59675,174
0,21,59675,175
0,21,59675,176
0,21,59675,177
0,21,59675,178
0,21,59675,179
0,21,59675,180
0,21,59675,181
0,21,59675,182
0,21,59675,183
0,21,59675,184
0,21,59675,185
0,21,59675,186
0,21,59675,187
0,21,59675,188
0,21,59675,189
0,21,59675,190
0,21,59675,191
0,21,59675,192
0,21,59675,193
0,21,59675,194
0,21,59675,195
0,21,59675,196
0,21,59675,197
0,21,59675,198
0,21,59675,199
0,14,23640,0
0,14,23640,1
0,14,23640,2
0,14,23640,3
0,14,23640,4
0,14,23640,5
0,14,23640,6
0,14,23640,7
0,14,23640,8
0,14,23640,9
0,14,23640,10
0,14,23640,11
0,14,23640,12
0,14,23640,13
0,14,23640,14
0,14,23640,15
0,14,23640,16
0,14,23640,17
0,14,23640,18
0,14,23640,19
0,14,23640,20
0,14,23640,21
0,14,23640,22
0,14,23640,23
0,14,23640,24
0,14,23640,25
0,14,23640,26
0,14,23640,27
0,14,23640,28
0,14,23640,29
0,14,23640,30
0,14,23640,31
0,14,23640,32
0,14,23640,33
0,14,23640,34
0,14,23640,35
0,14,23640,36
0,14,23640,37
0,14,23640,38
0,14,23640,39
0,14,23640,40
0,14,23640,41
0,14,23640,42
0,14,23640,43
0,14,23640,44
0,14,23640,45
0,14,23640,46
0,14,23640,47
0,14,23640,48
0,14,23640,49
0,14,23640,50
0,14,23640,51
0,14,23640,52
0,14,23640,53
0,14,23640,54
0,14,23640,55
0,14,23640,56
0,14,23640,57
0,14,23640,58
0,14,23640,59
0,14,23640,60
0,14,23640,61
0,14,23640,62
0,14,23640,63
0,14,23640,64
0,14,23640,65
0,14,23640,66
0,14,23640,67
0,14,23640,68
0,14,23640,69
0,14,23640,70
0,14,23640,71
0,14,23640,72
0,14,23640,73
0,14,23640,74
0,14,23640,75
0,14,23640,76
0,14,23640,77
0,14,23640,78
0,14,23640,79
0,14,23640,80
0,14,23640,81
0,14,23640,82
0,14,23640,83
0,14,23640,84
0,14,23640,85
0,14,23640,86
0,14,23640,87
0,14,23640,88
0,14,23640,89
0,14,23640,90
0,14,23640,91
0,14,23640,92
0,14,23640,93
0,14,23640,94
0,14,23640,95
0,14,23640,96
0,14,23640,97
0,14,23640,98
0,14,23640,99
0,14,23640,100
0,14,23640,101
0,14,23640,102
0,14,23640,103
0,14,23640,104
0,14,23640,105
0,14,23640,106
0,14,23640,107
0,14,23640,108
0,14,23640,109
0,14,23640,110
0,14,23640,111
0,14,23640,112
0,14,23640,113
0,14,23640,114
0,14,23640,115
0,14,23640,116
0,14,23640,117
0,14,23640,118
0,14,23640,119
0,14,23640,120
0,14,23640,121
0,14,23640,122
0,14,23640,123
0,14,23640,124
0,14,23640,125
0,14,23640,126
0,14,23640,127
0,14,23640,128
0,14,23640,129
0,14,23640,130
0,14,23640,131
0,14,23640,132
0,14,23640,133
0,14,23640,134
0,14,23640,135
0,14,23640,136
0,14,23640,137
0,14,23640,138
0,14,23640,139
0,14,23640,140
0,14,23640,141
0,14,23640,142
0,14,23640,143
0,14,23640,144
0,14,23640,145
0,14,23640,146
0,14,23640,147
0,14,23640,148
0,14,23640,149
0,14,23640,150
0,14,23640,151
0,14,23640,152
0,14,23640,153
0,14,23640,154
0,14,23640,155
0,14,23640,156
0,14,23640,157
0,14,23640,158
0,14,23640,159
0,14,23640,160
0,14,23640,161
0,14,23640,162
0,14,23640,163
0,14,23640,164
0,14,23640,165
0,14,23640,166
0,14,23640,167
0,14,23640,168
0,14,23640,169
0,14,23640,170
0,14,23640,171
0,14,23640,172
0,14,23640,173
0,14,23640,174
0,14,23640,175
0,14,23640,176
0,14,23640,177
0,14,23640,178
0,14,23640,179
0,14,23640,180
0,14,23640,181
0,14,23640,182
0,14,23640,183
0,14,23640,184
0,14,23640,185
0,14,23640,186
0,14,23640,187
0,14,23640,188
0,14,23640,189
0,14,23640,190
0,14,23640,191
0,14,23640,192
0,14,23640,193
0,14,23640,194
0,14,23640,195
0,14,23640,196
0,14,23640,197
0,14,23640,198
0,14,23640,199
0,39,27980,0
0,39,27980,1
0,39,27980,2
0,39,27980,3
0,39,27980,4
0,39,27980,5
0,39,27980,6
0,39,27980,7
0,39,27980,8
0,39,27980,9
0,39,27980,10
0,39,27980,11
0,39,27980,12
0,39,27980,13
0,39,27980,14
0,39,27980,15
0,39,27980,16
0,39,27980,17
0,39,27980,18
0,39,27980,19
0,39,27980,20
0,39,27980,21
0,39,27980,22
0,39,27980,23
0,39,27980,24
0,39,27980,25
0,39,27980,26
0,39,27980,27
0,39,27980,28
0,39,27980,29
0,39,27980,30
0,39,27980,31
0,39,27980,32
0,39,27980,33
0,39,27980,34
0,39,27980,35
0,39,27980,36
0,39,27980,37
0,39,27980,38
0,39,27980,39
0,39,27980,40
0,39,27980,41
0,39,27980,42
0,39,27980,43
0,39,27980,44
0,39,27980,45
0,39,27980,46
0,39,27980,47
0,39,27980,48
0,39,27980,49
0,39,27980,50
0,39,27980,51
0,39,27980,52
0,39,27980,53
0,39,27980,54
0,39,27980,55
0,39,27980,56
0,39,27980,57
0,39,27980,58
0,39,27980,59
0,39,27980,60
0,39,27980,61
0,39,27980,62
0,39,27980,63
0,39,27980,64
0,39,27980,65
0,39,27980,66
0,39,27980,67
0,39,27980,68
0,39,27980,69
0,39,27980,70
0,39,27980,71
0,39,27980,72
0,39,27980,73
0,39,27980,74
0,39,27980,75
0,39,27980,76
0,39,27980,77
0,39,27980,78
0,39,27980,79
0,39,27980,80
0,39,27980,81
0,39,27980,82
0,39,27980,83
0,39,27980,84
0,39,27980,85
0,39,27980,86
0,39,27980,87
0,39,27980,88
0,39,27980,89
0,39,27980,90
0,39,27980,91
0,39,27980,92
0,39,27980,93
0,39,27980,94
0,39,27980,95
0,39,27980,96
0,39,27980,97
0,39,27980,98
0,39,27980,99
0,39,27980,100
0,39,27980,101
0,39,27980,102
0,39,27980,103
0,39,27980,104
0,39,27980,105
0,39,27980,106
0,39,27980,107
0,39,27980,108
0,39,27980,109
0,39,27980,110
0,39,27980,111
0,39,27980,112
0,39,27980,113
0,39,27980,114
0,39,27980,115
0,39,27980,116
0,39,27980,117
0,39,27980,118
0,39,27980,119
0,39,27980,120
0,39,27980,121
0,39,27980,122
0,39,27980,123
0,39,27980,124
0,39,27980,125
0,39,27980,126
0,39,27980,127
0,39,27980,128
0,39,27980,129
0,39,27980,130
0,39,27980,131
0,39,27980,132
0,39,27980,133
0,39,27980,134
0,39,27980,135
0,39,27980,136
0,39,27980,137
0,39,27980,138
0,39,27980,139
0,39,27980,140
0,39,27980,141
0,39,27980,142
0,39,27980,143
0,39,27980,144
0,39,27980,145
0,39,27980,146
0,39,27980,147
0,39,27980,148
0,39,27980,149
0,39,27980,150
0,39,27980,151
0,39,27980,152
0,39,27980,153
0,39,27980,154
0,39,27980,155
0,39,27980,156
0,39,27980,157
0,39,27980,158
0,39,27980,159
0,39,27980,160
0,39,27980,161
0,39,27980,162
0,39,27980,163
0,39,27980,164
0,39,27980,165
0,39,27980,166
0,39,27980,167
0,39,27980,168
0,39,27980,169
0,39,27980,170
0,39,27980,171
0,39,27980,172
0,39,27980,173
0,39,27980,174
0,39,27980,175
0,39,27980,176
0,39,27980,177
0,39,27980,178
0,39,27980,179
0,39,27980,180
0,39,27980,181
0,39,27980,182
0,39,27980,183
0,39,27980,184
0,39,27980,185
0,39,27980,186
0,39,27980,187
0,39,27980,188
0,39,27980,189
0,39,27980,190
0,39,27980,191
0,39,27980,192
0,39,27980,193
0,39,27980,194
0,39,27980,195
0,39,27980,196
0,39,27980,197
0,39,27980,198
0,39,27980,199
0,20,163760,0
0,20,163760,1
0,20,163760,2
0,20,163760,3
0,20,163760,4
0,20,163760,5
0,20,163760,6
0,20,163760,7
0,20,163760,8
0,20,163760,9
0,20,163760,10
0,20,163760,11
0,20,163760,12
0,20,163760,13
0,20,163760,14
0,20,163760,15
0,20,163760,16
0,20,163760,17
0,20,163760,18
0,20,163760,19
0,20,163760,20
0,20,163760,21
0,20,163760,22
0,20,163760,23
0,20,163760,24
0,20,163760,25
0,20,163760,26
0,20,163760,27
0,20,163760,28
0,20,163760,29
0,20,163760,30
0,20,163760,31
0,20,163760,32
0,20,163760,33
0,20,163760,34
0,20,163760,35
0,20,163760,36
0,20,163760,37
0,20,163760,38
0,20,163760,39
0,20,163760,40
0,20,163760,41
0,20,163760,42
0,20,163760,43
0,20,163760,44
0,20,163760,45
0,20,163760,46
0,20,163760,47
0,20,163760,48
0,20,163760,49
0,20,163760,50
0,20,163760,51
0,20,163760,52
0,20,163760,53
0,20,163760,54
0,20,163760,55
0,20,163760,56
0,20,163760,57
0,20,163760,58
0,20,163760,59
0,20,163760,60
0,20,163760,61
0,20,163760,62
0,20,163760,63
0,20,163760,64
0,20,163760,65
0,20,163760,66
0,20,163760,67
0,20,163760,68
0,20,163760,69
0,20,163760,70
0,20,163760,71
0,20,163760,72
0,20,163760,73
0,20,163760,74
0,20,163760,75
0,20,163760,76
0,20,163760,77
0,20,163760,78
0,20,163760,79
0,20,163760,80
0,20,163760,81
0,20,163760,82
0,20,163760,83
0,20,163760,84
0,20,163760,85
0,20,163760,86
0,20,163760,87
0,20,163760,88
0,20,163760,89
0,20,163760,90
0,20,163760,91
0,20,163760,92
0,20,163760,93
0,20,163760,94
0,20,163760,95
0,20,163760,96
0,20,163760,97
0,20,163760,98
0,20,163760,99
0,20,163760,100
0,20,163760,101
0,20,163760,102
0,20,163760,103
0,20,163760,104
0,20,163760,105
0,20,163760,106
0,20,163760,107
0,20,163760,108
0,20,163760,109
0,20,163760,110
0,20,163760,111
0,20,163760,112
0,20,163760,113
0,20,163760,114
0,20,163760,115
0,20,163760,116
0,20,163760,117
0,20,163760,118
0,20,163760,119
0,20,163760,120
0,20,163760,121
0,20,163760,122
0,20,163760,123
0,20,163760,124
0,20,163760,125
0,20,163760,126
0,20,163760,127
0,20,163760,128
0,20,163760,129
0,20,163760,130
0,20,163760,131
0,20,163760,132
0,20,163760,133
0,20,163760,134
0,20,163760,135
0,20,163760,136
0,20,163760,137
0,20,163760,138
0,20,163760,139
0,20,163760,140
0,20,163760,141
0,20,163760,142
0,20,163760,143
0,20,163760,144
0,20,163760,145
0,20,163760,146
0,20,163760,147
0,20,163760,148
0,20,163760,149
0,20,163760,150
0,20,163760,151
0,20,163760,152
0,20,163760,153
0,20,163760,154
0,20,163760,155
0,20,163760,156
0,20,163760,157
0,20,163760,158
0,20,163760,159
0,20,163760,160
0,20,163760,161
0,20,163760,162
0,20,163760,163
0,20,163760,164
0,20,163760,165
0,20,163760,166
0,20,163760,167
0,20,163760,168
0,20,163760,169
0,20,163760,170
0,20,163760,171
0,20,163760,172
0,20,163760,173
0,20,163760,174
0,20,163760,175
0,20,163760,176
0,20,163760,177
0,20,163760,178
0,20,163760,179
0,20,163760,180
0,20,163760,181
0,20,163760,182
0,20,163760,183
0,20,163760,184
0,20,163760,185
0,20,163760,186
0,20,163760,187
0,20,163760,188
0,20,163760,189
0,20,163760,190
0,20,163760,191
0,20,163760,192
0,20,163760,193
0,20,163760,194
0,20,163760,195
0,20,163760,196
0,20,163760,197
0,20,163760,198
0,20,163760,199
0,27,33285,0
0,27,33285,1
0,27,33285,2
0,27,33285,3
0,27,33285,4
0,27,33285,5
0,27,33285,6
0,27,33285,7
0,27,33285,8
0,27,33285,9
0,27,33285,10
0,27,33285,11
0,27,33285,12
0,27,33285,13
0,27,33285,14
0,27,33285,15
0,27,33285,16
0,27,33285,17
0,27,33285,18
0,27,33285,19
0,27,33285,20
0,27,33285,21
0,27,33285,22
0,27,33285,23
0,27,33285,24
0,27,33285,25
0,27,33285,26
0,27,33285,27
0,27,33285,28
0,27,33285,29
0,27,33285,30
0,27,33285,31
0,27,33285,32
0,27,33285,33
0,27,33285,34
0,27,33285,35
0,27,33285,36
0,27,33285,37
0,27,33285,38
0,27,33285,39
0,27,33285,40
0,27,33285,41
0,27,33285,42
0,27,33285,43
0,27,33285,44
0,27,33285,45
0,27,33285,46
0,27,33285,47
0,27,33285,48
0,27,33285,49
0,27,33285,50
0,27,33285,51
0,27,33285,52
0,27,33285,53
0,27,33285,54
0,27,33285,55
0,27,33285,56
0,27,33285,57
0,27,33285,58
0,27,33285,59
0,27,33285,60
0,27,33285,61
0,27,33285,62
0,27,33285,63
0,27,33285,64
0,27,33285,65
0,27,33285,66
0,27,33285,67
0,27,33285,68
0,27,33285,69
0,27,33285,70
0,27,33285,71
0,27,33285,72
0,27,33285,73
0,27,33285,74
0,27,33285,75
0,27,33285,76
0,27,33285,77
0,27,33285,78
0,27,33285,79
0,27,33285,80
0,27,33285,81
0,27,33285,82
0,27,33285,83
0,27,33285,84
0,27,33285,85
0,27,33285,86
0,27,33285,87
0,27,33285,88
0,27,33285,89
0,27,33285,90
0,27,33285,91
0,27,33285,92
0,27,33285,93
0,27,33285,94
0,27,33285,95
0,27,33285,96
0,27,33285,97
0,27,33285,98
0,27,33285,99
0,27,33285,100
0,27,33285,101
0,27,33285,102
0,27,33285,103
0,27,33285,104
0,27,33285,105
0,27,33285,106
0,27,33285,107
0,27,33285,108
0,27,33285,109
0,27,33285,110
0,27,33285,111
0,27,33285,112
0,27,33285,113
0,27,33285,114
0,27,33285,115
0,27,33285,116
0,27,33285,117
0,27,33285,118
0,27,33285,119
0,27,33285,120
0,27,33285,121
0,27,33285,122
0,27,33285,123
0,27,33285,124
0,27,33285,125
0,27,33285,126
0,27,33285,127
0,27,33285,128
0,27,33285,129
0,27,33285,130
0,27,33285,131
0,27,33285,132
0,27,33285,133
0,27,33285,134
0,27,33285,135
0,27,33285,136
0,27,33285,137
0,27,33285,138
0,27,33285,139
0,27,33285,140
0,27,33285,141
0,27,33285,142
0,27,33285,143
0,27,33285,144
0,27,33285,145
0,27,33285,146
0,27,33285,147
0,27,33285,148
0,27,33285,149
0,27,33285,150
0,27,33285,151
0,27,33285,152
0,27,33285,153
0,27,33285,154
0,27,33285,155
0,27,33285,156
0,27,33285,157
0,27,33285,158
0,27,33285,159
0,27,33285,160
0,27,33285,161
0,27,33285,162
0,27,33285,163
0,27,33285,164
0,27,33285,165
0,27,33285,166
0,27,33285,167
0,27,33285,168
0,27,33285,169
0,27,33285,170
0,27,33285,171
0,27,33285,172
0,27,33285,173
0,27,33285,174
0,27,33285,175
0,27,33285,176
0,27,33285,177
0,27,33285,178
0,27,33285,179
0,27,33285,180
0,27,33285,181
0,27,33285,182
0,27,33285,183
0,27,33285,184
0,27,33285,185
0,27,33285,186
0,27,33285,187
0,27,33285,188
0,27,33285,189
0,27,33285,190
0,27,33285,191
0,27,33285,192
0,27,33285,193
0,27,33285,194
0,27,33285,195
0,27,33285,196
0,27,33285,197
0,27,33285,198
0,27,33285,199
26,0,172665,0
26,0,172665,1
26,0,172665,2
26,0,172665,3
26,0,172665,4
26,0,172665,5
26,0,172665,6
26,0,172665,7
26,0,172665,8
26,0,172665,9
26,0,172665,10
26,0,172665,11
26,0,172665,12
26,0,172665,13
26,0,172665,14
26,0,172665,15
26,0,172665,16
26,0,172665,17
26,0,172665,18
26,0,172665,19
26,0,172665,20
26,0,172665,21
26,0,172665,22
26,0,172665,23
26,0,172665,24
26,0,172665,25
26,0,172665,26
26,0,172665,27
26,0,172665,28
26,0,172665,29
26,0,172665,30
26,0,172665,31
26,0,172665,32
26,0,172665,33
26,0,172665,34
26,0,172665,35
26,0,172665,36
26,0,172665,37
26,0,172665,38
26,0,172665,39
26,0,172665,40
26,0,172665,41
26,0,172665,42
26,0,172665,43
26,0,172665,44
26,0,172665,45
26,0,172665,46
26,0,172665,47
26,0,172665,48
26,0,172665,49
26,0,172665,50
26,0,172665,51
26,0,172665,52
26,0,172665,53
26,0,172665,54
26,0,172665,55
26,0,172665,56
26,0,172665,57
26,0,172665,58
26,0,172665,59
26,0,172665,60
26,0,172665,61
26,0,172665,62
26,0,172665,63
26,0,172665,64
26,0,172665,65
26,0,172665,66
26,0,172665,67
26,0,172665,68
26,0,172665,69
26,0,172665,70
26,0,172665,71
26,0,172665,72
26,0,172665,73
26,0,172665,74
26,0,172665,75
26,0,172665,76
26,0,172665,77
26,0,172665,78
26,0,172665,79
26,0,172665,80
26,0,172665,81
26,0,172665,82
26,0,172665,83
26,0,172665,84
26,0,172665,85
26,0,172665,86
26,0,172665,87
26,0,172665,88
26,0,172665,89
26,0,172665,90
26,0,172665,91
26,0,172665,92
26,0,172665,93
26,0,172665,94
26,0,172665,95
26,0,172665,96
26,0,172665,97
26,0,172665,98
26,0,172665,99
26,0,172665,100
26,0,172665,101
26,0,172665,102
26,0,172665,103
26,0,172665,104
26,0,172665,105
26,0,172665,106
26,0,172665,107
26,0,172665,108
26,0,172665,109
26,0,172665,110
26,0,172665,111
26,0,172665,112
26,0,172665,113
26,0,172665,114
26,0,172665,115
26,0,172665,116
26,0,172665,117
26,0,172665,118
26,0,172665,119
26,0,172665,120
26,0,172665,121
26,0,172665,122
26,0,172665,123
26,0,172665,124
26,0,172665,125
26,0,172665,126
26,0,172665,127
26,0,172665,128
26,0,172665,129
26,0,172665,130
26,0,172665,131
26,0,172665,132
26,0,172665,133
26,0,172665,134
26,0,172665,135
26,0,172665,136
26,0,172665,137
26,0,172665,138
26,0,172665,139
26,0,172665,140
26,0,172665,141
26,0,172665,142
26,0,172665,143
26,0,172665,144
26,0,172665,145
26,0,172665,146
26,0,172665,147
26,0,172665,148
26,0,172665,149
26,0,172665,150
26,0,172665,151
26,0,172665,152
26,0,172665,153
26,0,172665,154
26,0,172665,155
26,0,172665,156
26,0,172665,157
26,0,172665,158
26,0,172665,159
26,0,172665,160
26,0,172665,161
26,0,172665,162
26,0,172665,163
26,0,172665,164
26,0,172665,165
26,0,172665,166
26,0,172665,167
26,0,172665,168
26,0,172665,169
26,0,172665,170
26,0,172665,171
26,0,172665,172
26,0,172665,173
26,0,172665,174
26,0,172665,175
26,0,172665,176
26,0,172665,177
26,0,172665,178
26,0,172665,179
26,0,172665,180
26,0,172665,181
26,0,172665,182
26,0,172665,183
26,0,172665,184
26,0,172665,185
26,0,172665,186
26,0,172665,187
26,0,172665,188
26,0,172665,189
26,0,172665,190
26,0,172665,191
26,0,172665,192
26,0,172665,193
26,0,172665,194
26,0,172665,195
26,0,172665,196
26,0,172665,197
26,0,172665,198
26,0,172665,199
26,1,198440,0
26,1,198440,1
26,1,198440,2
26,1,198440,3
26,1,198440,4
26,1,198440,5
26,1,198440,6
26,1,198440,7
26,1,198440,8
26,1,198440,9
26,1,198440,10
26,1,198440,11
26,1,198440,12
26,1,198440,13
26,1,198440,14
26,1,198440,15
26,1,198440,16
26,1,198440,17
26,1,198440,18
26,1,198440,19
26,1,198440,20
26,1,198440,21
26,1,198440,22
26,1,198440,23
26,1,198440,24
26,1,198440,25
26,1,198440,26
26,1,198440,27
26,1,198440,28
26,1,198440,29
26,1,198440,30
26,1,198440,31
26,1,198440,32
26,1,198440,33
26,1,198440,34
26,1,198440,35
26,1,198440,36
26,1,198440,37
26,1,198440,38
26,1,198440,39
26,1,198440,40
26,1,198440,41
26,1,198440,42
26,1,198440,43
26,1,198440,44
26,1,198440,45
26,1,198440,46
26,1,198440,47
26,1,198440,48
26,1,198440,49
26,1,198440,50
26,1,198440,51
26,1,198440,52
26,1,198440,53
26,1,198440,54
26,1,198440,55
26,1,198440,56
26,1,198440,57
26,1,198440,58
26,1,198440,59
26,1,198440,60
26,1,198440,61
26,1,198440,62
26,1,198440,63
26,1,198440,64
26,1,198440,65
26,1,198440,66
26,1,198440,67
26,1,198440,68
26,1,198440,69
26,1,198440,70
26,1,198440,71
26,1,198440,72
26,1,198440,73
26,1,198440,74
26,1,198440,75
26,1,198440,76
26,1,198440,77
26,1,198440,78
26,1,198440,79
26,1,198440,80
26,1,198440,81
26,1,198440,82
26,1,198440,83
26,1,198440,84
26,1,198440,85
26,1,198440,86
26,1,198440,87
26,1,198440,88
26,1,198440,89
26,1,198440,90
26,1,198440,91
26,1,198440,92
26,1,198440,93
26,1,198440,94
26,1,198440,95
26,1,198440,96
26,1,198440,97
26,1,198440,98
26,1,198440,99
26,1,198440,100
26,1,198440,101
26,1,198440,102
26,1,198440,103
26,1,198440,104
26,1,198440,105
26,1,198440,106
26,1,198440,107
26,1,198440,108
26,1,198440,109
26,1,198440,110
26,1,198440,111
26,1,198440,112
26,1,198440,113
26,1,198440,114
26,1,198440,115
26,1,198440,116
26,1,198440,117
26,1,198440,118
26,1,198440,119
26,1,198440,120
26,1,198440,121
26,1,198440,122
26,1,198440,123
26,1,198440,124
26,1,198440,125
26,1,198440,126
26,1,198440,127
26,1,198440,128
26,1,198440,129
26,1,198440,130
26,1,198440,131
26,1,198440,132
26,1,198440,133
26,1,198440,134
26,1,198440,135
26,1,198440,136
26,1,198440,137
26,1,198440,138
26,1,198440,139
26,1,198440,140
26,1,198440,141
26,1,198440,142
26,1,198440,143
26,1,198440,144
26,1,198440,145
26,1,198440,146
26,1,198440,147
26,1,198440,148
26,1,198440,149
26,1,198440,150
26,1,198440,151
26,1,198440,152
26,1,198440,153
26,1,198440,154
26,1,198440,155
26,1,198440,156
26,1,198440,157
26,1,198440,158
26,1,198440,159
26,1,198440,160
26,1,198440,161
26,1,198440,162
26,1,198440,163
26,1,198440,164
26,1,198440,165
26,1,198440,166
26,1,198440,167
26,1,198440,168
26,1,198440,169
26,1,198440,170
26,1,198440,171
26,1,198440,172
26,1,198440,173
26,1,198440,174
26,1,198440,175
26,1,198440,176
26,1,198440,177
26,1,198440,178
26,1,198440,179
26,1,198440,180
26,1,198440,181
26,1,198440,182
26,1,198440,183
26,1,198440,184
26,1,198440,185
26,1,198440,186
26,1,198440,187
26,1,198440,188
26,1,198440,189
26,1,198440,190
26,1,198440,191
26,1,198440,192
26,1,198440,193
26,1,198440,194
26,1,198440,195
26,1,198440,196
26,1,198440,197
26,1,198440,198
26,1,198440,199
26,19,334760,0
26,19,334760,1
26,19,334760,2
26,19,334760,3
26,19,334760,4
26,19,334760,5
26,19,334760,6
26,19,334760,7
26,19,334760,8
26,19,334760,9
26,19,334760,10
26,19,334760,11
26,19,334760,12
26,19,334760,13
26,19,334760,14
26,19,334760,15
26,19,334760,16
26,19,334760,17
26,19,334760,18
26,19,334760,19
26,19,334760,20
26,19,334760,21
26,19,334760,22
26,19,334760,23
26,19,334760,24
26,19,334760,25
26,19,334760,26
26,19,334760,27
26,19,334760,28
26,19,334760,29
26,19,334760,30
26,19,334760,31
26,19,334760,32
26,19,334760,33
26,19,334760,34
26,19,334760,35
26,19,334760,36
26,19,334760,37
26,19,334760,38
26,19,334760,39
26,19,334760,40
26,19,334760,41
26,19,334760,42
26,19,334760,43
26,19,334760,44
26,19,334760,45
26,19,334760,46
26,19,334760,47
26,19,334760,48
26,19,334760,49
26,19,334760,50
26,19,334760,51
26,19,334760,52
26,19,334760,53
26,19,334760,54
26,19,334760,55
26,19,334760,56
26,19,334760,57
26,19,334760,58
26,19,334760,59
26,19,334760,60
26,19,334760,61
26,19,334760,62
26,19,334760,63
26,19,334760,64
26,19,334760,65
26,19,334760,66
26,19,334760,67
26,19,334760,68
26,19,334760,69
26,19,334760,70
26,19,334760,71
26,19,334760,72
26,19,334760,73
26,19,334760,74
26,19,334760,75
26,19,334760,76
26,19,334760,77
26,19,334760,78
26,19,334760,79
26,19,334760,80
26,19,334760,81
26,19,334760,82
26,19,334760,83
26,19,334760,84
26,19,334760,85
26,19,334760,86
26,19,334760,87
26,19,334760,88
26,19,334760,89
26,19,334760,90
26,19,334760,91
26,19,334760,92
26,19,334760,93
26,19,334760,94
26,19,334760,95
26,19,334760,96
26,19,334760,97
26,19,334760,98
26,19,334760,99
26,19,334760,100
26,19,334760,101
26,19,334760,102
26,19,334760,103
26,19,334760,104
26,19,334760,105
26,19,334760,106
26,19,334760,107
26,19,334760,108
26,19,334760,109
26,19,334760,110
26,19,334760,111
26,19,334760,112
26,19,334760,113
26,19,334760,114
26,19,334760,115
26,19,334760,116
26,19,334760,117
26,19,334760,118
26,19,334760,119
26,19,334760,120
26,19,334760,121
26,19,334760,122
26,19,334760,123
26,19,334760,124
26,19,334760,125
26,19,334760,126
26,19,334760,127
26,19,334760,128
26,19,334760,129
26,19,334760,130
26,19,334760,131
26,19,334760,132
26,19,334760,133
26,19,334760,134
26,19,334760,135
26,19,334760,136
26,19,334760,137
26,19,334760,138
26,19,334760,139
26,19,334760,140
26,19,334760,141
26,19,334760,142
26,19,334760,143
26,19,334760,144
26,19,334760,145
26,19,334760,146
26,19,334760,147
26,19,334760,148
26,19,334760,149
26,19,334760,150
26,19,334760,151
26,19,334760,152
26,19,334760,153
26,19,334760,154
26,19,334760,155
26,19,334760,156
26,19,334760,157
26,19,334760,158
26,19,334760,159
26,19,334760,160
26,19,334760,161
26,19,334760,162
26,19,334760,163
26,19,334760,164
26,19,334760,165
26,19,334760,166
26,19,334760,167
26,19,334760,168
26,19,334760,169
26,19,334760,170
26,19,334760,171
26,19,334760,172
26,19,334760,173
26,19,334760,174
26,19,334760,175
26,19,334760,176
26,19,334760,177
26,19,334760,178
26,19,334760,179
26,19,334760,180
26,19,334760,181
26,19,334760,182
26,19,334760,183
26,19,334760,184
26,19,334760,185
26,19,334760,186
26,19,334760,187
26,19,334760,188
26,19,334760,189
26,19,334760,190
26,19,334760,191
26,19,334760,192
26,19,334760,193
26,19,334760,194
26,19,334760,195
26,19,334760,196
26,19,334760,197
26,19,334760,198
26,19,334760,199
26,17,420005,0
26,17,420005,1
26,17,420005,2
26,17,420005,3
26,17,420005,4
26,17,420005,5
26,17,420005,6
26,17,420005,7
26,17,420005,8
26,17,420005,9
26,17,420005,10
26,17,420005,11
26,17,420005,12
26,17,420005,13
26,17,420005,14
26,17,420005,15
26,17,420005,16
26,17,420005,17
26,17,420005,18
26,17,420005,19
26,17,420005,20
26,17,420005,21
26,17,420005,22
26,17,420005,23
26,17,420005,24
26,17,420005,25
26,17,420005,26
26,17,420005,27
26,17,420005,28
26,17,420005,29
26,17,420005,30
26,17,420005,31
26,17,420005,32
26,17,420005,33
26,17,420005,34
26,17,420005,35
26,17,420005,36
26,17,420005,37
26,17,420005,38
26,17,420005,39
26,17,420005,40
26,17,420005,41
26,17,420005,42
26,17,420005,43
26,17,420005,44
26,17,420005,45
26,17,420005,46
26,17,420005,47
26,17,420005,48
26,17,420005,49
26,17,420005,50
26,17,420005,51
26,17,420005,52
26,17,420005,53
26,17,420005,54
26,17,420005,55
26,17,420005,56
26,17,420005,57
26,17,420005,58
26,17,420005,59
26,17,420005,60
26,17,420005,61
26,17,420005,62
26,17,420005,63
26,17,420005,64
26,17,420005,65
26,17,420005,66
26,17,420005,67
26,17,420005,68
26,17,420005,69
26,17,420005,70
26,17,420005,71
26,17,420005,72
26,17,420005,73
26,17,420005,74
26,17,420005,75
26,17,420005,76
26,17,420005,77
26,17,420005,78
26,17,420005,79
26,17,420005,80
26,17,420005,81
26,17,420005,82
26,17,420005,83
26,17,420005,84
26,17,420005,85
26,17,420005,86
26,17,420005,87
26,17,420005,88
26,17,420005,89
26,17,420005,90
26,17,420005,91
26,17,420005,92
26,17,420005,93
26,17,420005,94
26,17,420005,95
26,17,420005,96
26,17,420005,97
26,17,420005,98
26,17,420005,99
26,17,420005,100
26,17,420005,101
26,17,420005,102
26,17,420005,103
26,17,420005,104
26,17,420005,105
26,17,420005,106
26,17,420005,107
26,17,420005,108
26,17,420005,109
26,17,420005,110
26,17,420005,111
26,17,420005,112
26,17,420005,113
26,17,420005,114
26,17,420005,115
26,17,420005,116
26,17,420005,117
26,17,420005,118
26,17,420005,119
26,17,420005,120
26,17,420005,121
26,17,420005,122
26,17,420005,123
26,17,420005,124
26,17,420005,125
26,17,420005,126
26,17,420005,127
26,17,420005,128
26,17,420005,129
26,17,420005,130
26,17,420005,131
26,17,420005,132
26,17,420005,133
26,17,420005,134
26,17,420005,135
26,17,420005,136
26,17,420005,137
26,17,420005,138
26,17,420005,139
26,17,420005,140
26,17,420005,141
26,17,420005,142
26,17,420005,143
26,17,420005,144
26,17,420005,145
26,17,420005,146
26,17,420005,147
26,17,420005,148
26,17,420005,149
26,17,420005,150
26,17,420005,151
26,17,420005,152
26,17,420005,153
26,17,420005,154
26,17,420005,155
26,17,420005,156
26,17,420005,157
26,17,420005,158
26,17,420005,159
26,17,420005,160
26,17,420005,161
26,17,420005,162
26,17,420005,163
26,17,420005,164
26,17,420005,165
26,17,420005,166
26,17,420005,167
26,17,420005,168
26,17,420005,169
26,17,420005,170
26,17,420005,171
26,17,420005,172
26,17,420005,173
26,17,420005,174
26,17,420005,175
26,17,420005,176
26,17,420005,177
26,17,420005,178
26,17,420005,179
26,17,420005,180
26,17,420005,181
26,17,420005,182
26,17,420005,183
26,17,420005,184
26,17,420005,185
26,17,420005,186
26,17,420005,187
26,17,420005,188
26,17,420005,189
26,17,420005,190
26,17,420005,191
26,17,420005,192
26,17,420005,193
26,17,420005,194
26,17,420005,195
26,17,420005,196
26,17,420005,197
26,17,420005,198
26,17,420005,199
26,5,206145,0
26,5,206145,1
26,5,206145,2
26,5,206145,3
26,5,206145,4
26,5,206145,5
26,5,206145,6
26,5,206145,7
26,5,206145,8
26,5,206145,9
26,5,206145,10
26,5,206145,11
26,5,206145,12
26,5,206145,13
26,5,206145,14
26,5,206145,15
26,5,206145,16
26,5,206145,17
26,5,206145,18
26,5,206145,19
26,5,206145,20
26,5,206145,21
26,5,206145,22
26,5,206145,23
26,5,206145,24
26,5,206145,25
26,5,206145,26
26,5,206145,27
26,5,206145,28
26,5,206145,29
26,5,206145,30
26,5,206145,31
26,5,206145,32
26,5,206145,33
26,5,206145,34
26,5,206145,35
26,5,206145,36
26,5,206145,37
26,5,206145,38
26,5,206145,39
26,5,206145,40
26,5,206145,41
26,5,206145,42
26,5,206145,43
26,5,206145,44
26,5,206145,45
26,5,206145,46
26,5,206145,47
26,5,206145,48
26,5,206145,49
26,5,206145,50
26,5,206145,51
26,5,206145,52
26,5,206145,53
26,5,206145,54
26,5,206145,55
26,5,206145,56
26,5,206145,57
26,5,206145,58
26,5,206145,59
26,5,206145,60
26,5,206145,61
26,5,206145,62
26,5,206145,63
26,5,206145,64
26,5,206145,65
26,5,206145,66
26,5,206145,67
26,5,206145,68
26,5,206145,69
26,5,206145,70
26,5,206145,71
26,5,206145,72
26,5,206145,73
26,5,206145,74
26,5,206145,75
26,5,206145,76
26,5,206145,77
26,5,206145,78
26,5,206145,79
26,5,206145,80
26,5,206145,81
26,5,206145,82
26,5,206145,83
26,5,206145,84
26,5,206145,85
26,5,206145,86
26,5,206145,87
26,5,206145,88
26,5,206145,89
26,5,206145,90
26,5,206145,91
26,5,206145,92
26,5,206145,93
26,5,206145,94
26,5,206145,95
26,5,206145,96
26,5,206145,97
26,5,206145,98
26,5,206145,99
26,5,206145,100
26,5,206145,101
26,5,206145,102
26,5,206145,103
26,5,206145,104
26,5,206145,105
26,5,206145,106
26,5,206145,107
26,5,206145,108
26,5,206145,109
26,5,206145,110
26,5,206145,111
26,5,206145,112
26,5,206145,113
26,5,206145,114
26,5,206145,115
26,5,206145,116
26,5,206145,117
26,5,206145,118
26,5,206145,119
26,5,206145,120
26,5,206145,121
26,5,206145,122
26,5,206145,123
26,5,206145,124
26,5,206145,125
26,5,206145,126
26,5,206145,127
26,5,206145,128
26,5,206145,129
26,5,206145,130
26,5,206145,131
26,5,206145,132
26,5,206145,133
26,5,206145,134
26,5,206145,135
26,5,206145,136
26,5,206145,137
26,5,206145,138
26,5,206145,139
26,5,206145,140
26,5,206145,141
26,5,206145,142
26,5,206145,143
26,5,206145,144
26,5,206145,145
26,5,206145,146
26,5,206145,147
26,5,206145,148
26,5,206145,149
26,5,206145,150
26,5,206145,151
26,5,206145,152
26,5,206145,153
26,5,206145,154
26,5,206145,155
26,5,206145,156
26,5,206145,157
26,5,206145,158
26,5,206145,159
26,5,206145,160
26,5,206145,161
26,5,206145,162
26,5,206145,163
26,5,206145,164
26,5,206145,165
26,5,206145,166
26,5,206145,167
26,5,206145,168
26,5,206145,169
26,5,206145,170
26,5,206145,171
26,5,206145,172
26,5,206145,173
26,5,206145,174
26,5,206145,175
26,5,206145,176
26,5,206145,177
26,5,206145,178
26,5,206145,179
26,5,206145,180
26,5,206145,181
26,5,206145,182
26,5,206145,183
26,5,206145,184
26,5,206145,185
26,5,206145,186
26,5,206145,187
26,5,206145,188
26,5,206145,189
26,5,206145,190
26,5,206145,191
26,5,206145,192
26,5,206145,193
26,5,206145,194
26,5,206145,195
26,5,206145,196
26,5,206145,197
26,5,206145,198
26,5,206145,199
26,9,204190,0
26,9,204190,1
26,9,204190,2
26,9,204190,3
26,9,204190,4
26,9,204190,5
26,9,204190,6
26,9,204190,7
26,9,204190,8
26,9,204190,9
26,9,204190,10
26,9,204190,11
26,9,204190,12
26,9,204190,13
26,9,204190,14
26,9,204190,15
26,9,204190,16
26,9,204190,17
26,9,204190,18
26,9,204190,19
26,9,204190,20
26,9,204190,21
26,9,204190,22
26,9,204190,23
26,9,204190,24
26,9,204190,25
26,9,204190,26
26,9,204190,27
26,9,204190,28
26,9,204190,29
26,9,204190,30
26,9,204190,31
26,9,204190,32
26,9,204190,33
26,9,204190,34
26,9,204190,35
26,9,204190,36
26,9,204190,37
26,9,204190,38
26,9,204190,39
26,9,204190,40
26,9,204190,41
26,9,204190,42
26,9,204190,43
26,9,204190,44
26,9,204190,45
26,9,204190,46
26,9,204190,47
26,9,204190,48
26,9,204190,49
26,9,204190,50
26,9,204190,51
26,9,204190,52
26,9,204190,53
26,9,204190,54
26,9,204190,55
26,9,204190,56
26,9,204190,57
26,9,204190,58
26,9,204190,59
26,9,204190,60
26,9,204190,61
26,9,204190,62
26,9,204190,63
26,9,204190,64
26,9,204190,65
26,9,204190,66
26,9,204190,67
26,9,204190,68
26,9,204190,69
26,9,204190,70
26,9,204190,71
26,9,204190,72
26,9,204190,73
26,9,204190,74
26,9,204190,75
26,9,204190,76
26,9,204190,77
26,9,204190,78
26,9,204190,79
26,9,204190,80
26,9,204190,81
26,9,204190,82
26,9,204190,83
26,9,204190,84
26,9,204190,85
26,9,204190,86
26,9,204190,87
26,9,204190,88
26,9,204190,89
26,9,204190,90
26,9,204190,91
26,9,204190,92
26,9,204190,93
26,9,204190,94
26,9,204190,95
26,9,204190,96
26,9,204190,97
26,9,204190,98
26,9,204190,99
26,9,204190,100
26,9,204190,101
26,9,204190,102
26,9,204190,103
26,9,204190,104
26,9,204190,105
26,9,204190,106
26,9,204190,107
26,9,204190,108
26,9,204190,109
26,9,204190,110
26,9,204190,111
26,9,204190,112
26,9,204190,113
26,9,204190,114
26,9,204190,115
26,9,204190,116
26,9,204190,117
26,9,204190,118
26,9,204190,119
26,9,204190,120
26,9,204190,121
26,9,204190,122
26,9,204190,123
26,9,204190,124
26,9,204190,125
26,9,204190,126
26,9,204190,127
26,9,204190,128
26,9,204190,129
26,9,204190,130
26,9,204190,131
26,9,204190,132
26,9,204190,133
26,9,204190,134
26,9,204190,135
26,9,204190,136
26,9,204190,137
26,9,204190,138
26,9,204190,139
26,9,204190,140
26,9,204190,141
26,9,204190,142
26,9,204190,143
26,9,204190,144
26,9,204190,145
26,9,204190,146
26,9,204190,147
26,9,204190,148
26,9,204190,149
26,9,204190,150
26,9,204190,151
26,9,204190,152
26,9,204190,153
26,9,204190,154
26,9,204190,155
26,9,204190,156
26,9,204190,157
26,9,204190,158
26,9,204190,159
26,9,204190,160
26,9,204190,161
26,9,204190,162
26,9,204190,163
26,9,204190,164
26,9,204190,165
26,9,204190,166
26,9,204190,167
26,9,204190,168
26,9,204190,169
26,9,204190,170
26,9,204190,171
26,9,204190,172
26,9,204190,173
26,9,204190,174
26,9,204190,175
26,9,204190,176
26,9,204190,177
26,9,204190,178
26,9,204190,179
26,9,204190,180
26,9,204190,181
26,9,204190,182
26,9,204190,183
26,9,204190,184
26,9,204190,185
26,9,204190,186
26,9,204190,187
26,9,204190,188
26,9,204190,189
26,9,204190,190
26,9,204190,191
26,9,204190,192
26,9,204190,193
26,9,204190,194
26,9,204190,195
26,9,204190,196
26,9,204190,197
26,9,204190,198
26,9,204190,199
26,21,106300,0
26,21,106300,1
26,21,106300,2
26,21,106300,3
26,21,106300,4
26,21,106300,5
26,21,106300,6
26,21,106300,7
26,21,106300,8
26,21,106300,9
26,21,106300,10
26,21,106300,11
26,21,106300,12
26,21,106300,13
26,21,106300,14
26,21,106300,15
26,21,106300,16
26,21,106300,17
26,21,106300,18
26,21,106300,19
26,21,106300,20
26,21,106300,21
26,21,106300,22
26,21,106300,23
26,21,106300,24
26,21,106300,25
26,21,106300,26
26,21,106300,27
26,21,106300,28
26,21,106300,29
26,21,106300,30
26,21,106300,31
26,21,106300,32
26,21,106300,33
26,21,106300,34
26,21,106300,35
26,21,106300,36
26,21,106300,37
26,21,106300,38
26,21,106300,39
26,21,106300,40
26,21,106300,41
26,21,106300,42
26,21,106300,43
26,21,106300,44
26,21,106300,45
26,21,106300,46
26,21,106300,47
26,21,106300,48
26,21,106300,49
26,21,106300,50
26,21,106300,51
26,21,106300,52
26,21,106300,53
26,21,106300,54
26,21,106300,55
26,21,106300,56
26,21,106300,57
26,21,106300,58
26,21,106300,59
26,21,106300,60
26,21,106300,61
26,21,106300,62
26,21,106300,63
26,21,106300,64
26,21,106300,65
26,21,106300,66
26,21,106300,67
26,21,106300,68
26,21,106300,69
26,21,106300,70
26,21,106300,71
26,21,106300,72
26,21,106300,73
26,21,106300,74
26,21,106300,75
26,21,106300,76
26,21,106300,77
26,21,106300,78
26,21,106300,79
26,21,106300,80
26,21,106300,81
26,21,106300,82
26,21,106300,83
26,21,106300,84
26,21,106300,85
26,21,106300,86
26,21,106300,87
26,21,106300,88
26,21,106300,89
26,21,106300,90
26,21,106300,91
26,21,106300,92
26,21,106300,93
26,21,106300,94
26,21,106300,95
26,21,106300,96
26,21,106300,97
26,21,106300,98
26,21,106300,99
26,21,106300,100
26,21,106300,101
26,21,106300,102
26,21,106300,103
26,21,106300,104
26,21,106300,105
26,21,106300,106
26,21,106300,107
26,21,106300,108
26,21,106300,109
26,21,106300,110
26,21,106300,111
26,21,106300,112
26,21,106300,113
26,21,106300,114
26,21,106300,115
26,21,106300,116
26,21,106300,117
26,21,106300,118
26,21,106300,119
26,21,106300,120
26,21,106300,121
26,21,106300,122
26,21,106300,123
26,21,106300,124
26,21,106300,125
26,21,106300,126
26,21,106300,127
26,21,106300,128
26,21,106300,129
26,21,106300,130
26,21,106300,131
26,21,106300,132
26,21,106300,133
26,21,106300,134
26,21,106300,135
26,21,106300,136
26,21,106300,137
26,21,106300,138
26,21,106300,139
26,21,106300,140
26,21,106300,141
26,21,106300,142
26,21,106300,143
26,21,106300,144
26,21,106300,145
26,21,106300,146
26,21,106300,147
26,21,106300,148
26,21,106300,149
26,21,106300,150
26,21,106300,151
26,21,106300,152
26,21,106300,153
26,21,106300,154
26,21,106300,155
26,21,106300,156
26,21,106300,157
26,21,106300,158
26,21,106300,159
26,21,106300,160
26,21,106300,161
26,21,106300,162
26,21,106300,163
26,21,106300,164
26,21,106300,165
26,21,106300,166
26,21,106300,167
26,21,106300,168
26,21,106300,169
26,21,106300,170
26,21,106300,171
26,21,106300,172
26,21,106300,173
26,21,106300,174
26,21,106300,175
26,21,106300,176
26,21,106300,177
26,21,106300,178
26,21,106300,179
26,21,106300,180
26,21,106300,181
26,21,106300,182
26,21,106300,183
26,21,106300,184
26,21,106300,185
26,21,106300,186
26,21,106300,187
26,21,106300,188
26,21,106300,189
26,21,106300,190
26,21,106300,191
26,21,106300,192
26,21,106300,193
26,21,106300,194
26,21,106300,195
26,21,106300,196
26,21,106300,197
26,21,106300,198
26,21,106300,199
26,14,53765,0
26,14,53765,1
26,14,53765,2
26,14,53765,3
26,14,53765,4
26,14,53765,5
26,14,53765,6
26,14,53765,7
26,14,53765,8
26,14,53765,9
26,14,53765,10
26,14,53765,11
26,14,53765,12
26,14,53765,13
26,14,53765,14
26,14,53765,15
26,14,53765,16
26,14,53765,17
26,14,53765,18
26,14,53765,19
26,14,53765,20
26,14,53765,21
26,14,53765,22
26,14,53765,23
26,14,53765,24
26,14,53765,25
26,14,53765,26
26,14,53765,27
26,14,53765,28
26,14,53765,29
26,14,53765,30
26,14,53765,31
26,14,53765,32
26,14,53765,33
26,14,53765,34
26,14,53765,35
26,14,53765,36
26,14,53765,37
26,14,53765,38
26,14,53765,39
26,14,53765,40
26,14,53765,41
26,14,53765,42
26,14,53765,43
26,14,53765,44
26,14,53765,45
26,14,53765,46
26,14,53765,47
26,14,53765,48
26,14,53765,49
26,14,53765,50
26,14,53765,51
26,14,53765,52
26,14,53765,53
26,14,53765,54
26,14,53765,55
26,14,53765,56
26,14,53765,57
26,14,53765,58
26,14,53765,59
26,14,53765,60
26,14,53765,61
26,14,53765,62
26,14,53765,63
26,14,53765,64
26,14,53765,65
26,14,53765,66
26,14,53765,67
26,14,53765,68
26,14,53765,69
26,14,53765,70
26,14,53765,71
26,14,53765,72
26,14,53765,73
26,14,53765,74
26,14,53765,75
26,14,53765,76
26,14,53765,77
26,14,53765,78
26,14,53765,79
26,14,53765,80
26,14,53765,81
26,14,53765,82
26,14,53765,83
26,14,53765,84
26,14,53765,85
26,14,53765,86
26,14,53765,87
26,14,53765,88
26,14,53765,89
26,14,53765,90
26,14,53765,91
26,14,53765,92
26,14,53765,93
26,14,53765,94
26,14,53765,95
26,14,53765,96
26,14,53765,97
26,14,53765,98
26,14,53765,99
26,14,53765,100
26,14,53765,101
26,14,53765,102
26,14,53765,103
26,14,53765,104
26,14,53765,105
26,14,53765,106
26,14,53765,107
26,14,53765,108
26,14,53765,109
26,14,53765,110
26,14,53765,111
26,14,53765,112
26,14,53765,113
26,14,53765,114
26,14,53765,115
26,14,53765,116
26,14,53765,117
26,14,53765,118
26,14,53765,119
26,14,53765,120
26,14,53765,121
26,14,53765,122
26,14,53765,123
26,14,53765,124
26,14,53765,125
26,14,53765,126
26,14,53765,127
26,14,53765,128
26,14,53765,129
26,14,53765,130
26,14,53765,131
26,14,53765,132
26,14,53765,133
26,14,53765,134
26,14,53765,135
26,14,53765,136
26,14,53765,137
26,14,53765,138
26,14,53765,139
26,14,53765,140
26,14,53765,141
26,14,53765,142
26,14,53765,143
26,14,53765,144
26,14,53765,145
26,14,53765,146
26,14,53765,147
26,14,53765,148
26,14,53765,149
26,14,53765,150
26,14,53765,151
26,14,53765,152
26,14,53765,153
26,14,53765,154
26,14,53765,155
26,14,53765,156
26,14,53765,157
26,14,53765,158
26,14,53765,159
26,14,53765,160
26,14,53765,161
26,14,53765,162
26,14,53765,163
26,14,53765,164
26,14,53765,165
26,14,53765,166
26,14,53765,167
26,14,53765,168
26,14,53765,169
26,14,53765,170
26,14,53765,171
26,14,53765,172
26,14,53765,173
26,14,53765,174
26,14,53765,175
26,14,53765,176
26,14,53765,177
26,14,53765,178
26,14,53765,179
26,14,53765,180
26,14,53765,181
26,14,53765,182
26,14,53765,183
26,14,53765,184
26,14,53765,185
26,14,53765,186
26,14,53765,187
26,14,53765,188
26,14,53765,189
26,14,53765,190
26,14,53765,191
26,14,53765,192
26,14,53765,193
26,14,53765,194
26,14,53765,195
26,14,53765,196
26,14,53765,197
26,14,53765,198
26,14,53765,199
26,39,72615,0
26,39,72615,1
26,39,72615,2
26,39,72615,3
26,39,72615,4
26,39,72615,5
26,39,72615,6
26,39,72615,7
26,39,72615,8
26,39,72615,9
26,39,72615,10
26,39,72615,11
26,39,72615,12
26,39,72615,13
26,39,72615,14
26,39,72615,15
26,39,72615,16
26,39,72615,17
26,39,72615,18
26,39,72615,19
26,39,72615,20
26,39,72615,21
26,39,72615,22
26,39,72615,23
26,39,72615,24
26,39,72615,25
26,39,72615,26
26,39,72615,27
26,39,72615,28
26,39,72615,29
26,39,72615,30
26,39,72615,31
26,39,72615,32
26,39,72615,33
26,39,72615,34
26,39,72615,35
26,39,72615,36
26,39,72615,37
26,39,72615,38
26,39,72615,39
26,39,72615,40
26,39,72615,41
26,39,72615,42
26,39,72615,43
26,39,72615,44
26,39,72615,45
26,39,72615,46
26,39,72615,47
26,39,72615,48
26,39,72615,49
26,39,72615,50
26,39,72615,51
26,39,72615,52
26,39,72615,53
26,39,72615,54
26,39,72615,55
26,39,72615,56
26,39,72615,57
26,39,72615,58
26,39,72615,59
26,39,72615,60
26,39,72615,61
26,39,72615,62
26,39,72615,63
26,39,72615,64
26,39,72615,65
26,39,72615,66
26,39,72615,67
26,39,72615,68
26,39,72615,69
26,39,72615,70
26,39,72615,71
26,39,72615,72
26,39,72615,73
26,39,72615,74
26,39,72615,75
26,39,72615,76
26,39,72615,77
26,39,72615,78
26,39,72615,79
26,39,72615,80
26,39,72615,81
26,39,72615,82
26,39,72615,83
26,39,72615,84
26,39,72615,85
26,39,72615,86
26,39,72615,87
26,39,72615,88
26,39,72615,89
26,39,72615,90
26,39,72615,91
26,39,72615,92
26,39,72615,93
26,39,72615,94
26,39,72615,95
26,39,72615,96
26,39,72615,97
26,39,72615,98
26,39,72615,99
26,39,72615,100
26,39,72615,101
26,39,72615,102
26,39,72615,103
26,39,72615,104
26,39,72615,105
26,39,72615,106
26,39,72615,107
26,39,72615,108
26,39,72615,109
26,39,72615,110
26,39,72615,111
26,39,72615,112
26,39,72615,113
26,39,72615,114
26,39,72615,115
26,39,72615,116
26,39,72615,117
26,39,72615,118
26,39,72615,119
26,39,72615,120
26,39,72615,121
26,39,72615,122
26,39,72615,123
26,39,72615,124
26,39,72615,125
26,39,72615,126
26,39,72615,127
26,39,72615,128
26,39,72615,129
26,39,72615,130
26,39,72615,131
26,39,72615,132
26,39,72615,133
26,39,72615,134
26,39,72615,135
26,39,72615,136
26,39,72615,137
26,39,72615,138
26,39,72615,139
26,39,72615,140
26,39,72615,141
26,39,72615,142
26,39,72615,143
26,39,72615,144
26,39,72615,145
26,39,72615,146
26,39,72615,147
26,39,72615,148
26,39,72615,149
26,39,72615,150
26,39,72615,151
26,39,72615,152
26,39,72615,153
26,39,72615,154
26,39,72615,155
26,39,72615,156
26,39,72615,157
26,39,72615,158
26,39,72615,159
26,39,72615,160
26,39,72615,161
26,39,72615,162
26,39,72615,163
26,39,72615,164
26,39,72615,165
26,39,72615,166
26,39,72615,167
26,39,72615,168
26,39,72615,169
26,39,72615,170
26,39,72615,171
26,39,72615,172
26,39,72615,173
26,39,72615,174
26,39,72615,175
26,39,72615,176
26,39,72615,177
26,39,72615,178
26,39,72615,179
26,39,72615,180
26,39,72615,181
26,39,72615,182
26,39,72615,183
26,39,72615,184
26,39,72615,185
26,39,72615,186
26,39,72615,187
26,39,72615,188
26,39,72615,189
26,39,72615,190
26,39,72615,191
26,39,72615,192
26,39,72615,193
26,39,72615,194
26,39,72615,195
26,39,72615,196
26,39,72615,197
26,39,72615,198
26,39,72615,199
26,20,192265,0
26,20,192265,1
26,20,192265,2
26,20,192265,3
26,20,192265,4
26,20,192265,5
26,20,192265,6
26,20,192265,7
26,20,192265,8
26,20,192265,9
26,20,192265,10
26,20,192265,11
26,20,192265,12
26,20,192265,13
26,20,192265,14
26,20,192265,15
26,20,192265,16
26,20,192265,17
26,20,192265,18
26,20,192265,19
26,20,192265,20
26,20,192265,21
26,20,192265,22
26,20,192265,23
26,20,192265,24
26,20,192265,25
26,20,192265,26
26,20,192265,27
26,20,192265,28
26,20,192265,29
26,20,192265,30
26,20,192265,31
26,20,192265,32
26,20,192265,33
26,20,192265,34
26,20,192265,35
26,20,192265,36
26,20,192265,37
26,20,192265,38
26,20,192265,39
26,20,192265,40
26,20,192265,41
26,20,192265,42
26,20,192265,43
26,20,192265,44
26,20,192265,45
26,20,192265,46
26,20,192265,47
26,20,192265,48
26,20,192265,49
26,20,192265,50
26,20,192265,51
26,20,192265,52
26,20,192265,53
26,20,192265,54
26,20,192265,55
26,20,192265,56
26,20,192265,57
26,20,192265,58
26,20,192265,59
26,20,192265,60
26,20,192265,61
26,20,192265,62
26,20,192265,63
26,20,192265,64
26,20,192265,65
26,20,192265,66
26,20,192265,67
26,20,192265,68
26,20,192265,69
26,20,192265,70
26,20,192265,71
26,20,192265,72
26,20,192265,73
26,20,192265,74
26,20,192265,75
26,20,192265,76
26,20,192265,77
26,20,192265,78
26,20,192265,79
26,20,192265,80
26,20,192265,81
26,20,192265,82
26,20,192265,83
26,20,192265,84
26,20,192265,85
26,20,192265,86
26,20,192265,87
26,20,192265,88
26,20,192265,89
26,20,192265,90
26,20,192265,91
26,20,192265,92
26,20,192265,93
26,20,192265,94
26,20,192265,95
26,20,192265,96
26,20,192265,97
26,20,192265,98
26,20,192265,99
26,20,192265,100
26,20,192265,101
26,20,192265,102
26,20,192265,103
26,20,192265,104
26,20,192265,105
26,20,192265,106
26,20,192265,107
26,20,192265,108
26,20,192265,109
26,20,192265,110
26,20,192265,111
26,20,192265,112
26,20,192265,113
26,20,192265,114
26,20,192265,115
26,20,192265,116
26,20,192265,117
26,20,192265,118
26,20,192265,119
26,20,192265,120
26,20,192265,121
26,20,192265,122
26,20,192265,123
26,20,192265,124
26,20,192265,125
26,20,192265,126
26,20,192265,127
26,20,192265,128
26,20,192265,129
26,20,192265,130
26,20,192265,131
26,20,192265,132
26,20,192265,133
26,20,192265,134
26,20,192265,135
26,20,192265,136
26,20,192265,137
26,20,192265,138
26,20,192265,139
26,20,192265,140
26,20,192265,141
26,20,192265,142
26,20,192265,143
26,20,192265,144
26,20,192265,145
26,20,192265,146
26,20,192265,147
26,20,192265,148
26,20,192265,149
26,20,192265,150
26,20,192265,151
26,20,192265,152
26,20,192265,153
26,20,192265,154
26,20,192265,155
26,20,192265,156
26,20,192265,157
26,20,192265,158
26,20,192265,159
26,20,192265,160
26,20,192265,161
26,20,192265,162
26,20,192265,163
26,20,192265,164
26,20,192265,165
26,20,192265,166
26,20,192265,167
26,20,192265,168
26,20,192265,169
26,20,192265,170
26,20,192265,171
26,20,192265,172
26,20,192265,173
26,20,192265,174
26,20,192265,175
26,20,192265,176
26,20,192265,177
26,20,192265,178
26,20,192265,179
26,20,192265,180
26,20,192265,181
26,20,192265,182
26,20,192265,183
26,20,192265,184
26,20,192265,185
26,20,192265,186
26,20,192265,187
26,20,192265,188
26,20,192265,189
26,20,192265,190
26,20,192265,191
26,20,192265,192
26,20,192265,193
26,20,192265,194
26,20,192265,195
26,20,192265,196
26,20,192265,197
26,20,192265,198
26,20,192265,199
26,27,60595,0
26,27,60595,1
26,27,60595,2
26,27,60595,3
26,27,60595,4
26,27,60595,5
26,27,60595,6
26,27,60595,7
26,27,60595,8
26,27,60595,9
26,27,60595,10
26,27,60595,11
26,27,60595,12
26,27,60595,13
26,27,60595,14
26,27,60595,15
26,27,60595,16
26,27,60595,17
26,27,60595,18
26,27,60595,19
26,27,60595,20
26,27,60595,21
26,27,60595,22
26,27,60595,23
26,27,60595,24
26,27,60595,25
26,27,60595,26
26,27,60595,27
26,27,60595,28
26,27,60595,29
26,27,60595,30
26,27,60595,31
26,27,60595,32
26,27,60595,33
26,27,60595,34
26,27,60595,35
26,27,60595,36
26,27,60595,37
26,27,60595,38
26,27,60595,39
26,27,60595,40
26,27,60595,41
26,27,60595,42
26,27,60595,43
26,27,60595,44
26,27,60595,45
26,27,60595,46
26,27,60595,47
26,27,60595,48
26,27,60595,49
26,27,60595,50
26,27,60595,51
26,27,60595,52
26,27,60595,53
26,27,60595,54
26,27,60595,55
26,27,60595,56
26,27,60595,57
26,27,60595,58
26,27,60595,59
26,27,60595,60
26,27,60595,61
26,27,60595,62
26,27,60595,63
26,27,60595,64
26,27,60595,65
26,27,60595,66
26,27,60595,67
26,27,60595,68
26,27,60595,69
26,27,60595,70
26,27,60595,71
26,27,60595,72
26,27,60595,73
26,27,60595,74
26,27,60595,75
26,27,60595,76
26,27,60595,77
26,27,60595,78
26,27,60595,79
26,27,60595,80
26,27,60595,81
26,27,60595,82
26,27,60595,83
26,27,60595,84
26,27,60595,85
26,27,60595,86
26,27,60595,87
26,27,60595,88
26,27,60595,89
26,27,60595,90
26,27,60595,91
26,27,60595,92
26,27,60595,93
26,27,60595,94
26,27,60595,95
26,27,60595,96
26,27,60595,97
26,27,60595,98
26,27,60595,99
26,27,60595,100
26,27,60595,101
26,27,60595,102
26,27,60595,103
26,27,60595,104
26,27,60595,105
26,27,60595,106
26,27,60595,107
26,27,60595,108
26,27,60595,109
26,27,60595,110
26,27,60595,111
26,27,60595,112
26,27,60595,113
26,27,60595,114
26,27,60595,115
26,27,60595,116
26,27,60595,117
26,27,60595,118
26,27,60595,119
26,27,60595,120
26,27,60595,121
26,27,60595,122
26,27,60595,123
26,27,60595,124
26,27,60595,125
26,27,60595,126
26,27,60595,127
26,27,60595,128
26,27,60595,129
26,27,60595,130
26,27,60595,131
26,27,60595,132
26,27,60595,133
26,27,60595,134
26,27,60595,135
26,27,60595,136
26,27,60595,137
26,27,60595,138
26,27,60595,139
26,27,60595,140
26,27,60595,141
26,27,60595,142
26,27,60595,143
26,27,60595,144
26,27,60595,145
26,27,60595,146
26,27,60595,147
26,27,60595,148
26,27,60595,149
26,27,60595,150
26,27,60595,151
26,27,60595,152
26,27,60595,153
26,27,60595,154
26,27,60595,155
26,27,60595,156
26,27,60595,157
26,27,60595,158
26,27,60595,159
26,27,60595,160
26,27,60595,161
26,27,60595,162
26,27,60595,163
26,27,60595,164
26,27,60595,165
26,27,60595,166
26,27,60595,167
26,27,60595,168
26,27,60595,169
26,27,60595,170
26,27,60595,171
26,27,60595,172
26,27,60595,173
26,27,60595,174
26,27,60595,175
26,27,60595,176
26,27,60595,177
26,27,60595,178
26,27,60595,179
26,27,60595,180
26,27,60595,181
26,27,60595,182
26,27,60595,183
26,27,60595,184
26,27,60595,185
26,27,60595,186
26,27,60595,187
26,27,60595,188
26,27,60595,189
26,27,60595,190
26,27,60595,191
26,27,60595,192
26,27,60595,193
26,27,60595,194
26,27,60595,195
26,27,60595,196
26,27,60595,197
26,27,60595,198
26,27,60595,199
1,0,295950,0
1,0,295950,1
1,0,295950,2
1,0,295950,3
1,0,295950,4
1,0,295950,5
1,0,295950,6
1,0,295950,7
1,0,295950,8
1,0,295950,9
1,0,295950,10
1,0,295950,11
1,0,295950,12
1,0,295950,13
1,0,295950,14
1,0,295950,15
1,0,295950,16
1,0,295950,17
1,0,295950,18
1,0,295950,19
1,0,295950,20
1,0,295950,21
1,0,295950,22
1,0,295950,23
1,0,295950,24
1,0,295950,25
1,0,295950,26
1,0,295950,27
1,0,295950,28
1,0,295950,29
1,0,295950,30
1,0,295950,31
1,0,295950,32
1,0,295950,33
1,0,295950,34
1,0,295950,35
1,0,295950,36
1,0,295950,37
1,0,295950,38
1,0,295950,39
1,0,295950,40
1,0,295950,41
1,0,295950,42
1,0,295950,43
1,0,295950,44
1,0,295950,45
1,0,295950,46
1,0,295950,47
1,0,295950,48
1,0,295950,49
1,0,295950,50
1,0,295950,51
1,0,295950,52
1,0,295950,53
1,0,295950,54
1,0,295950,55
1,0,295950,56
1,0,295950,57
1,0,295950,58
1,0,295950,59
1,0,295950,60
1,0,295950,61
1,0,295950,62
1,0,295950,63
1,0,295950,64
1,0,295950,65
1,0,295950,66
1,0,295950,67
1,0,295950,68
1,0,295950,69
1,0,295950,70
1,0,295950,71
1,0,295950,72
1,0,295950,73
1,0,295950,74
1,0,295950,75
1,0,295950,76
1,0,295950,77
1,0,295950,78
1,0,295950,79
1,0,295950,80
1,0,295950,81
1,0,295950,82
1,0,295950,83
1,0,295950,84
1,0,295950,85
1,0,295950,86
1,0,295950,87
1,0,295950,88
1,0,295950,89
1,0,295950,90
1,0,295950,91
1,0,295950,92
1,0,295950,93
1,0,295950,94
1,0,295950,95
1,0,295950,96
1,0,295950,97
1,0,295950,98
1,0,295950,99
1,0,295950,100
1,0,295950,101
1,0,295950,102
1,0,295950,103
1,0,295950,104
1,0,295950,105
1,0,295950,106
1,0,295950,107
1,0,295950,108
1,0,295950,109
1,0,295950,110
1,0,295950,111
1,0,295950,112
1,0,295950,113
1,0,295950,114
1,0,295950,115
1,0,295950,116
1,0,295950,117
1,0,295950,118
1,0,295950,119
1,0,295950,120
1,0,295950,121
1,0,295950,122
1,0,295950,123
1,0,295950,124
1,0,295950,125
1,0,295950,126
1,0,295950,127
1,0,295950,128
1,0,295950,129
1,0,295950,130
1,0,295950,131
1,0,295950,132
1,0,295950,133
1,0,295950,134
1,0,295950,135
1,0,295950,136
1,0,295950,137
1,0,295950,138
1,0,295950,139
1,0,295950,140
1,0,295950,141
1,0,295950,142
1,0,295950,143
1,0,295950,144
1,0,295950,145
1,0,295950,146
1,0,295950,147
1,0,295950,148
1,0,295950,149
1,0,295950,150
1,0,295950,151
1,0,295950,152
1,0,295950,153
1,0,295950,154
1,0,295950,155
1,0,295950,156
1,0,295950,157
1,0,295950,158
1,0,295950,159
1,0,295950,160
1,0,295950,161
1,0,295950,162
1,0,295950,163
1,0,295950,164
1,0,295950,165
1,0,295950,166
1,0,295950,167
1,0,295950,168
1,0,295950,169
1,0,295950,170
1,0,295950,171
1,0,295950,172
1,0,295950,173
1,0,295950,174
1,0,295950,175
1,0,295950,176
1,0,295950,177
1,0,295950,178
1,0,295950,179
1,0,295950,180
1,0,295950,181
1,0,295950,182
1,0,295950,183
1,0,295950,184
1,0,295950,185
1,0,295950,186
1,0,295950,187
1,0,295950,188
1,0,295950,189
1,0,295950,190
1,0,295950,191
1,0,295950,192
1,0,295950,193
1,0,295950,194
1,0,295950,195
1,0,295950,196
1,0,295950,197
1,0,295950,198
1,0,295950,199
1,26,355180,0
1,26,355180,1
1,26,355180,2
1,26,355180,3
1,26,355180,4
1,26,355180,5
1,26,355180,6
1,26,355180,7
1,26,355180,8
1,26,355180,9
1,26,355180,10
1,26,355180,11
1,26,355180,12
1,26,355180,13
1,26,355180,14
1,26,355180,15
1,26,355180,16
1,26,355180,17
1,26,355180,18
1,26,355180,19
1,26,355180,20
1,26,355180,21
1,26,355180,22
1,26,355180,23
1,26,355180,24
1,26,355180,25
1,26,355180,26
1,26,355180,27
1,26,355180,28
1,26,355180,29
1,26,355180,30
1,26,355180,31
1,26,355180,32
1,26,355180,33
1,26,355180,34
1,26,355180,35
1,26,355180,36
1,26,355180,37
1,26,355180,38
1,26,355180,39
1,26,355180,40
1,26,355180,41
1,26,355180,42
1,26,355180,43
1,26,355180,44
1,26,355180,45
1,26,355180,46
1,26,355180,47
1,26,355180,48
1,26,355180,49
1,26,355180,50
1,26,355180,51
1,26,355180,52
1,26,355180,53
1,26,355180,54
1,26,355180,55
1,26,355180,56
1,26,355180,57
1,26,355180,58
1,26,355180,59
1,26,355180,60
1,26,355180,61
1,26,355180,62
1,26,355180,63
1,26,355180,64
1,26,355180,65
1,26,355180,66
1,26,355180,67
1,26,355180,68
1,26,355180,69
1,26,355180,70
1,26,355180,71
1,26,355180,72
1,26,355180,73
1,26,355180,74
1,26,355180,75
1,26,355180,76
1,26,355180,77
1,26,355180,78
1,26,355180,79
1,26,355180,80
1,26,355180,81
1,26,355180,82
1,26,355180,83
1,26,355180,84
1,26,355180,85
1,26,355180,86
1,26,355180,87
1,26,355180,88
1,26,355180,89
1,26,355180,90
1,26,355180,91
1,26,355180,92
1,26,355180,93
1,26,355180,94
1,26,355180,95
1,26,355180,96
1,26,355180,97
1,26,355180,98
1,26,355180,99
1,26,355180,100
1,26,355180,101
1,26,355180,102
1,26,355180,103
1,26,355180,104
1,26,355180,105
1,26,355180,106
1,26,355180,107
1,26,355180,108
1,26,355180,109
1,26,355180,110
1,26,355180,111
1,26,355180,112
1,26,355180,113
1,26,355180,114
1,26,355180,115
1,26,355180,116
1,26,355180,117
1,26,355180,118
1,26,355180,119
1,26,355180,120
1,26,355180,121
1,26,355180,122
1,26,355180,123
1,26,355180,124
1,26,355180,125
1,26,355180,126
1,26,355180,127
1,26,355180,128
1,26,355180,129
1,26,355180,130
1,26,355180,131
1,26,355180,132
1,26,355180,133
1,26,355180,134
1,26,355180,135
1,26,355180,136
1,26,355180,137
1,26,355180,138
1,26,355180,139
1,26,355180,140
1,26,355180,141
1,26,355180,142
1,26,355180,143
1,26,355180,144
1,26,355180,145
1,26,355180,146
1,26,355180,147
1,26,355180,148
1,26,355180,149
1,26,355180,150
1,26,355180,151
1,26,355180,152
1,26,355180,153
1,26,355180,154
1,26,355180,155
1,26,355180,156
1,26,355180,157
1,26,355180,158
1,26,355180,159
1,26,355180,160
1,26,355180,161
1,26,355180,162
1,26,355180,163
1,26,355180,164
1,26,355180,165
1,26,355180,166
1,26,355180,167
1,26,355180,168
1,26,355180,169
1,26,355180,170
1,26,355180,171
1,26,355180,172
1,26,355180,173
1,26,355180,174
1,26,355180,175
1,26,355180,176
1,26,355180,177
1,26,355180,178
1,26,355180,179
1,26,355180,180
1,26,355180,181
1,26,355180,182
1,26,355180,183
1,26,355180,184
1,26,355180,185
1,26,355180,186
1,26,355180,187
1,26,355180,188
1,26,355180,189
1,26,355180,190
1,26,355180,191
1,26,355180,192
1,26,355180,193
1,26,355180,194
1,26,355180,195
1,26,355180,196
1,26,355180,197
1,26,355180,198
1,26,355180,199
1,19,507470,0
1,19,507470,1
1,19,507470,2
1,19,507470,3
1,19,507470,4
1,19,507470,5
1,19,507470,6
1,19,507470,7
1,19,507470,8
1,19,507470,9
1,19,507470,10
1,19,507470,11
1,19,507470,12
1,19,507470,13
1,19,507470,14
1,19,507470,15
1,19,507470,16
1,19,507470,17
1,19,507470,18
1,19,507470,19
1,19,507470,20
1,19,507470,21
1,19,507470,22
1,19,507470,23
1,19,507470,24
1,19,507470,25
1,19,507470,26
1,19,507470,27
1,19,507470,28
1,19,507470,29
1,19,507470,30
1,19,507470,31
1,19,507470,32
1,19,507470,33
1,19,507470,34
1,19,507470,35
1,19,507470,36
1,19,507470,37
1,19,507470,38
1,19,507470,39
1,19,507470,40
1,19,507470,41
1,19,507470,42
1,19,507470,43
1,19,507470,44
1,19,507470,45
1,19,507470,46
1,19,507470,47
1,19,507470,48
1,19,507470,49
1,19,507470,50
1,19,507470,51
1,19,507470,52
1,19,507470,53
1,19,507470,54
1,19,507470,55
1,19,507470,56
1,19,507470,57
1,19,507470,58
1,19,507470,59
1,19,507470,60
1,19,507470,61
1,19,507470,62
1,19,507470,63
1,19,507470,64
1,19,507470,65
1,19,507470,66
1,19,507470,67
1,19,507470,68
1,19,507470,69
1,19,507470,70
1,19,507470,71
1,19,507470,72
1,19,507470,73
1,19,507470,74
1,19,507470,75
1,19,507470,76
1,19,507470,77
1,19,507470,78
1,19,507470,79
1,19,507470,80
1,19,507470,81
1,19,507470,82
1,19,507470,83
1,19,507470,84
1,19,507470,85
1,19,507470,86
1,19,507470,87
1,19,507470,88
1,19,507470,89
1,19,507470,90
1,19,507470,91
1,19,507470,92
1,19,507470,93
1,19,507470,94
1,19,507470,95
1,19,507470,96
1,19,507470,97
1,19,507470,98
1,19,507470,99
1,19,507470,100
1,19,507470,101
1,19,507470,102
1,19,507470,103
1,19,507470,104
1,19,507470,105
1,19,507470,106
1,19,507470,107
1,19,507470,108
1,19,507470,109
1,19,507470,110
1,19,507470,111
1,19,507470,112
1,19,507470,113
1,19,507470,114
1,19,507470,115
1,19,507470,116
1,19,507470,117
1,19,507470,118
1,19,507470,119
1,19,507470,120
1,19,507470,121
1,19,507470,122
1,19,507470,123
1,19,507470,124
1,19,507470,125
1,19,507470,126
1,19,507470,127
1,19,507470,128
1,19,507470,129
1,19,507470,130
1,19,507470,131
1,19,507470,132
1,19,507470,133
1,19,507470,134
1,19,507470,135
1,19,507470,136
1,19,507470,137
1,19,507470,138
1,19,507470,139
1,19,507470,140
1,19,507470,141
1,19,507470,142
1,19,507470,143
1,19,507470,144
1,19,507470,145
1,19,507470,146
1,19,507470,147
1,19,507470,148
1,19,507470,149
1,19,507470,150
1,19,507470,151
1,19,507470,152
1,19,507470,153
1,19,507470,154
1,19,507470,155
1,19,507470,156
1,19,507470,157
1,19,507470,158
1,19,507470,159
1,19,507470,160
1,19,507470,161
1,19,507470,162
1,19,507470,163
1,19,507470,164
1,19,507470,165
1,19,507470,166
1,19,507470,167
1,19,507470,168
1,19,507470,169
1,19,507470,170
1,19,507470,171
1,19,507470,172
1,19,507470,173
1,19,507470,174
1,19,507470,175
1,19,507470,176
1,19,507470,177
1,19,507470,178
1,19,507470,179
1,19,507470,180
1,19,507470,181
1,19,507470,182
1,19,507470,183
1,19,507470,184
1,19,507470,185
1,19,507470,186
1,19,507470,187
1,19,507470,188
1,19,507470,189
1,19,507470,190
1,19,507470,191
1,19,507470,192
1,19,507470,193
1,19,507470,194
1,19,507470,195
1,19,507470,196
1,19,507470,197
1,19,507470,198
1,19,507470,199
1,17,327730,0
1,17,327730,1
1,17,327730,2
1,17,327730,3
1,17,327730,4
1,17,327730,5
1,17,327730,6
1,17,327730,7
1,17,327730,8
1,17,327730,9
1,17,327730,10
1,17,327730,11
1,17,327730,12
1,17,327730,13
1,17,327730,14
1,17,327730,15
1,17,327730,16
1,17,327730,17
1,17,327730,18
1,17,327730,19
1,17,327730,20
1,17,327730,21
1,17,327730,22
1,17,327730,23
1,17,327730,24
1,17,327730,25
1,17,327730,26
1,17,327730,27
1,17,327730,28
1,17,327730,29
1,17,327730,30
1,17,327730,31
1,17,327730,32
1,17,327730,33
1,17,327730,34
1,17,327730,35
1,17,327730,36
1,17,327730,37
1,17,327730,38
1,17,327730,39
1,17,327730,40
1,17,327730,41
1,17,327730,42
1,17,327730,43
1,17,327730,44
1,17,327730,45
1,17,327730,46
1,17,327730,47
1,17,327730,48
1,17,327730,49
1,17,327730,50
1,17,327730,51
1,17,327730,52
1,17,327730,53
1,17,327730,54
1,17,327730,55
1,17,327730,56
1,17,327730,57
1,17,327730,58
1,17,327730,59
1,17,327730,60
1,17,327730,61
1,17,327730,62
1,17,327730,63
1,17,327730,64
1,17,327730,65
1,17,327730,66
1,17,327730,67
1,17,327730,68
1,17,327730,69
1,17,327730,70
1,17,327730,71
1,17,327730,72
1,17,327730,73
1,17,327730,74
1,17,327730,75
1,17,327730,76
1,17,327730,77
1,17,327730,78
1,17,327730,79
1,17,327730,80
1,17,327730,81
1,17,327730,82
1,17,327730,83
1,17,327730,84
1,17,327730,85
1,17,327730,86
1,17,327730,87
1,17,327730,88
1,17,327730,89
1,17,327730,90
1,17,327730,91
1,17,327730,92
1,17,327730,93
1,17,327730,94
1,17,327730,95
1,17,327730,96
1,17,327730,97
1,17,327730,98
1,17,327730,99
1,17,327730,100
1,17,327730,101
1,17,327730,102
1,17,327730,103
1,17,327730,104
1,17,327730,105
1,17,327730,106
1,17,327730,107
1,17,327730,108
1,17,327730,109
1,17,327730,110
1,17,327730,111
1,17,327730,112
1,17,327730,113
1,17,327730,114
1,17,327730,115
1,17,327730,116
1,17,327730,117
1,17,327730,118
1,17,327730,119
1,17,327730,120
1,17,327730,121
1,17,327730,122
1,17,327730,123
1,17,327730,124
1,17,327730,125
1,17,327730,126
1,17,327730,127
1,17,327730,128
1,17,327730,129
1,17,327730,130
1,17,327730,131
1,17,327730,132
1,17,327730,133
1,17,327730,134
1,17,327730,135
1,17,327730,136
1,17,327730,137
1,17,327730,138
1,17,327730,139
1,17,327730,140
1,17,327730,141
1,17,327730,142
1,17,327730,143
1,17,327730,144
1,17,327730,145
1,17,327730,146
1,17,327730,147
1,17,327730,148
1,17,327730,149
1,17,327730,150
1,17,327730,151
1,17,327730,152
1,17,327730,153
1,17,327730,154
1,17,327730,155
1,17,327730,156
1,17,327730,157
1,17,327730,158
1,17,327730,159
1,17,327730,160
1,17,327730,161
1,17,327730,162
1,17,327730,163
1,17,327730,164
1,17,327730,165
1,17,327730,166
1,17,327730,167
1,17,327730,168
1,17,327730,169
1,17,327730,170
1,17,327730,171
1,17,327730,172
1,17,327730,173
1,17,327730,174
1,17,327730,175
1,17,327730,176
1,17,327730,177
1,17,327730,178
1,17,327730,179
1,17,327730,180
1,17,327730,181
1,17,327730,182
1,17,327730,183
1,17,327730,184
1,17,327730,185
1,17,327730,186
1,17,327730,187
1,17,327730,188
1,17,327730,189
1,17,327730,190
1,17,327730,191
1,17,327730,192
1,17,327730,193
1,17,327730,194
1,17,327730,195
1,17,327730,196
1,17,327730,197
1,17,327730,198
1,17,327730,199
1,3,12625,0
1,3,12625,1
1,3,12625,2
1,3,12625,3
1,3,12625,4
1,3,12625,5
1,3,12625,6
1,3,12625,7
1,3,12625,8
1,3,12625,9
1,3,12625,10
1,3,12625,11
1,3,12625,12
1,3,12625,13
1,3,12625,14
1,3,12625,15
1,3,12625,16
1,3,12625,17
1,3,12625,18
1,3,12625,19
1,3,12625,20
1,3,12625,21
1,3,12625,22
1,3,12625,23
1,3,12625,24
1,3,12625,25
1,3,12625,26
1,3,12625,27
1,3,12625,28
1,3,12625,29
1,3,12625,30
1,3,12625,31
1,3,12625,32
1,3,12625,33
1,3,12625,34
1,3,12625,35
1,3,12625,36
1,3,12625,37
1,3,12625,38
1,3,12625,39
1,3,12625,40
1,3,12625,41
1,3,12625,42
1,3,12625,43
1,3,12625,44
1,3,12625,45
1,3,12625,46
1,3,12625,47
1,3,12625,48
1,3,12625,49
1,3,12625,50
1,3,12625,51
1,3,12625,52
1,3,12625,53
1,3,12625,54
1,3,12625,55
1,3,12625,56
1,3,12625,57
1,3,12625,58
1,3,12625,59
1,3,12625,60
1,3,12625,61
1,3,12625,62
1,3,12625,63
1,3,12625,64
1,3,12625,65
1,3,12625,66
1,3,12625,67
1,3,12625,68
1,3,12625,69
1,3,12625,70
1,3,12625,71
1,3,12625,72
1,3,12625,73
1,3,12625,74
1,3,12625,75
1,3,12625,76
1,3,12625,77
1,3,12625,78
1,3,12625,79
1,3,12625,80
1,3,12625,81
1,3,12625,82
1,3,12625,83
1,3,12625,84
1,3,12625,85
1,3,12625,86
1,3,12625,87
1,3,12625,88
1,3,12625,89
1,3,12625,90
1,3,12625,91
1,3,12625,92
1,3,12625,93
1,3,12625,94
1,3,12625,95
1,3,12625,96
1,3,12625,97
1,3,12625,98
1,3,12625,99
1,3,12625,100
1,3,12625,101
1,3,12625,102
1,3,12625,103
1,3,12625,104
1,3,12625,105
1,3,12625,106
1,3,12625,107
1,3,12625,108
1,3,12625,109
1,3,12625,110
1,3,12625,111
1,3,12625,112
1,3,12625,113
1,3,12625,114
1,3,12625,115
1,3,12625,116
1,3,12625,117
1,3,12625,118
1,3,12625,119
1,3,12625,120
1,3,12625,121
1,3,12625,122
1,3,12625,123
1,3,12625,124
1,3,12625,125
1,3,12625,126
1,3,12625,127
1,3,12625,128
1,3,12625,129
1,3,12625,130
1,3,12625,131
1,3,12625,132
1,3,12625,133
1,3,12625,134
1,3,12625,135
1,3,12625,136
1,3,12625,137
1,3,12625,138
1,3,12625,139
1,3,12625,140
1,3,12625,141
1,3,12625,142
1,3,12625,143
1,3,12625,144
1,3,12625,145
1,3,12625,146
1,3,12625,147
1,3,12625,148
1,3,12625,149
1,3,12625,150
1,3,12625,151
1,3,12625,152
1,3,12625,153
1,3,12625,154
1,3,12625,155
1,3,12625,156
1,3,12625,157
1,3,12625,158
1,3,12625,159
1,3,12625,160
1,3,12625,161
1,3,12625,162
1,3,12625,163
1,3,12625,164
1,3,12625,165
1,3,12625,166
1,3,12625,167
1,3,12625,168
1,3,12625,169
1,3,12625,170
1,3,12625,171
1,3,12625,172
1,3,12625,173
1,3,12625,174
1,3,12625,175
1,3,12625,176
1,3,12625,177
1,3,12625,178
1,3,12625,179
1,3,12625,180
1,3,12625,181
1,3,12625,182
1,3,12625,183
1,3,12625,184
1,3,12625,185
1,3,12625,186
1,3,12625,187
1,3,12625,188
1,3,12625,189
1,3,12625,190
1,3,12625,191
1,3,12625,192
1,3,12625,193
1,3,12625,194
1,3,12625,195
1,3,12625,196
1,3,12625,197
1,3,12625,198
1,3,12625,199
1,5,443960,0
1,5,443960,1
1,5,443960,2
1,5,443960,3
1,5,443960,4
1,5,443960,5
1,5,443960,6
1,5,443960,7
1,5,443960,8
1,5,443960,9
1,5,443960,10
1,5,443960,11
1,5,443960,12
1,5,443960,13
1,5,443960,14
1,5,443960,15
1,5,443960,16
1,5,443960,17
1,5,443960,18
1,5,443960,19
1,5,443960,20
1,5,443960,21
1,5,443960,22
1,5,443960,23
1,5,443960,24
1,5,443960,25
1,5,443960,26
1,5,443960,27
1,5,443960,28
1,5,443960,29
1,5,443960,30
1,5,443960,31
1,5,443960,32
1,5,443960,33
1,5,443960,34
1,5,443960,35
1,5,443960,36
1,5,443960,37
1,5,443960,38
1,5,443960,39
1,5,443960,40
1,5,443960,41
1,5,443960,42
1,5,443960,43
1,5,443960,44
1,5,443960,45
1,5,443960,46
1,5,443960,47
1,5,443960,48
1,5,443960,49
1,5,443960,50
1,5,443960,51
1,5,443960,52
1,5,443960,53
1,5,443960,54
1,5,443960,55
1,5,443960,56
1,5,443960,57
1,5,443960,58
1,5,443960,59
1,5,443960,60
1,5,443960,61
1,5,443960,62
1,5,443960,63
1,5,443960,64
1,5,443960,65
1,5,443960,66
1,5,443960,67
1,5,443960,68
1,5,443960,69
1,5,443960,70
1,5,443960,71
1,5,443960,72
1,5,443960,73
1,5,443960,74
1,5,443960,75
1,5,443960,76
1,5,443960,77
1,5,443960,78
1,5,443960,79
1,5,443960,80
1,5,443960,81
1,5,443960,82
1,5,443960,83
1,5,443960,84
1,5,443960,85
1,5,443960,86
1,5,443960,87
1,5,443960,88
1,5,443960,89
1,5,443960,90
1,5,443960,91
1,5,443960,92
1,5,443960,93
1,5,443960,94
1,5,443960,95
1,5,443960,96
1,5,443960,97
1,5,443960,98
1,5,443960,99
1,5,443960,100
1,5,443960,101
1,5,443960,102
1,5,443960,103
1,5,443960,104
1,5,443960,105
1,5,443960,106
1,5,443960,107
1,5,443960,108
1,5,443960,109
1,5,443960,110
1,5,443960,111
1,5,443960,112
1,5,443960,113
1,5,443960,114
1,5,443960,115
1,5,443960,116
1,5,443960,117
1,5,443960,118
1,5,443960,119
1,5,443960,120
1,5,443960,121
1,5,443960,122
1,5,443960,123
1,5,443960,124
1,5,443960,125
1,5,443960,126
1,5,443960,127
1,5,443960,128
1,5,443960,129
1,5,443960,130
1,5,443960,131
1,5,443960,132
1,5,443960,133
1,5,443960,134
1,5,443960,135
1,5,443960,136
1,5,443960,137
1,5,443960,138
1,5,443960,139
1,5,443960,140
1,5,443960,141
1,5,443960,142
1,5,443960,143
1,5,443960,144
1,5,443960,145
1,5,443960,146
1,5,443960,147
1,5,443960,148
1,5,443960,149
1,5,443960,150
1,5,443960,151
1,5,443960,152
1,5,443960,153
1,5,443960,154
1,5,443960,155
1,5,443960,156
1,5,443960,157
1,5,443960,158
1,5,443960,159
1,5,443960,160
1,5,443960,161
1,5,443960,162
1,5,443960,163
1,5,443960,164
1,5,443960,165
1,5,443960,166
1,5,443960,167
1,5,443960,168
1,5,443960,169
1,5,443960,170
1,5,443960,171
1,5,443960,172
1,5,443960,173
1,5,443960,174
1,5,443960,175
1,5,443960,176
1,5,443960,177
1,5,443960,178
1,5,443960,179
1,5,443960,180
1,5,443960,181
1,5,443960,182
1,5,443960,183
1,5,443960,184
1,5,443960,185
1,5,443960,186
1,5,443960,187
1,5,443960,188
1,5,443960,189
1,5,443960,190
1,5,443960,191
1,5,443960,192
1,5,443960,193
1,5,443960,194
1,5,443960,195
1,5,443960,196
1,5,443960,197
1,5,443960,198
1,5,443960,199
1,8,7670,0
1,8,7670,1
1,8,7670,2
1,8,7670,3
1,8,7670,4
1,8,7670,5
1,8,7670,6
1,8,7670,7
1,8,7670,8
1,8,7670,9
1,8,7670,10
1,8,7670,11
1,8,7670,12
1,8,7670,13
1,8,7670,14
1,8,7670,15
1,8,7670,16
1,8,7670,17
1,8,7670,18
1,8,7670,19
1,8,7670,20
1,8,7670,21
1,8,7670,22
1,8,7670,23
1,8,7670,24
1,8,7670,25
1,8,7670,26
1,8,7670,27
1,8,7670,28
1,8,7670,29
1,8,7670,30
1,8,7670,31
1,8,7670,32
1,8,7670,33
1,8,7670,34
1,8,7670,35
1,8,7670,36
1,8,7670,37
1,8,7670,38
1,8,7670,39
1,8,7670,40
1,8,7670,41
1,8,7670,42
1,8,7670,43
1,8,7670,44
1,8,7670,45
1,8,7670,46
1,8,7670,47
1,8,7670,48
1,8,7670,49
1,8,7670,50
1,8,7670,51
1,8,7670,52
1,8,7670,53
1,8,7670,54
1,8,7670,55
1,8,7670,56
1,8,7670,57
1,8,7670,58
1,8,7670,59
1,8,7670,60
1,8,7670,61
1,8,7670,62
1,8,7670,63
1,8,7670,64
1,8,7670,65
1,8,7670,66
1,8,7670,67
1,8,7670,68
1,8,7670,69
1,8,7670,70
1,8,7670,71
1,8,7670,72
1,8,7670,73
1,8,7670,74
1,8,7670,75
1,8,7670,76
1,8,7670,77
1,8,7670,78
1,8,7670,79
1,8,7670,80
1,8,7670,81
1,8,7670,82
1,8,7670,83
1,8,7670,84
1,8,7670,85
1,8,7670,86
1,8,7670,87
1,8,7670,88
1,8,7670,89
1,8,7670,90
1,8,7670,91
1,8,7670,92
1,8,7670,93
1,8,7670,94
1,8,7670,95
1,8,7670,96
1,8,7670,97
1,8,7670,98
1,8,7670,99
1,8,7670,100
1,8,7670,101
1,8,7670,102
1,8,7670,103
1,8,7670,104
1,8,7670,105
1,8,7670,106
1,8,7670,107
1,8,7670,108
1,8,7670,109
1,8,7670,110
1,8,7670,111
1,8,7670,112
1,8,7670,113
1,8,7670,114
1,8,7670,115
1,8,7670,116
1,8,7670,117
1,8,7670,118
1,8,7670,119
1,8,7670,120
1,8,7670,121
1,8,7670,122
1,8,7670,123
1,8,7670,124
1,8,7670,125
1,8,7670,126
1,8,7670,127
1,8,7670,128
1,8,7670,129
1,8,7670,130
1,8,7670,131
1,8,7670,132
1,8,7670,133
1,8,7670,134
1,8,7670,135
1,8,7670,136
1,8,7670,137
1,8,7670,138
1,8,7670,139
1,8,7670,140
1,8,7670,141
1,8,7670,142
1,8,7670,143
1,8,7670,144
1,8,7670,145
1,8,7670,146
1,8,7670,147
1,8,7670,148
1,8,7670,149
1,8,7670,150
1,8,7670,151
1,8,7670,152
1,8,7670,153
1,8,7670,154
1,8,7670,155
1,8,7670,156
1,8,7670,157
1,8,7670,158
1,8,7670,159
1,8,7670,160
1,8,7670,161
1,8,7670,162
1,8,7670,163
1,8,7670,164
1,8,7670,165
1,8,7670,166
1,8,7670,167
1,8,7670,168
1,8,7670,169
1,8,7670,170
1,8,7670,171
1,8,7670,172
1,8,7670,173
1,8,7670,174
1,8,7670,175
1,8,7670,176
1,8,7670,177
1,8,7670,178
1,8,7670,179
1,8,7670,180
1,8,7670,181
1,8,7670,182
1,8,7670,183
1,8,7670,184
1,8,7670,185
1,8,7670,186
1,8,7670,187
1,8,7670,188
1,8,7670,189
1,8,7670,190
1,8,7670,191
1,8,7670,192
1,8,7670,193
1,8,7670,194
1,8,7670,195
1,8,7670,196
1,8,7670,197
1,8,7670,198
1,8,7670,199
1,9,575005,0
1,9,575005,1
1,9,575005,2
1,9,575005,3
1,9,575005,4
1,9,575005,5
1,9,575005,6
1,9,575005,7
1,9,575005,8
1,9,575005,9
1,9,575005,10
1,9,575005,11
1,9,575005,12
1,9,575005,13
1,9,575005,14
1,9,575005,15
1,9,575005,16
1,9,575005,17
1,9,575005,18
1,9,575005,19
1,9,575005,20
1,9,575005,21
1,9,575005,22
1,9,575005,23
1,9,575005,24
1,9,575005,25
1,9,575005,26
1,9,575005,27
1,9,575005,28
1,9,575005,29
1,9,575005,30
1,9,575005,31
1,9,575005,32
1,9,575005,33
1,9,575005,34
1,9,575005,35
1,9,575005,36
1,9,575005,37
1,9,575005,38
1,9,575005,39
1,9,575005,40
1,9,575005,41
1,9,575005,42
1,9,575005,43
1,9,575005,44
1,9,575005,45
1,9,575005,46
1,9,575005,47
1,9,575005,48
1,9,575005,49
1,9,575005,50
1,9,575005,51
1,9,575005,52
1,9,575005,53
1,9,575005,54
1,9,575005,55
1,9,575005,56
1,9,575005,57
1,9,575005,58
1,9,575005,59
1,9,575005,60
1,9,575005,61
1,9,575005,62
1,9,575005,63
1,9,575005,64
1,9,575005,65
1,9,575005,66
1,9,575005,67
1,9,575005,68
1,9,575005,69
1,9,575005,70
1,9,575005,71
1,9,575005,72
1,9,575005,73
1,9,575005,74
1,9,575005,75
1,9,575005,76
1,9,575005,77
1,9,575005,78
1,9,575005,79
1,9,575005,80
1,9,575005,81
1,9,575005,82
1,9,575005,83
1,9,575005,84
1,9,575005,85
1,9,575005,86
1,9,575005,87
1,9,575005,88
1,9,575005,89
1,9,575005,90
1,9,575005,91
1,9,575005,92
1,9,575005,93
1,9,575005,94
1,9,575005,95
1,9,575005,96
1,9,575005,97
1,9,575005,98
1,9,575005,99
1,9,575005,100
1,9,575005,101
1,9,575005,102
1,9,575005,103
1,9,575005,104
1,9,575005,105
1,9,575005,106
1,9,575005,107
1,9,575005,108
1,9,575005,109
1,9,575005,110
1,9,575005,111
1,9,575005,112
1,9,575005,113
1,9,575005,114
1,9,575005,115
1,9,575005,116
1,9,575005,117
1,9,575005,118
1,9,575005,119
1,9,575005,120
1,9,575005,121
1,9,575005,122
1,9,575005,123
1,9,575005,124
1,9,575005,125
1,9,575005,126
1,9,575005,127
1,9,575005,128
1,9,575005,129
1,9,575005,130
1,9,575005,131
1,9,575005,132
1,9,575005,133
1,9,575005,134
1,9,575005,135
1,9,575005,136
1,9,575005,137
1,9,575005,138
1,9,575005,139
1,9,575005,140
1,9,575005,141
1,9,575005,142
1,9,575005,143
1,9,575005,144
1,9,575005,145
1,9,575005,146
1,9,575005,147
1,9,575005,148
1,9,575005,149
1,9,575005,150
1,9,575005,151
1,9,575005,152
1,9,575005,153
1,9,575005,154
1,9,575005,155
1,9,575005,156
1,9,575005,157
1,9,575005,158
1,9,575005,159
1,9,575005,160
1,9,575005,161
1,9,575005,162
1,9,575005,163
1,9,575005,164
1,9,575005,165
1,9,575005,166
1,9,575005,167
1,9,575005,168
1,9,575005,169
1,9,575005,170
1,9,575005,171
1,9,575005,172
1,9,575005,173
1,9,575005,174
1,9,575005,175
1,9,575005,176
1,9,575005,177
1,9,575005,178
1,9,575005,179
1,9,575005,180
1,9,575005,181
1,9,575005,182
1,9,575005,183
1,9,575005,184
1,9,575005,185
1,9,575005,186
1,9,575005,187
1,9,575005,188
1,9,575005,189
1,9,575005,190
1,9,575005,191
1,9,575005,192
1,9,575005,193
1,9,575005,194
1,9,575005,195
1,9,575005,196
1,9,575005,197
1,9,575005,198
1,9,575005,199
1,21,581450,0
1,21,581450,1
1,21,581450,2
1,21,581450,3
1,21,581450,4
1,21,581450,5
1,21,581450,6
1,21,581450,7
1,21,581450,8
1,21,581450,9
1,21,581450,10
1,21,581450,11
1,21,581450,12
1,21,581450,13
1,21,581450,14
1,21,581450,15
1,21,581450,16
1,21,581450,17
1,21,581450,18
1,21,581450,19
1,21,581450,20
1,21,581450,21
1,21,581450,22
1,21,581450,23
1,21,581450,24
1,21,581450,25
1,21,581450,26
1,21,581450,27
1,21,581450,28
1,21,581450,29
1,21,581450,30
1,21,581450,31
1,21,581450,32
1,21,581450,33
1,21,581450,34
1,21,581450,35
1,21,581450,36
1,21,581450,37
1,21,581450,38
1,21,581450,39
1,21,581450,40
1,21,581450,41
1,21,581450,42
1,21,581450,43
1,21,581450,44
1,21,581450,45
1,21,581450,46
1,21,581450,47
1,21,581450,48
1,21,581450,49
1,21,581450,50
1,21,581450,51
1,21,581450,52
1,21,581450,53
1,21,581450,54
1,21,581450,55
1,21,581450,56
1,21,581450,57
1,21,581450,58
1,21,581450,59
1,21,581450,60
1,21,581450,61
1,21,581450,62
1,21,581450,63
1,21,581450,64
1,21,581450,65
1,21,581450,66
1,21,581450,67
1,21,581450,68
1,21,581450,69
1,21,581450,70
1,21,581450,71
1,21,581450,72
1,21,581450,73
1,21,581450,74
1,21,581450,75
1,21,581450,76
1,21,581450,77
1,21,581450,78
1,21,581450,79
1,21,581450,80
1,21,581450,81
1,21,581450,82
1,21,581450,83
1,21,581450,84
1,21,581450,85
1,21,581450,86
1,21,581450,87
1,21,581450,88
1,21,581450,89
1,21,581450,90
1,21,581450,91
1,21,581450,92
1,21,581450,93
1,21,581450,94
1,21,581450,95
1,21,581450,96
1,21,581450,97
1,21,581450,98
1,21,581450,99
1,21,581450,100
1,21,581450,101
1,21,581450,102
1,21,581450,103
1,21,581450,104
1,21,581450,105
1,21,581450,106
1,21,581450,107
1,21,581450,108
1,21,581450,109
1,21,581450,110
1,21,581450,111
1,21,581450,112
1,21,581450,113
1,21,581450,114
1,21,581450,115
1,21,581450,116
1,21,581450,117
1,21,581450,118
1,21,581450,119
1,21,581450,120
1,21,581450,121
1,21,581450,122
1,21,581450,123
1,21,581450,124
1,21,581450,125
1,21,581450,126
1,21,581450,127
1,21,581450,128
1,21,581450,129
1,21,581450,130
1,21,581450,131
1,21,581450,132
1,21,581450,133
1,21,581450,134
1,21,581450,135
1,21,581450,136
1,21,581450,137
1,21,581450,138
1,21,581450,139
1,21,581450,140
1,21,581450,141
1,21,581450,142
1,21,581450,143
1,21,581450,144
1,21,581450,145
1,21,581450,146
1,21,581450,147
1,21,581450,148
1,21,581450,149
1,21,581450,150
1,21,581450,151
1,21,581450,152
1,21,581450,153
1,21,581450,154
1,21,581450,155
1,21,581450,156
1,21,581450,157
1,21,581450,158
1,21,581450,159
1,21,581450,160
1,21,581450,161
1,21,581450,162
1,21,581450,163
1,21,581450,164
1,21,581450,165
1,21,581450,166
1,21,581450,167
1,21,581450,168
1,21,581450,169
1,21,581450,170
1,21,581450,171
1,21,581450,172
1,21,581450,173
1,21,581450,174
1,21,581450,175
1,21,581450,176
1,21,581450,177
1,21,581450,178
1,21,581450,179
1,21,581450,180
1,21,581450,181
1,21,581450,182
1,21,581450,183
1,21,581450,184
1,21,581450,185
1,21,581450,186
1,21,581450,187
1,21,581450,188
1,21,581450,189
1,21,581450,190
1,21,581450,191
1,21,581450,192
1,21,581450,193
1,21,581450,194
1,21,581450,195
1,21,581450,196
1,21,581450,197
1,21,581450,198
1,21,581450,199
1,12,9380,0
1,12,9380,1
1,12,9380,2
1,12,9380,3
1,12,9380,4
1,12,9380,5
1,12,9380,6
1,12,9380,7
1,12,9380,8
1,12,9380,9
1,12,9380,10
1,12,9380,11
1,12,9380,12
1,12,9380,13
1,12,9380,14
1,12,9380,15
1,12,9380,16
1,12,9380,17
1,12,9380,18
1,12,9380,19
1,12,9380,20
1,12,9380,21
1,12,9380,22
1,12,9380,23
1,12,9380,24
1,12,9380,25
1,12,9380,26
1,12,9380,27
1,12,9380,28
1,12,9380,29
1,12,9380,30
1,12,9380,31
1,12,9380,32
1,12,9380,33
1,12,9380,34
1,12,9380,35
1,12,9380,36
1,12,9380,37
1,12,9380,38
1,12,9380,39
1,12,9380,40
1,12,9380,41
1,12,9380,42
1,12,9380,43
1,12,9380,44
1,12,9380,45
1,12,9380,46
1,12,9380,47
1,12,9380,48
1,12,9380,49
1,12,9380,50
1,12,9380,51
1,12,9380,52
1,12,9380,53
1,12,9380,54
1,12,9380,55
1,12,9380,56
1,12,9380,57
1,12,9380,58
1,12,9380,59
1,12,9380,60
1,12,9380,61
1,12,9380,62
1,12,9380,63
1,12,9380,64
1,12,9380,65
1,12,9380,66
1,12,9380,67
1,12,9380,68
1,12,9380,69
1,12,9380,70
1,12,9380,71
1,12,9380,72
1,12,9380,73
1,12,9380,74
1,12,9380,75
1,12,9380,76
1,12,9380,77
1,12,9380,78
1,12,9380,79
1,12,9380,80
1,12,9380,81
1,12,9380,82
1,12,9380,83
1,12,9380,84
1,12,9380,85
1,12,9380,86
1,12,9380,87
1,12,9380,88
1,12,9380,89
1,12,9380,90
1,12,9380,91
1,12,9380,92
1,12,9380,93
1,12,9380,94
1,12,9380,95
1,12,9380,96
1,12,9380,97
1,12,9380,98
1,12,9380,99
1,12,9380,100
1,12,9380,101
1,12,9380,102
1,12,9380,103
1,12,9380,104
1,12,9380,105
1,12,9380,106
1,12,9380,107
1,12,9380,108
1,12,9380,109
1,12,9380,110
1,12,9380,111
1,12,9380,112
1,12,9380,113
1,12,9380,114
1,12,9380,115
1,12,9380,116
1,12,9380,117
1,12,9380,118
1,12,9380,119
1,12,9380,120
1,12,9380,121
1,12,9380,122
1,12,9380,123
1,12,9380,124
1,12,9380,125
1,12,9380,126
1,12,9380,127
1,12,9380,128
1,12,9380,129
1,12,9380,130
1,12,9380,131
1,12,9380,132
1,12,9380,133
1,12,9380,134
1,12,9380,135
1,12,9380,136
1,12,9380,137
1,12,9380,138
1,12,9380,139
1,12,9380,140
1,12,9380,141
1,12,9380,142
1,12,9380,143
1,12,9380,144
1,12,9380,145
1,12,9380,146
1,12,9380,147
1,12,9380,148
1,12,9380,149
1,12,9380,150
1,12,9380,151
1,12,9380,152
1,12,9380,153
1,12,9380,154
1,12,9380,155
1,12,9380,156
1,12,9380,157
1,12,9380,158
1,12,9380,159
1,12,9380,160
1,12,9380,161
1,12,9380,162
1,12,9380,163
1,12,9380,164
1,12,9380,165
1,12,9380,166
1,12,9380,167
1,12,9380,168
1,12,9380,169
1,12,9380,170
1,12,9380,171
1,12,9380,172
1,12,9380,173
1,12,9380,174
1,12,9380,175
1,12,9380,176
1,12,9380,177
1,12,9380,178
1,12,9380,179
1,12,9380,180
1,12,9380,181
1,12,9380,182
1,12,9380,183
1,12,9380,184
1,12,9380,185
1,12,9380,186
1,12,9380,187
1,12,9380,188
1,12,9380,189
1,12,9380,190
1,12,9380,191
1,12,9380,192
1,12,9380,193
1,12,9380,194
1,12,9380,195
1,12,9380,196
1,12,9380,197
1,12,9380,198
1,12,9380,199
1,14,280230,0
1,14,280230,1
1,14,280230,2
1,14,280230,3
1,14,280230,4
1,14,280230,5
1,14,280230,6
1,14,280230,7
1,14,280230,8
1,14,280230,9
1,14,280230,10
1,14,280230,11
1,14,280230,12
1,14,280230,13
1,14,280230,14
1,14,280230,15
1,14,280230,16
1,14,280230,17
1,14,280230,18
1,14,280230,19
1,14,280230,20
1,14,280230,21
1,14,280230,22
1,14,280230,23
1,14,280230,24
1,14,280230,25
1,14,280230,26
1,14,280230,27
1,14,280230,28
1,14,280230,29
1,14,280230,30
1,14,280230,31
1,14,280230,32
1,14,280230,33
1,14,280230,34
1,14,280230,35
1,14,280230,36
1,14,280230,37
1,14,280230,38
1,14,280230,39
1,14,280230,40
1,14,280230,41
1,14,280230,42
1,14,280230,43
1,14,280230,44
1,14,280230,45
1,14,280230,46
1,14,280230,47
1,14,280230,48
1,14,280230,49
1,14,280230,50
1,14,280230,51
1,14,280230,52
1,14,280230,53
1,14,280230,54
1,14,280230,55
1,14,280230,56
1,14,280230,57
1,14,280230,58
1,14,280230,59
1,14,280230,60
1,14,280230,61
1,14,280230,62
1,14,280230,63
1,14,280230,64
1,14,280230,65
1,14,280230,66
1,14,280230,67
1,14,280230,68
1,14,280230,69
1,14,280230,70
1,14,280230,71
1,14,280230,72
1,14,280230,73
1,14,280230,74
1,14,280230,75
1,14,280230,76
1,14,280230,77
1,14,280230,78
1,14,280230,79
1,14,280230,80
1,14,280230,81
1,14,280230,82
1,14,280230,83
1,14,280230,84
1,14,280230,85
1,14,280230,86
1,14,280230,87
1,14,280230,88
1,14,280230,89
1,14,280230,90
1,14,280230,91
1,14,280230,92
1,14,280230,93
1,14,280230,94
1,14,280230,95
1,14,280230,96
1,14,280230,97
1,14,280230,98
1,14,280230,99
1,14,280230,100
1,14,280230,101
1,14,280230,102
1,14,280230,103
1,14,280230,104
1,14,280230,105
1,14,280230,106
1,14,280230,107
1,14,280230,108
1,14,280230,109
1,14,280230,110
1,14,280230,111
1,14,280230,112
1,14,280230,113
1,14,280230,114
1,14,280230,115
1,14,280230,116
1,14,280230,117
1,14,280230,118
1,14,280230,119
1,14,280230,120
1,14,280230,121
1,14,280230,122
1,14,280230,123
1,14,280230,124
1,14,280230,125
1,14,280230,126
1,14,280230,127
1,14,280230,128
1,14,280230,129
1,14,280230,130
1,14,280230,131
1,14,280230,132
1,14,280230,133
1,14,280230,134
1,14,280230,135
1,14,280230,136
1,14,280230,137
1,14,280230,138
1,14,280230,139
1,14,280230,140
1,14,280230,141
1,14,280230,142
1,14,280230,143
1,14,280230,144
1,14,280230,145
1,14,280230,146
1,14,280230,147
1,14,280230,148
1,14,280230,149
1,14,280230,150
1,14,280230,151
1,14,280230,152
1,14,280230,153
1,14,280230,154
1,14,280230,155
1,14,280230,156
1,14,280230,157
1,14,280230,158
1,14,280230,159
1,14,280230,160
1,14,280230,161
1,14,280230,162
1,14,280230,163
1,14,280230,164
1,14,280230,165
1,14,280230,166
1,14,280230,167
1,14,280230,168
1,14,280230,169
1,14,280230,170
1,14,280230,171
1,14,280230,172
1,14,280230,173
1,14,280230,174
1,14,280230,175
1,14,280230,176
1,14,280230,177
1,14,280230,178
1,14,280230,179
1,14,280230,180
1,14,280230,181
1,14,280230,182
1,14,280230,183
1,14,280230,184
1,14,280230,185
1,14,280230,186
1,14,280230,187
1,14,280230,188
1,14,280230,189
1,14,280230,190
1,14,280230,191
1,14,280230,192
1,14,280230,193
1,14,280230,194
1,14,280230,195
1,14,280230,196
1,14,280230,197
1,14,280230,198
1,14,280230,199
1,39,628445,0
1,39,628445,1
1,39,628445,2
1,39,628445,3
1,39,628445,4
1,39,628445,5
1,39,628445,6
1,39,628445,7
1,39,628445,8
1,39,628445,9
1,39,628445,10
1,39,628445,11
1,39,628445,12
1,39,628445,13
1,39,628445,14
1,39,628445,15
1,39,628445,16
1,39,628445,17
1,39,628445,18
1,39,628445,19
1,39,628445,20
1,39,628445,21
1,39,628445,22
1,39,628445,23
1,39,628445,24
1,39,628445,25
1,39,628445,26
1,39,628445,27
1,39,628445,28
1,39,628445,29
1,39,628445,30
1,39,628445,31
1,39,628445,32
1,39,628445,33
1,39,628445,34
1,39,628445,35
1,39,628445,36
1,39,628445,37
1,39,628445,38
1,39,628445,39
1,39,628445,40
1,39,628445,41
1,39,628445,42
1,39,628445,43
1,39,628445,44
1,39,628445,45
1,39,628445,46
1,39,628445,47
1,39,628445,48
1,39,628445,49
1,39,628445,50
1,39,628445,51
1,39,628445,52
1,39,628445,53
1,39,628445,54
1,39,628445,55
1,39,628445,56
1,39,628445,57
1,39,628445,58
1,39,628445,59
1,39,628445,60
1,39,628445,61
1,39,628445,62
1,39,628445,63
1,39,628445,64
1,39,628445,65
1,39,628445,66
1,39,628445,67
1,39,628445,68
1,39,628445,69
1,39,628445,70
1,39,628445,71
1,39,628445,72
1,39,628445,73
1,39,628445,74
1,39,628445,75
1,39,628445,76
1,39,628445,77
1,39,628445,78
1,39,628445,79
1,39,628445,80
1,39,628445,81
1,39,628445,82
1,39,628445,83
1,39,628445,84
1,39,628445,85
1,39,628445,86
1,39,628445,87
1,39,628445,88
1,39,628445,89
1,39,628445,90
1,39,628445,91
1,39,628445,92
1,39,628445,93
1,39,628445,94
1,39,628445,95
1,39,628445,96
1,39,628445,97
1,39,628445,98
1,39,628445,99
1,39,628445,100
1,39,628445,101
1,39,628445,102
1,39,628445,103
1,39,628445,104
1,39,628445,105
1,39,628445,106
1,39,628445,107
1,39,628445,108
1,39,628445,109
1,39,628445,110
1,39,628445,111
1,39,628445,112
1,39,628445,113
1,39,628445,114
1,39,628445,115
1,39,628445,116
1,39,628445,117
1,39,628445,118
1,39,628445,119
1,39,628445,120
1,39,628445,121
1,39,628445,122
1,39,628445,123
1,39,628445,124
1,39,628445,125
1,39,628445,126
1,39,628445,127
1,39,628445,128
1,39,628445,129
1,39,628445,130
1,39,628445,131
1,39,628445,132
1,39,628445,133
1,39,628445,134
1,39,628445,135
1,39,628445,136
1,39,628445,137
1,39,628445,138
1,39,628445,139
1,39,628445,140
1,39,628445,141
1,39,628445,142
1,39,628445,143
1,39,628445,144
1,39,628445,145
1,39,628445,146
1,39,628445,147
1,39,628445,148
1,39,628445,149
1,39,628445,150
1,39,628445,151
1,39,628445,152
1,39,628445,153
1,39,628445,154
1,39,628445,155
1,39,628445,156
1,39,628445,157
1,39,628445,158
1,39,628445,159
1,39,628445,160
1,39,628445,161
1,39,628445,162
1,39,628445,163
1,39,628445,164
1,39,628445,165
1,39,628445,166
1,39,628445,167
1,39,628445,168
1,39,628445,169
1,39,628445,170
1,39,628445,171
1,39,628445,172
1,39,628445,173
1,39,628445,174
1,39,628445,175
1,39,628445,176
1,39,628445,177
1,39,628445,178
1,39,628445,179
1,39,628445,180
1,39,628445,181
1,39,628445,182
1,39,628445,183
1,39,628445,184
1,39,628445,185
1,39,628445,186
1,39,628445,187
1,39,628445,188
1,39,628445,189
1,39,628445,190
1,39,628445,191
1,39,628445,192
1,39,628445,193
1,39,628445,194
1,39,628445,195
1,39,628445,196
1,39,628445,197
1,39,628445,198
1,39,628445,199
1,18,9680,0
1,18,9680,1
1,18,9680,2
1,18,9680,3
1,18,9680,4
1,18,9680,5
1,18,9680,6
1,18,9680,7
1,18,9680,8
1,18,9680,9
1,18,9680,10
1,18,9680,11
1,18,9680,12
1,18,9680,13
1,18,9680,14
1,18,9680,15
1,18,9680,16
1,18,9680,17
1,18,9680,18
1,18,9680,19
1,18,9680,20
1,18,9680,21
1,18,9680,22
1,18,9680,23
1,18,9680,24
1,18,9680,25
1,18,9680,26
1,18,9680,27
1,18,9680,28
1,18,9680,29
1,18,9680,30
1,18,9680,31
1,18,9680,32
1,18,9680,33
1,18,9680,34
1,18,9680,35
1,18,9680,36
1,18,9680,37
1,18,9680,38
1,18,9680,39
1,18,9680,40
1,18,9680,41
1,18,9680,42
1,18,9680,43
1,18,9680,44
1,18,9680,45
1,18,9680,46
1,18,9680,47
1,18,9680,48
1,18,9680,49
1,18,9680,50
1,18,9680,51
1,18,9680,52
1,18,9680,53
1,18,9680,54
1,18,9680,55
1,18,9680,56
1,18,9680,57
1,18,9680,58
1,18,9680,59
1,18,9680,60
1,18,9680,61
1,18,9680,62
1,18,9680,63
1,18,9680,64
1,18,9680,65
1,18,9680,66
1,18,9680,67
1,18,9680,68
1,18,9680,69
1,18,9680,70
1,18,9680,71
1,18,9680,72
1,18,9680,73
1,18,9680,74
1,18,9680,75
1,18,9680,76
1,18,9680,77
1,18,9680,78
1,18,9680,79
1,18,9680,80
1,18,9680,81
1,18,9680,82
1,18,9680,83
1,18,9680,84
1,18,9680,85
1,18,9680,86
1,18,9680,87
1,18,9680,88
1,18,9680,89
1,18,9680,90
1,18,9680,91
1,18,9680,92
1,18,9680,93
1,18,9680,94
1,18,9680,95
1,18,9680,96
1,18,9680,97
1,18,9680,98
1,18,9680,99
1,18,9680,100
1,18,9680,101
1,18,9680,102
1,18,9680,103
1,18,9680,104
1,18,9680,105
1,18,9680,106
1,18,9680,107
1,18,9680,108
1,18,9680,109
1,18,9680,110
1,18,9680,111
1,18,9680,112
1,18,9680,113
1,18,9680,114
1,18,9680,115
1,18,9680,116
1,18,9680,117
1,18,9680,118
1,18,9680,119
1,18,9680,120
1,18,9680,121
1,18,9680,122
1,18,9680,123
1,18,9680,124
1,18,9680,125
1,18,9680,126
1,18,9680,127
1,18,9680,128
1,18,9680,129
1,18,9680,130
1,18,9680,131
1,18,9680,132
1,18,9680,133
1,18,9680,134
1,18,9680,135
1,18,9680,136
1,18,9680,137
1,18,9680,138
1,18,9680,139
1,18,9680,140
1,18,9680,141
1,18,9680,142
1,18,9680,143
1,18,9680,144
1,18,9680,145
1,18,9680,146
1,18,9680,147
1,18,9680,148
1,18,9680,149
1,18,9680,150
1,18,9680,151
1,18,9680,152
1,18,9680,153
1,18,9680,154
1,18,9680,155
1,18,9680,156
1,18,9680,157
1,18,9680,158
1,18,9680,159
1,18,9680,160
1,18,9680,161
1,18,9680,162
1,18,9680,163
1,18,9680,164
1,18,9680,165
1,18,9680,166
1,18,9680,167
1,18,9680,168
1,18,9680,169
1,18,9680,170
1,18,9680,171
1,18,9680,172
1,18,9680,173
1,18,9680,174
1,18,9680,175
1,18,9680,176
1,18,9680,177
1,18,9680,178
1,18,9680,179
1,18,9680,180
1,18,9680,181
1,18,9680,182
1,18,9680,183
1,18,9680,184
1,18,9680,185
1,18,9680,186
1,18,9680,187
1,18,9680,188
1,18,9680,189
1,18,9680,190
1,18,9680,191
1,18,9680,192
1,18,9680,193
1,18,9680,194
1,18,9680,195
1,18,9680,196
1,18,9680,197
1,18,9680,198
1,18,9680,199
1,20,399665,0
1,20,399665,1
1,20,399665,2
1,20,399665,3
1,20,399665,4
1,20,399665,5
1,20,399665,6
1,20,399665,7
1,20,399665,8
1,20,399665,9
1,20,399665,10
1,20,399665,11
1,20,399665,12
1,20,399665,13
1,20,399665,14
1,20,399665,15
1,20,399665,16
1,20,399665,17
1,20,399665,18
1,20,399665,19
1,20,399665,20
1,20,399665,21
1,20,399665,22
1,20,399665,23
1,20,399665,24
1,20,399665,25
1,20,399665,26
1,20,399665,27
1,20,399665,28
1,20,399665,29
1,20,399665,30
1,20,399665,31
1,20,399665,32
1,20,399665,33
1,20,399665,34
1,20,399665,35
1,20,399665,36
1,20,399665,37
1,20,399665,38
1,20,399665,39
1,20,399665,40
1,20,399665,41
1,20,399665,42
1,20,399665,43
1,20,399665,44
1,20,399665,45
1,20,399665,46
1,20,399665,47
1,20,399665,48
1,20,399665,49
1,20,399665,50
1,20,399665,51
1,20,399665,52
1,20,399665,53
1,20,399665,54
1,20,399665,55
1,20,399665,56
1,20,399665,57
1,20,399665,58
1,20,399665,59
1,20,399665,60
1,20,399665,61
1,20,399665,62
1,20,399665,63
1,20,399665,64
1,20,399665,65
1,20,399665,66
1,20,399665,67
1,20,399665,68
1,20,399665,69
1,20,399665,70
1,20,399665,71
1,20,399665,72
1,20,399665,73
1,20,399665,74
1,20,399665,75
1,20,399665,76
1,20,399665,77
1,20,399665,78
1,20,399665,79
1,20,399665,80
1,20,399665,81
1,20,399665,82
1,20,399665,83
1,20,399665,84
1,20,399665,85
1,20,399665,86
1,20,399665,87
1,20,399665,88
1,20,399665,89
1,20,399665,90
1,20,399665,91
1,20,399665,92
1,20,399665,93
1,20,399665,94
1,20,399665,95
1,20,399665,96
1,20,399665,97
1,20,399665,98
1,20,399665,99
1,20,399665,100
1,20,399665,101
1,20,399665,102
1,20,399665,103
1,20,399665,104
1,20,399665,105
1,20,399665,106
1,20,399665,107
1,20,399665,108
1,20,399665,109
1,20,399665,110
1,20,399665,111
1,20,399665,112
1,20,399665,113
1,20,399665,114
1,20,399665,115
1,20,399665,116
1,20,399665,117
1,20,399665,118
1,20,399665,119
1,20,399665,120
1,20,399665,121
1,20,399665,122
1,20,399665,123
1,20,399665,124
1,20,399665,125
1,20,399665,126
1,20,399665,127
1,20,399665,128
1,20,399665,129
1,20,399665,130
1,20,399665,131
1,20,399665,132
1,20,399665,133
1,20,399665,134
1,20,399665,135
1,20,399665,136
1,20,399665,137
1,20,399665,138
1,20,399665,139
1,20,399665,140
1,20,399665,141
1,20,399665,142
1,20,399665,143
1,20,399665,144
1,20,399665,145
1,20,399665,146
1,20,399665,147
1,20,399665,148
1,20,399665,149
1,20,399665,150
1,20,399665,151
1,20,399665,152
1,20,399665,153
1,20,399665,154
1,20,399665,155
1,20,399665,156
1,20,399665,157
1,20,399665,158
1,20,399665,159
1,20,399665,160
1,20,399665,161
1,20,399665,162
1,20,399665,163
1,20,399665,164
1,20,399665,165
1,20,399665,166
1,20,399665,167
1,20,399665,168
1,20,399665,169
1,20,399665,170
1,20,399665,171
1,20,399665,172
1,20,399665,173
1,20,399665,174
1,20,399665,175
1,20,399665,176
1,20,399665,177
1,20,399665,178
1,20,399665,179
1,20,399665,180
1,20,399665,181
1,20,399665,182
1,20,399665,183
1,20,399665,184
1,20,399665,185
1,20,399665,186
1,20,399665,187
1,20,399665,188
1,20,399665,189
1,20,399665,190
1,20,399665,191
1,20,399665,192
1,20,399665,193
1,20,399665,194
1,20,399665,195
1,20,399665,196
1,20,399665,197
1,20,399665,198
1,20,399665,199
1,27,243595,0
1,27,243595,1
1,27,243595,2
1,27,243595,3
1,27,243595,4
1,27,243595,5
1,27,243595,6
1,27,243595,7
1,27,243595,8
1,27,243595,9
1,27,243595,10
1,27,243595,11
1,27,243595,12
1,27,243595,13
1,27,243595,14
1,27,243595,15
1,27,243595,16
1,27,243595,17
1,27,243595,18
1,27,243595,19
1,27,243595,20
1,27,243595,21
1,27,243595,22
1,27,243595,23
1,27,243595,24
1,27,243595,25
1,27,243595,26
1,27,243595,27
1,27,243595,28
1,27,243595,29
1,27,243595,30
1,27,243595,31
1,27,243595,32
1,27,243595,33
1,27,243595,34
1,27,243595,35
1,27,243595,36
1,27,243595,37
1,27,243595,38
1,27,243595,39
1,27,243595,40
1,27,243595,41
1,27,243595,42
1,27,243595,43
1,27,243595,44
1,27,243595,45
1,27,243595,46
1,27,243595,47
1,27,243595,48
1,27,243595,49
1,27,243595,50
1,27,243595,51
1,27,243595,52
1,27,243595,53
1,27,243595,54
1,27,243595,55
1,27,243595,56
1,27,243595,57
1,27,243595,58
1,27,243595,59
1,27,243595,60
1,27,243595,61
1,27,243595,62
1,27,243595,63
1,27,243595,64
1,27,243595,65
1,27,243595,66
1,27,243595,67
1,27,243595,68
1,27,243595,69
1,27,243595,70
1,27,243595,71
1,27,243595,72
1,27,243595,73
1,27,243595,74
1,27,243595,75
1,27,243595,76
1,27,243595,77
1,27,243595,78
1,27,243595,79
1,27,243595,80
1,27,243595,81
1,27,243595,82
1,27,243595,83
1,27,243595,84
1,27,243595,85
1,27,243595,86
1,27,243595,87
1,27,243595,88
1,27,243595,89
1,27,243595,90
1,27,243595,91
1,27,243595,92
1,27,243595,93
1,27,243595,94
1,27,243595,95
1,27,243595,96
1,27,243595,97
1,27,243595,98
1,27,243595,99
1,27,243595,100
1,27,243595,101
1,27,243595,102
1,27,243595,103
1,27,243595,104
1,27,243595,105
1,27,243595,106
1,27,243595,107
1,27,243595,108
1,27,243595,109
1,27,243595,110
1,27,243595,111
1,27,243595,112
1,27,243595,113
1,27,243595,114
1,27,243595,115
1,27,243595,116
1,27,243595,117
1,27,243595,118
1,27,243595,119
1,27,243595,120
1,27,243595,121
1,27,243595,122
1,27,243595,123
1,27,243595,124
1,27,243595,125
1,27,243595,126
1,27,243595,127
1,27,243595,128
1,27,243595,129
1,27,243595,130
1,27,243595,131
1,27,243595,132
1,27,243595,133
1,27,243595,134
1,27,243595,135
1,27,243595,136
1,27,243595,137
1,27,243595,138
1,27,243595,139
1,27,243595,140
1,27,243595,141
1,27,243595,142
1,27,243595,143
1,27,243595,144
1,27,243595,145
1,27,243595,146
1,27,243595,147
1,27,243595,148
1,27,243595,149
1,27,243595,150
1,27,243595,151
1,27,243595,152
1,27,243595,153
1,27,243595,154
1,27,243595,155
1,27,243595,156
1,27,243595,157
1,27,243595,158
1,27,243595,159
1,27,243595,160
1,27,243595,161
1,27,243595,162
1,27,243595,163
1,27,243595,164
1,27,243595,165
1,27,243595,166
1,27,243595,167
1,27,243595,168
1,27,243595,169
1,27,243595,170
1,27,243595,171
1,27,243595,172
1,27,243595,173
1,27,243595,174
1,27,243595,175
1,27,243595,176
1,27,243595,177
1,27,243595,178
1,27,243595,179
1,27,243595,180
1,27,243595,181
1,27,243595,182
1,27,243595,183
1,27,243595,184
1,27,243595,185
1,27,243595,186
1,27,243595,187
1,27,243595,188
1,27,243595,189
1,27,243595,190
1,27,243595,191
1,27,243595,192
1,27,243595,193
1,27,243595,194
1,27,243595,195
1,27,243595,196
1,27,243595,197
1,27,243595,198
1,27,243595,199
19,0,431740,0
19,0,431740,1
19,0,431740,2
19,0,431740,3
19,0,431740,4
19,0,431740,5
19,0,431740,6
19,0,431740,7
19,0,431740,8
19,0,431740,9
19,0,431740,10
19,0,431740,11
19,0,431740,12
19,0,431740,13
19,0,431740,14
19,0,431740,15
19,0,431740,16
19,0,431740,17
19,0,431740,18
19,0,431740,19
19,0,431740,20
19,0,431740,21
19,0,431740,22
19,0,431740,23
19,0,431740,24
19,0,431740,25
19,0,431740,26
19,0,431740,27
19,0,431740,28
19,0,431740,29
19,0,431740,30
19,0,431740,31
19,0,431740,32
19,0,431740,33
19,0,431740,34
19,0,431740,35
19,0,431740,36
19,0,431740,37
19,0,431740,38
19,0,431740,39
19,0,431740,40
19,0,431740,41
19,0,431740,42
19,0,431740,43
19,0,431740,44
19,0,431740,45
19,0,431740,46
19,0,431740,47
19,0,431740,48
19,0,431740,49
19,0,431740,50
19,0,431740,51
19,0,431740,52
19,0,431740,53
19,0,431740,54
19,0,431740,55
19,0,431740,56
19,0,431740,57
19,0,431740,58
19,0,431740,59
19,0,431740,60
19,0,431740,61
19,0,431740,62
19,0,431740,63
19,0,431740,64
19,0,431740,65
19,0,431740,66
19,0,431740,67
19,0,431740,68
19,0,431740,69
19,0,431740,70
19,0,431740,71
19,0,431740,72
19,0,431740,73
19,0,431740,74
19,0,431740,75
19,0,431740,76
19,0,431740,77
19,0,431740,78
19,0,431740,79
19,0,431740,80
19,0,431740,81
19,0,431740,82
19,0,431740,83
19,0,431740,84
19,0,431740,85
19,0,431740,86
19,0,431740,87
19,0,431740,88
19,0,431740,89
19,0,431740,90
19,0,431740,91
19,0,431740,92
19,0,431740,93
19,0,431740,94
19,0,431740,95
19,0,431740,96
19,0,431740,97
19,0,431740,98
19,0,431740,99
19,0,431740,100
19,0,431740,101
19,0,431740,102
19,0,431740,103
19,0,431740,104
19,0,431740,105
19,0,431740,106
19,0,431740,107
19,0,431740,108
19,0,431740,109
19,0,431740,110
19,0,431740,111
19,0,431740,112
19,0,431740,113
19,0,431740,114
19,0,431740,115
19,0,431740,116
19,0,431740,117
19,0,431740,118
19,0,431740,119
19,0,431740,120
19,0,431740,121
19,0,431740,122
19,0,431740,123
19,0,431740,124
19,0,431740,125
19,0,431740,126
19,0,431740,127
19,0,431740,128
19,0,431740,129
19,0,431740,130
19,0,431740,131
19,0,431740,132
19,0,431740,133
19,0,431740,134
19,0,431740,135
19,0,431740,136
19,0,431740,137
19,0,431740,138
19,0,431740,139
19,0,431740,140
19,0,431740,141
19,0,431740,142
19,0,431740,143
19,0,431740,144
19,0,431740,145
19,0,431740,146
19,0,431740,147
19,0,431740,148
19,0,431740,149
19,0,431740,150
19,0,431740,151
19,0,431740,152
19,0,431740,153
19,0,431740,154
19,0,431740,155
19,0,431740,156
19,0,431740,157
19,0,431740,158
19,0,431740,159
19,0,431740,160
19,0,431740,161
19,0,431740,162
19,0,431740,163
19,0,431740,164
19,0,431740,165
19,0,431740,166
19,0,431740,167
19,0,431740,168
19,0,431740,169
19,0,431740,170
19,0,431740,171
19,0,431740,172
19,0,431740,173
19,0,431740,174
19,0,431740,175
19,0,431740,176
19,0,431740,177
19,0,431740,178
19,0,431740,179
19,0,431740,180
19,0,431740,181
19,0,431740,182
19,0,431740,183
19,0,431740,184
19,0,431740,185
19,0,431740,186
19,0,431740,187
19,0,431740,188
19,0,431740,189
19,0,431740,190
19,0,431740,191
19,0,431740,192
19,0,431740,193
19,0,431740,194
19,0,431740,195
19,0,431740,196
19,0,431740,197
19,0,431740,198
19,0,431740,199
19,26,334760,0
19,26,334760,1
19,26,334760,2
19,26,334760,3
19,26,334760,4
19,26,334760,5
19,26,334760,6
19,26,334760,7
19,26,334760,8
19,26,334760,9
19,26,334760,10
19,26,334760,11
19,26,334760,12
19,26,334760,13
19,26,334760,14
19,26,334760,15
19,26,334760,16
19,26,334760,17
19,26,334760,18
19,26,334760,19
19,26,334760,20
19,26,334760,21
19,26,334760,22
19,26,334760,23
19,26,334760,24
19,26,334760,25
19,26,334760,26
19,26,334760,27
19,26,334760,28
19,26,334760,29
19,26,334760,30
19,26,334760,31
19,26,334760,32
19,26,334760,33
19,26,334760,34
19,26,334760,35
19,26,334760,36
19,26,334760,37
19,26,334760,38
19,26,334760,39
19,26,334760,40
19,26,334760,41
19,26,334760,42
19,26,334760,43
19,26,334760,44
19,26,334760,45
19,26,334760,46
19,26,334760,47
19,26,334760,48
19,26,334760,49
19,26,334760,50
19,26,334760,51
19,26,334760,52
19,26,334760,53
19,26,334760,54
19,26,334760,55
19,26,334760,56
19,26,334760,57
19,26,334760,58
19,26,334760,59
19,26,334760,60
19,26,334760,61
19,26,334760,62
19,26,334760,63
19,26,334760,64
19,26,334760,65
19,26,334760,66
19,26,334760,67
19,26,334760,68
19,26,334760,69
19,26,334760,70
19,26,334760,71
19,26,334760,72
19,26,334760,73
19,26,334760,74
19,26,334760,75
19,26,334760,76
19,26,334760,77
19,26,334760,78
19,26,334760,79
19,26,334760,80
19,26,334760,81
19,26,334760,82
19,26,334760,83
19,26,334760,84
19,26,334760,85
19,26,334760,86
19,26,334760,87
19,26,334760,88
19,26,334760,89
19,26,334760,90
19,26,334760,91
19,26,334760,92
19,26,334760,93
19,26,334760,94
19,26,334760,95
19,26,334760,96
19,26,334760,97
19,26,334760,98
19,26,334760,99
19,26,334760,100
19,26,334760,101
19,26,334760,102
19,26,334760,103
19,26,334760,104
19,26,334760,105
19,26,334760,106
19,26,334760,107
19,26,334760,108
19,26,334760,109
19,26,334760,110
19,26,334760,111
19,26,334760,112
19,26,334760,113
19,26,334760,114
19,26,334760,115
19,26,334760,116
19,26,334760,117
19,26,334760,118
19,26,334760,119
19,26,334760,120
19,26,334760,121
19,26,334760,122
19,26,334760,123
19,26,334760,124
19,26,334760,125
19,26,334760,126
19,26,334760,127
19,26,334760,128
19,26,334760,129
19,26,334760,130
19,26,334760,131
19,26,334760,132
19,26,334760,133
19,26,334760,134
19,26,334760,135
19,26,334760,136
19,26,334760,137
19,26,334760,138
19,26,334760,139
19,26,334760,140
19,26,334760,141
19,26,334760,142
19,26,334760,143
19,26,334760,144
19,26,334760,145
19,26,334760,146
19,26,334760,147
19,26,334760,148
19,26,334760,149
19,26,334760,150
19,26,334760,151
19,26,334760,152
19,26,334760,153
19,26,334760,154
19,26,334760,155
19,26,334760,156
19,26,334760,157
19,26,334760,158
19,26,334760,159
19,26,334760,160
19,26,334760,161
19,26,334760,162
19,26,334760,163
19,26,334760,164
19,26,334760,165
19,26,334760,166
19,26,334760,167
19,26,334760,168
19,26,334760,169
19,26,334760,170
19,26,334760,171
19,26,334760,172
19,26,334760,173
19,26,334760,174
19,26,334760,175
19,26,334760,176
19,26,334760,177
19,26,334760,178
19,26,334760,179
19,26,334760,180
19,26,334760,181
19,26,334760,182
19,26,334760,183
19,26,334760,184
19,26,334760,185
19,26,334760,186
19,26,334760,187
19,26,334760,188
19,26,334760,189
19,26,334760,190
19,26,334760,191
19,26,334760,192
19,26,334760,193
19,26,334760,194
19,26,334760,195
19,26,334760,196
19,26,334760,197
19,26,334760,198
19,26,334760,199
19,1,283525,0
19,1,283525,1
19,1,283525,2
19,1,283525,3
19,1,283525,4
19,1,283525,5
19,1,283525,6
19,1,283525,7
19,1,283525,8
19,1,283525,9
19,1,283525,10
19,1,283525,11
19,1,283525,12
19,1,283525,13
19,1,283525,14
19,1,283525,15
19,1,283525,16
19,1,283525,17
19,1,283525,18
19,1,283525,19
19,1,283525,20
19,1,283525,21
19,1,283525,22
19,1,283525,23
19,1,283525,24
19,1,283525,25
19,1,283525,26
19,1,283525,27
19,1,283525,28
19,1,283525,29
19,1,283525,30
19,1,283525,31
19,1,283525,32
19,1,283525,33
19,1,283525,34
19,1,283525,35
19,1,283525,36
19,1,283525,37
19,1,283525,38
19,1,283525,39
19,1,283525,40
19,1,283525,41
19,1,283525,42
19,1,283525,43
19,1,283525,44
19,1,283525,45
19,1,283525,46
19,1,283525,47
19,1,283525,48
19,1,283525,49
19,1,283525,50
19,1,283525,51
19,1,283525,52
19,1,283525,53
19,1,283525,54
19,1,283525,55
19,1,283525,56
19,1,283525,57
19,1,283525,58
19,1,283525,59
19,1,283525,60
19,1,283525,61
19,1,283525,62
19,1,283525,63
19,1,283525,64
19,1,283525,65
19,1,283525,66
19,1,283525,67
19,1,283525,68
19,1,283525,69
19,1,283525,70
19,1,283525,71
19,1,283525,72
19,1,283525,73
19,1,283525,74
19,1,283525,75
19,1,283525,76
19,1,283525,77
19,1,283525,78
19,1,283525,79
19,1,283525,80
19,1,283525,81
19,1,283525,82
19,1,283525,83
19,1,283525,84
19,1,283525,85
19,1,283525,86
19,1,283525,87
19,1,283525,88
19,1,283525,89
19,1,283525,90
19,1,283525,91
19,1,283525,92
19,1,283525,93
19,1,283525,94
19,1,283525,95
19,1,283525,96
19,1,283525,97
19,1,283525,98
19,1,283525,99
19,1,283525,100
19,1,283525,101
19,1,283525,102
19,1,283525,103
19,1,283525,104
19,1,283525,105
19,1,283525,106
19,1,283525,107
19,1,283525,108
19,1,283525,109
19,1,283525,110
19,1,283525,111
19,1,283525,112
19,1,283525,113
19,1,283525,114
19,1,283525,115
19,1,283525,116
19,1,283525,117
19,1,283525,118
19,1,283525,119
19,1,283525,120
19,1,283525,121
19,1,283525,122
19,1,283525,123
19,1,283525,124
19,1,283525,125
19,1,283525,126
19,1,283525,127
19,1,283525,128
19,1,283525,129
19,1,283525,130
19,1,283525,131
19,1,283525,132
19,1,283525,133
19,1,283525,134
19,1,283525,135
19,1,283525,136
19,1,283525,137
19,1,283525,138
19,1,283525,139
19,1,283525,140
19,1,283525,141
19,1,283525,142
19,1,283525,143
19,1,283525,144
19,1,283525,145
19,1,283525,146
19,1,283525,147
19,1,283525,148
19,1,283525,149
19,1,283525,150
19,1,283525,151
19,1,283525,152
19,1,283525,153
19,1,283525,154
19,1,283525,155
19,1,283525,156
19,1,283525,157
19,1,283525,158
19,1,283525,159
19,1,283525,160
19,1,283525,161
19,1,283525,162
19,1,283525,163
19,1,283525,164
19,1,283525,165
19,1,283525,166
19,1,283525,167
19,1,283525,168
19,1,283525,169
19,1,283525,170
19,1,283525,171
19,1,283525,172
19,1,283525,173
19,1,283525,174
19,1,283525,175
19,1,283525,176
19,1,283525,177
19,1,283525,178
19,1,283525,179
19,1,283525,180
19,1,283525,181
19,1,283525,182
19,1,283525,183
19,1,283525,184
19,1,283525,185
19,1,283525,186
19,1,283525,187
19,1,283525,188
19,1,283525,189
19,1,283525,190
19,1,283525,191
19,1,283525,192
19,1,283525,193
19,1,283525,194
19,1,283525,195
19,1,283525,196
19,1,283525,197
19,1,283525,198
19,1,283525,199
19,17,1249395,0
19,17,1249395,1
19,17,1249395,2
19,17,1249395,3
19,17,1249395,4
19,17,1249395,5
19,17,1249395,6
19,17,1249395,7
19,17,1249395,8
19,17,1249395,9
19,17,1249395,10
19,17,1249395,11
19,17,1249395,12
19,17,1249395,13
19,17,1249395,14
19,17,1249395,15
19,17,1249395,16
19,17,1249395,17
19,17,1249395,18
19,17,1249395,19
19,17,1249395,20
19,17,1249395,21
19,17,1249395,22
19,17,1249395,23
19,17,1249395,24
19,17,1249395,25
19,17,1249395,26
19,17,1249395,27
19,17,1249395,28
19,17,1249395,29
19,17,1249395,30
19,17,1249395,31
19,17,1249395,32
19,17,1249395,33
19,17,1249395,34
19,17,1249395,35
19,17,1249395,36
19,17,1249395,37
19,17,1249395,38
19,17,1249395,39
19,17,1249395,40
19,17,1249395,41
19,17,1249395,42
19,17,1249395,43
19,17,1249395,44
19,17,1249395,45
19,17,1249395,46
19,17,1249395,47
19,17,1249395,48
19,17,1249395,49
19,17,1249395,50
19,17,1249395,51
19,17,1249395,52
19,17,1249395,53
19,17,1249395,54
19,17,1249395,55
19,17,1249395,56
19,17,1249395,57
19,17,1249395,58
19,17,1249395,59
19,17,1249395,60
19,17,1249395,61
19,17,1249395,62
19,17,1249395,63
19,17,1249395,64
19,17,1249395,65
19,17,1249395,66
19,17,1249395,67
19,17,1249395,68
19,17,1249395,69
19,17,1249395,70
19,17,1249395,71
19,17,1249395,72
19,17,1249395,73
19,17,1249395,74
19,17,1249395,75
19,17,1249395,76
19,17,1249395,77
19,17,1249395,78
19,17,1249395,79
19,17,1249395,80
19,17,1249395,81
19,17,1249395,82
19,17,1249395,83
19,17,1249395,84
19,17,1249395,85
19,17,1249395,86
19,17,1249395,87
19,17,1249395,88
19,17,1249395,89
19,17,1249395,90
19,17,1249395,91
19,17,1249395,92
19,17,1249395,93
19,17,1249395,94
19,17,1249395,95
19,17,1249395,96
19,17,1249395,97
19,17,1249395,98
19,17,1249395,99
19,17,1249395,100
19,17,1249395,101
19,17,1249395,102
19,17,1249395,103
19,17,1249395,104
19,17,1249395,105
19,17,1249395,106
19,17,1249395,107
19,17,1249395,108
19,17,1249395,109
19,17,1249395,110
19,17,1249395,111
19,17,1249395,112
19,17,1249395,113
19,17,1249395,114
19,17,1249395,115
19,17,1249395,116
19,17,1249395,117
19,17,1249395,118
19,17,1249395,119
19,17,1249395,120
19,17,1249395,121
19,17,1249395,122
19,17,1249395,123
19,17,1249395,124
19,17,1249395,125
19,17,1249395,126
19,17,1249395,127
19,17,1249395,128
19,17,1249395,129
19,17,1249395,130
19,17,1249395,131
19,17,1249395,132
19,17,1249395,133
19,17,1249395,134
19,17,1249395,135
19,17,1249395,136
19,17,1249395,137
19,17,1249395,138
19,17,1249395,139
19,17,1249395,140
19,17,1249395,141
19,17,1249395,142
19,17,1249395,143
19,17,1249395,144
19,17,1249395,145
19,17,1249395,146
19,17,1249395,147
19,17,1249395,148
19,17,1249395,149
19,17,1249395,150
19,17,1249395,151
19,17,1249395,152
19,17,1249395,153
19,17,1249395,154
19,17,1249395,155
19,17,1249395,156
19,17,1249395,157
19,17,1249395,158
19,17,1249395,159
19,17,1249395,160
19,17,1249395,161
19,17,1249395,162
19,17,1249395,163
19,17,1249395,164
19,17,1249395,165
19,17,1249395,166
19,17,1249395,167
19,17,1249395,168
19,17,1249395,169
19,17,1249395,170
19,17,1249395,171
19,17,1249395,172
19,17,1249395,173
19,17,1249395,174
19,17,1249395,175
19,17,1249395,176
19,17,1249395,177
19,17,1249395,178
19,17,1249395,179
19,17,1249395,180
19,17,1249395,181
19,17,1249395,182
19,17,1249395,183
19,17,1249395,184
19,17,1249395,185
19,17,1249395,186
19,17,1249395,187
19,17,1249395,188
19,17,1249395,189
19,17,1249395,190
19,17,1249395,191
19,17,1249395,192
19,17,1249395,193
19,17,1249395,194
19,17,1249395,195
19,17,1249395,196
19,17,1249395,197
19,17,1249395,198
19,17,1249395,199
19,5,239835,0
19,5,239835,1
19,5,239835,2
19,5,239835,3
19,5,239835,4
19,5,239835,5
19,5,239835,6
19,5,239835,7
19,5,239835,8
19,5,239835,9
19,5,239835,10
19,5,239835,11
19,5,239835,12
19,5,239835,13
19,5,239835,14
19,5,239835,15
19,5,239835,16
19,5,239835,17
19,5,239835,18
19,5,239835,19
19,5,239835,20
19,5,239835,21
19,5,239835,22
19,5,239835,23
19,5,239835,24
19,5,239835,25
19,5,239835,26
19,5,239835,27
19,5,239835,28
19,5,239835,29
19,5,239835,30
19,5,239835,31
19,5,239835,32
19,5,239835,33
19,5,239835,34
19,5,239835,35
19,5,239835,36
19,5,239835,37
19,5,239835,38
19,5,239835,39
19,5,239835,40
19,5,239835,41
19,5,239835,42
19,5,239835,43
19,5,239835,44
19,5,239835,45
19,5,239835,46
19,5,239835,47
19,5,239835,48
19,5,239835,49
19,5,239835,50
19,5,239835,51
19,5,239835,52
19,5,239835,53
19,5,239835,54
19,5,239835,55
19,5,239835,56
19,5,239835,57
19,5,239835,58
19,5,239835,59
19,5,239835,60
19,5,239835,61
19,5,239835,62
19,5,239835,63
19,5,239835,64
19,5,239835,65
19,5,239835,66
19,5,239835,67
19,5,239835,68
19,5,239835,69
19,5,239835,70
19,5,239835,71
19,5,239835,72
19,5,239835,73
19,5,239835,74
19,5,239835,75
19,5,239835,76
19,5,239835,77
19,5,239835,78
19,5,239835,79
19,5,239835,80
19,5,239835,81
19,5,239835,82
19,5,239835,83
19,5,239835,84
19,5,239835,85
19,5,239835,86
19,5,239835,87
19,5,239835,88
19,5,239835,89
19,5,239835,90
19,5,239835,91
19,5,239835,92
19,5,239835,93
19,5,239835,94
19,5,239835,95
19,5,239835,96
19,5,239835,97
19,5,239835,98
19,5,239835,99
19,5,239835,100
19,5,239835,101
19,5,239835,102
19,5,239835,103
19,5,239835,104
19,5,239835,105
19,5,239835,106
19,5,239835,107
19,5,239835,108
19,5,239835,109
19,5,239835,110
19,5,239835,111
19,5,239835,112
19,5,239835,113
19,5,239835,114
19,5,239835,115
19,5,239835,116
19,5,239835,117
19,5,239835,118
19,5,239835,119
19,5,239835,120
19,5,239835,121
19,5,239835,122
19,5,239835,123
19,5,239835,124
19,5,239835,125
19,5,239835,126
19,5,239835,127
19,5,239835,128
19,5,239835,129
19,5,239835,130
19,5,239835,131
19,5,239835,132
19,5,239835,133
19,5,239835,134
19,5,239835,135
19,5,239835,136
19,5,239835,137
19,5,239835,138
19,5,239835,139
19,5,239835,140
19,5,239835,141
19,5,239835,142
19,5,239835,143
19,5,239835,144
19,5,239835,145
19,5,239835,146
19,5,239835,147
19,5,239835,148
19,5,239835,149
19,5,239835,150
19,5,239835,151
19,5,239835,152
19,5,239835,153
19,5,239835,154
19,5,239835,155
19,5,239835,156
19,5,239835,157
19,5,239835,158
19,5,239835,159
19,5,239835,160
19,5,239835,161
19,5,239835,162
19,5,239835,163
19,5,239835,164
19,5,239835,165
19,5,239835,166
19,5,239835,167
19,5,239835,168
19,5,239835,169
19,5,239835,170
19,5,239835,171
19,5,239835,172
19,5,239835,173
19,5,239835,174
19,5,239835,175
19,5,239835,176
19,5,239835,177
19,5,239835,178
19,5,239835,179
19,5,239835,180
19,5,239835,181
19,5,239835,182
19,5,239835,183
19,5,239835,184
19,5,239835,185
19,5,239835,186
19,5,239835,187
19,5,239835,188
19,5,239835,189
19,5,239835,190
19,5,239835,191
19,5,239835,192
19,5,239835,193
19,5,239835,194
19,5,239835,195
19,5,239835,196
19,5,239835,197
19,5,239835,198
19,5,239835,199
19,9,256235,0
19,9,256235,1
19,9,256235,2
19,9,256235,3
19,9,256235,4
19,9,256235,5
19,9,256235,6
19,9,256235,7
19,9,256235,8
19,9,256235,9
19,9,256235,10
19,9,256235,11
19,9,256235,12
19,9,256235,13
19,9,256235,14
19,9,256235,15
19,9,256235,16
19,9,256235,17
19,9,256235,18
19,9,256235,19
19,9,256235,20
19,9,256235,21
19,9,256235,22
19,9,256235,23
19,9,256235,24
19,9,256235,25
19,9,256235,26
19,9,256235,27
19,9,256235,28
19,9,256235,29
19,9,256235,30
19,9,256235,31
19,9,256235,32
19,9,256235,33
19,9,256235,34
19,9,256235,35
19,9,256235,36
19,9,256235,37
19,9,256235,38
19,9,256235,39
19,9,256235,40
19,9,256235,41
19,9,256235,42
19,9,256235,43
19,9,256235,44
19,9,256235,45
19,9,256235,46
19,9,256235,47
19,9,256235,48
19,9,256235,49
19,9,256235,50
19,9,256235,51
19,9,256235,52
19,9,256235,53
19,9,256235,54
19,9,256235,55
19,9,256235,56
19,9,256235,57
19,9,256235,58
19,9,256235,59
19,9,256235,60
19,9,256235,61
19,9,256235,62
19,9,256235,63
19,9,256235,64
19,9,256235,65
19,9,256235,66
19,9,256235,67
19,9,256235,68
19,9,256235,69
19,9,256235,70
19,9,256235,71
19,9,256235,72
19,9,256235,73
19,9,256235,74
19,9,256235,75
19,9,256235,76
19,9,256235,77
19,9,256235,78
19,9,256235,79
19,9,256235,80
19,9,256235,81
19,9,256235,82
19,9,256235,83
19,9,256235,84
19,9,256235,85
19,9,256235,86
19,9,256235,87
19,9,256235,88
19,9,256235,89
19,9,256235,90
19,9,256235,91
19,9,256235,92
19,9,256235,93
19,9,256235,94
19,9,256235,95
19,9,256235,96
19,9,256235,97
19,9,256235,98
19,9,256235,99
19,9,256235,100
19,9,256235,101
19,9,256235,102
19,9,256235,103
19,9,256235,104
19,9,256235,105
19,9,256235,106
19,9,256235,107
19,9,256235,108
19,9,256235,109
19,9,256235,110
19,9,256235,111
19,9,256235,112
19,9,256235,113
19,9,256235,114
19,9,256235,115
19,9,256235,116
19,9,256235,117
19,9,256235,118
19,9,256235,119
19,9,256235,120
19,9,256235,121
19,9,256235,122
19,9,256235,123
19,9,256235,124
19,9,256235,125
19,9,256235,126
19,9,256235,127
19,9,256235,128
19,9,256235,129
19,9,256235,130
19,9,256235,131
19,9,256235,132
19,9,256235,133
19,9,256235,134
19,9,256235,135
19,9,256235,136
19,9,256235,137
19,9,256235,138
19,9,256235,139
19,9,256235,140
19,9,256235,141
19,9,256235,142
19,9,256235,143
19,9,256235,144
19,9,256235,145
19,9,256235,146
19,9,256235,147
19,9,256235,148
19,9,256235,149
19,9,256235,150
19,9,256235,151
19,9,256235,152
19,9,256235,153
19,9,256235,154
19,9,256235,155
19,9,256235,156
19,9,256235,157
19,9,256235,158
19,9,256235,159
19,9,256235,160
19,9,256235,161
19,9,256235,162
19,9,256235,163
19,9,256235,164
19,9,256235,165
19,9,256235,166
19,9,256235,167
19,9,256235,168
19,9,256235,169
19,9,256235,170
19,9,256235,171
19,9,256235,172
19,9,256235,173
19,9,256235,174
19,9,256235,175
19,9,256235,176
19,9,256235,177
19,9,256235,178
19,9,256235,179
19,9,256235,180
19,9,256235,181
19,9,256235,182
19,9,256235,183
19,9,256235,184
19,9,256235,185
19,9,256235,186
19,9,256235,187
19,9,256235,188
19,9,256235,189
19,9,256235,190
19,9,256235,191
19,9,256235,192
19,9,256235,193
19,9,256235,194
19,9,256235,195
19,9,256235,196
19,9,256235,197
19,9,256235,198
19,9,256235,199
19,21,144715,0
19,21,144715,1
19,21,144715,2
19,21,144715,3
19,21,144715,4
19,21,144715,5
19,21,144715,6
19,21,144715,7
19,21,144715,8
19,21,144715,9
19,21,144715,10
19,21,144715,11
19,21,144715,12
19,21,144715,13
19,21,144715,14
19,21,144715,15
19,21,144715,16
19,21,144715,17
19,21,144715,18
19,21,144715,19
19,21,144715,20
19,21,144715,21
19,21,144715,22
19,21,144715,23
19,21,144715,24
19,21,144715,25
19,21,144715,26
19,21,144715,27
19,21,144715,28
19,21,144715,29
19,21,144715,30
19,21,144715,31
19,21,144715,32
19,21,144715,33
19,21,144715,34
19,21,144715,35
19,21,144715,36
19,21,144715,37
19,21,144715,38
19,21,144715,39
19,21,144715,40
19,21,144715,41
19,21,144715,42
19,21,144715,43
19,21,144715,44
19,21,144715,45
19,21,144715,46
19,21,144715,47
19,21,144715,48
19,21,144715,49
19,21,144715,50
19,21,144715,51
19,21,144715,52
19,21,144715,53
19,21,144715,54
19,21,144715,55
19,21,144715,56
19,21,144715,57
19,21,144715,58
19,21,144715,59
19,21,144715,60
19,21,144715,61
19,21,144715,62
19,21,144715,63
19,21,144715,64
19,21,144715,65
19,21,144715,66
19,21,144715,67
19,21,144715,68
19,21,144715,69
19,21,144715,70
19,21,144715,71
19,21,144715,72
19,21,144715,73
19,21,144715,74
19,21,144715,75
19,21,144715,76
19,21,144715,77
19,21,144715,78
19,21,144715,79
19,21,144715,80
19,21,144715,81
19,21,144715,82
19,21,144715,83
19,21,144715,84
19,21,144715,85
19,21,144715,86
19,21,144715,87
19,21,144715,88
19,21,144715,89
19,21,144715,90
19,21,144715,91
19,21,144715,92
19,21,144715,93
19,21,144715,94
19,21,144715,95
19,21,144715,96
19,21,144715,97
19,21,144715,98
19,21,144715,99
19,21,144715,100
19,21,144715,101
19,21,144715,102
19,21,144715,103
19,21,144715,104
19,21,144715,105
19,21,144715,106
19,21,144715,107
19,21,144715,108
19,21,144715,109
19,21,144715,110
19,21,144715,111
19,21,144715,112
19,21,144715,113
19,21,144715,114
19,21,144715,115
19,21,144715,116
19,21,144715,117
19,21,144715,118
19,21,144715,119
19,21,144715,120
19,21,144715,121
19,21,144715,122
19,21,144715,123
19,21,144715,124
19,21,144715,125
19,21,144715,126
19,21,144715,127
19,21,144715,128
19,21,144715,129
19,21,144715,130
19,21,144715,131
19,21,144715,132
19,21,144715,133
19,21,144715,134
19,21,144715,135
19,21,144715,136
19,21,144715,137
19,21,144715,138
19,21,144715,139
19,21,144715,140
19,21,144715,141
19,21,144715,142
19,21,144715,143
19,21,144715,144
19,21,144715,145
19,21,144715,146
19,21,144715,147
19,21,144715,148
19,21,144715,149
19,21,144715,150
19,21,144715,151
19,21,144715,152
19,21,144715,153
19,21,144715,154
19,21,144715,155
19,21,144715,156
19,21,144715,157
19,21,144715,158
19,21,144715,159
19,21,144715,160
19,21,144715,161
19,21,144715,162
19,21,144715,163
19,21,144715,164
19,21,144715,165
19,21,144715,166
19,21,144715,167
19,21,144715,168
19,21,144715,169
19,21,144715,170
19,21,144715,171
19,21,144715,172
19,21,144715,173
19,21,144715,174
19,21,144715,175
19,21,144715,176
19,21,144715,177
19,21,144715,178
19,21,144715,179
19,21,144715,180
19,21,144715,181
19,21,144715,182
19,21,144715,183
19,21,144715,184
19,21,144715,185
19,21,144715,186
19,21,144715,187
19,21,144715,188
19,21,144715,189
19,21,144715,190
19,21,144715,191
19,21,144715,192
19,21,144715,193
19,21,144715,194
19,21,144715,195
19,21,144715,196
19,21,144715,197
19,21,144715,198
19,21,144715,199
19,14,62825,0
19,14,62825,1
19,14,62825,2
19,14,62825,3
19,14,62825,4
19,14,62825,5
19,14,62825,6
19,14,62825,7
19,14,62825,8
19,14,62825,9
19,14,62825,10
19,14,62825,11
19,14,62825,12
19,14,62825,13
19,14,62825,14
19,14,62825,15
19,14,62825,16
19,14,62825,17
19,14,62825,18
19,14,62825,19
19,14,62825,20
19,14,62825,21
19,14,62825,22
19,14,62825,23
19,14,62825,24
19,14,62825,25
19,14,62825,26
19,14,62825,27
19,14,62825,28
19,14,62825,29
19,14,62825,30
19,14,62825,31
19,14,62825,32
19,14,62825,33
19,14,62825,34
19,14,62825,35
19,14,62825,36
19,14,62825,37
19,14,62825,38
19,14,62825,39
19,14,62825,40
19,14,62825,41
19,14,62825,42
19,14,62825,43
19,14,62825,44
19,14,62825,45
19,14,62825,46
19,14,62825,47
19,14,62825,48
19,14,62825,49
19,14,62825,50
19,14,62825,51
19,14,62825,52
19,14,62825,53
19,14,62825,54
19,14,62825,55
19,14,62825,56
19,14,62825,57
19,14,62825,58
19,14,62825,59
19,14,62825,60
19,14,62825,61
19,14,62825,62
19,14,62825,63
19,14,62825,64
19,14,62825,65
19,14,62825,66
19,14,62825,67
19,14,62825,68
19,14,62825,69
19,14,62825,70
19,14,62825,71
19,14,62825,72
19,14,62825,73
19,14,62825,74
19,14,62825,75
19,14,62825,76
19,14,62825,77
19,14,62825,78
19,14,62825,79
19,14,62825,80
19,14,62825,81
19,14,62825,82
19,14,62825,83
19,14,62825,84
19,14,62825,85
19,14,62825,86
19,14,62825,87
19,14,62825,88
19,14,62825,89
19,14,62825,90
19,14,62825,91
19,14,62825,92
19,14,62825,93
19,14,62825,94
19,14,62825,95
19,14,62825,96
19,14,62825,97
19,14,62825,98
19,14,62825,99
19,14,62825,100
19,14,62825,101
19,14,62825,102
19,14,62825,103
19,14,62825,104
19,14,62825,105
19,14,62825,106
19,14,62825,107
19,14,62825,108
19,14,62825,109
19,14,62825,110
19,14,62825,111
19,14,62825,112
19,14,62825,113
19,14,62825,114
19,14,62825,115
19,14,62825,116
19,14,62825,117
19,14,62825,118
19,14,62825,119
19,14,62825,120
19,14,62825,121
19,14,62825,122
19,14,62825,123
19,14,62825,124
19,14,62825,125
19,14,62825,126
19,14,62825,127
19,14,62825,128
19,14,62825,129
19,14,62825,130
19,14,62825,131
19,14,62825,132
19,14,62825,133
19,14,62825,134
19,14,62825,135
19,14,62825,136
19,14,62825,137
19,14,62825,138
19,14,62825,139
19,14,62825,140
19,14,62825,141
19,14,62825,142
19,14,62825,143
19,14,62825,144
19,14,62825,145
19,14,62825,146
19,14,62825,147
19,14,62825,148
19,14,62825,149
19,14,62825,150
19,14,62825,151
19,14,62825,152
19,14,62825,153
19,14,62825,154
19,14,62825,155
19,14,62825,156
19,14,62825,157
19,14,62825,158
19,14,62825,159
19,14,62825,160
19,14,62825,161
19,14,62825,162
19,14,62825,163
19,14,62825,164
19,14,62825,165
19,14,62825,166
19,14,62825,167
19,14,62825,168
19,14,62825,169
19,14,62825,170
19,14,62825,171
19,14,62825,172
19,14,62825,173
19,14,62825,174
19,14,62825,175
19,14,62825,176
19,14,62825,177
19,14,62825,178
19,14,62825,179
19,14,62825,180
19,14,62825,181
19,14,62825,182
19,14,62825,183
19,14,62825,184
19,14,62825,185
19,14,62825,186
19,14,62825,187
19,14,62825,188
19,14,62825,189
19,14,62825,190
19,14,62825,191
19,14,62825,192
19,14,62825,193
19,14,62825,194
19,14,62825,195
19,14,62825,196
19,14,62825,197
19,14,62825,198
19,14,62825,199
19,39,87620,0
19,39,87620,1
19,39,87620,2
19,39,87620,3
19,39,87620,4
19,39,87620,5
19,39,87620,6
19,39,87620,7
19,39,87620,8
19,39,87620,9
19,39,87620,10
19,39,87620,11
19,39,87620,12
19,39,87620,13
19,39,87620,14
19,39,87620,15
19,39,87620,16
19,39,87620,17
19,39,87620,18
19,39,87620,19
19,39,87620,20
19,39,87620,21
19,39,87620,22
19,39,87620,23
19,39,87620,24
19,39,87620,25
19,39,87620,26
19,39,87620,27
19,39,87620,28
19,39,87620,29
19,39,87620,30
19,39,87620,31
19,39,87620,32
19,39,87620,33
19,39,87620,34
19,39,87620,35
19,39,87620,36
19,39,87620,37
19,39,87620,38
19,39,87620,39
19,39,87620,40
19,39,87620,41
19,39,87620,42
19,39,87620,43
19,39,87620,44
19,39,87620,45
19,39,87620,46
19,39,87620,47
19,39,87620,48
19,39,87620,49
19,39,87620,50
19,39,87620,51
19,39,87620,52
19,39,87620,53
19,39,87620,54
19,39,87620,55
19,39,87620,56
19,39,87620,57
19,39,87620,58
19,39,87620,59
19,39,87620,60
19,39,87620,61
19,39,87620,62
19,39,87620,63
19,39,87620,64
19,39,87620,65
19,39,87620,66
19,39,87620,67
19,39,87620,68
19,39,87620,69
19,39,87620,70
19,39,87620,71
19,39,87620,72
19,39,87620,73
19,39,87620,74
19,39,87620,75
19,39,87620,76
19,39,87620,77
19,39,87620,78
19,39,87620,79
19,39,87620,80
19,39,87620,81
19,39,87620,82
19,39,87620,83
19,39,87620,84
19,39,87620,85
19,39,87620,86
19,39,87620,87
19,39,87620,88
19,39,87620,89
19,39,87620,90
19,39,87620,91
19,39,87620,92
19,39,87620,93
19,39,87620,94
19,39,87620,95
19,39,87620,96
19,39,87620,97
19,39,87620,98
19,39,87620,99
19,39,87620,100
19,39,87620,101
19,39,87620,102
19,39,87620,103
19,39,87620,104
19,39,87620,105
19,39,87620,106
19,39,87620,107
19,39,87620,108
19,39,87620,109
19,39,87620,110
19,39,87620,111
19,39,87620,112
19,39,87620,113
19,39,87620,114
19,39,87620,115
19,39,87620,116
19,39,87620,117
19,39,87620,118
19,39,87620,119
19,39,87620,120
19,39,87620,121
19,39,87620,122
19,39,87620,123
19,39,87620,124
19,39,87620,125
19,39,87620,126
19,39,87620,127
19,39,87620,128
19,39,87620,129
19,39,87620,130
19,39,87620,131
19,39,87620,132
19,39,87620,133
19,39,87620,134
19,39,87620,135
19,39,87620,136
19,39,87620,137
19,39,87620,138
19,39,87620,139
19,39,87620,140
19,39,87620,141
19,39,87620,142
19,39,87620,143
19,39,87620,144
19,39,87620,145
19,39,87620,146
19,39,87620,147
19,39,87620,148
19,39,87620,149
19,39,87620,150
19,39,87620,151
19,39,87620,152
19,39,87620,153
19,39,87620,154
19,39,87620,155
19,39,87620,156
19,39,87620,157
19,39,87620,158
19,39,87620,159
19,39,87620,160
19,39,87620,161
19,39,87620,162
19,39,87620,163
19,39,87620,164
19,39,87620,165
19,39,87620,166
19,39,87620,167
19,39,87620,168
19,39,87620,169
19,39,87620,170
19,39,87620,171
19,39,87620,172
19,39,87620,173
19,39,87620,174
19,39,87620,175
19,39,87620,176
19,39,87620,177
19,39,87620,178
19,39,87620,179
19,39,87620,180
19,39,87620,181
19,39,87620,182
19,39,87620,183
19,39,87620,184
19,39,87620,185
19,39,87620,186
19,39,87620,187
19,39,87620,188
19,39,87620,189
19,39,87620,190
19,39,87620,191
19,39,87620,192
19,39,87620,193
19,39,87620,194
19,39,87620,195
19,39,87620,196
19,39,87620,197
19,39,87620,198
19,39,87620,199
19,20,237080,0
19,20,237080,1
19,20,237080,2
19,20,237080,3
19,20,237080,4
19,20,237080,5
19,20,237080,6
19,20,237080,7
19,20,237080,8
19,20,237080,9
19,20,237080,10
19,20,237080,11
19,20,237080,12
19,20,237080,13
19,20,237080,14
19,20,237080,15
19,20,237080,16
19,20,237080,17
19,20,237080,18
19,20,237080,19
19,20,237080,20
19,20,237080,21
19,20,237080,22
19,20,237080,23
19,20,237080,24
19,20,237080,25
19,20,237080,26
19,20,237080,27
19,20,237080,28
19,20,237080,29
19,20,237080,30
19,20,237080,31
19,20,237080,32
19,20,237080,33
19,20,237080,34
19,20,237080,35
19,20,237080,36
19,20,237080,37
19,20,237080,38
19,20,237080,39
19,20,237080,40
19,20,237080,41
19,20,237080,42
19,20,237080,43
19,20,237080,44
19,20,237080,45
19,20,237080,46
19,20,237080,47
19,20,237080,48
19,20,237080,49
19,20,237080,50
19,20,237080,51
19,20,237080,52
19,20,237080,53
19,20,237080,54
19,20,237080,55
19,20,237080,56
19,20,237080,57
19,20,237080,58
19,20,237080,59
19,20,237080,60
19,20,237080,61
19,20,237080,62
19,20,237080,63
19,20,237080,64
19,20,237080,65
19,20,237080,66
19,20,237080,67
19,20,237080,68
19,20,237080,69
19,20,237080,70
19,20,237080,71
19,20,237080,72
19,20,237080,73
19,20,237080,74
19,20,237080,75
19,20,237080,76
19,20,237080,77
19,20,237080,78
19,20,237080,79
19,20,237080,80
19,20,237080,81
19,20,237080,82
19,20,237080,83
19,20,237080,84
19,20,237080,85
19,20,237080,86
19,20,237080,87
19,20,237080,88
19,20,237080,89
19,20,237080,90
19,20,237080,91
19,20,237080,92
19,20,237080,93
19,20,237080,94
19,20,237080,95
19,20,237080,96
19,20,237080,97
19,20,237080,98
19,20,237080,99
19,20,237080,100
19,20,237080,101
19,20,237080,102
19,20,237080,103
19,20,237080,104
19,20,237080,105
19,20,237080,106
19,20,237080,107
19,20,237080,108
19,20,237080,109
19,20,237080,110
19,20,237080,111
19,20,237080,112
19,20,237080,113
19,20,237080,114
19,20,237080,115
19,20,237080,116
19,20,237080,117
19,20,237080,118
19,20,237080,119
19,20,237080,120
19,20,237080,121
19,20,237080,122
19,20,237080,123
19,20,237080,124
19,20,237080,125
19,20,237080,126
19,20,237080,127
19,20,237080,128
19,20,237080,129
19,20,237080,130
19,20,237080,131
19,20,237080,132
19,20,237080,133
19,20,237080,134
19,20,237080,135
19,20,237080,136
19,20,237080,137
19,20,237080,138
19,20,237080,139
19,20,237080,140
19,20,237080,141
19,20,237080,142
19,20,237080,143
19,20,237080,144
19,20,237080,145
19,20,237080,146
19,20,237080,147
19,20,237080,148
19,20,237080,149
19,20,237080,150
19,20,237080,151
19,20,237080,152
19,20,237080,153
19,20,237080,154
19,20,237080,155
19,20,237080,156
19,20,237080,157
19,20,237080,158
19,20,237080,159
19,20,237080,160
19,20,237080,161
19,20,237080,162
19,20,237080,163
19,20,237080,164
19,20,237080,165
19,20,237080,166
19,20,237080,167
19,20,237080,168
19,20,237080,169
19,20,237080,170
19,20,237080,171
19,20,237080,172
19,20,237080,173
19,20,237080,174
19,20,237080,175
19,20,237080,176
19,20,237080,177
19,20,237080,178
19,20,237080,179
19,20,237080,180
19,20,237080,181
19,20,237080,182
19,20,237080,183
19,20,237080,184
19,20,237080,185
19,20,237080,186
19,20,237080,187
19,20,237080,188
19,20,237080,189
19,20,237080,190
19,20,237080,191
19,20,237080,192
19,20,237080,193
19,20,237080,194
19,20,237080,195
19,20,237080,196
19,20,237080,197
19,20,237080,198
19,20,237080,199
19,27,73975,0
19,27,73975,1
19,27,73975,2
19,27,73975,3
19,27,73975,4
19,27,73975,5
19,27,73975,6
19,27,73975,7
19,27,73975,8
19,27,73975,9
19,27,73975,10
19,27,73975,11
19,27,73975,12
19,27,73975,13
19,27,73975,14
19,27,73975,15
19,27,73975,16
19,27,73975,17
19,27,73975,18
19,27,73975,19
19,27,73975,20
19,27,73975,21
19,27,73975,22
19,27,73975,23
19,27,73975,24
19,27,73975,25
19,27,73975,26
19,27,73975,27
19,27,73975,28
19,27,73975,29
19,27,73975,30
19,27,73975,31
19,27,73975,32
19,27,73975,33
19,27,73975,34
19,27,73975,35
19,27,73975,36
19,27,73975,37
19,27,73975,38
19,27,73975,39
19,27,73975,40
19,27,73975,41
19,27,73975,42
19,27,73975,43
19,27,73975,44
19,27,73975,45
19,27,73975,46
19,27,73975,47
19,27,73975,48
19,27,73975,49
19,27,73975,50
19,27,73975,51
19,27,73975,52
19,27,73975,53
19,27,73975,54
19,27,73975,55
19,27,73975,56
19,27,73975,57
19,27,73975,58
19,27,73975,59
19,27,73975,60
19,27,73975,61
19,27,73975,62
19,27,73975,63
19,27,73975,64
19,27,73975,65
19,27,73975,66
19,27,73975,67
19,27,73975,68
19,27,73975,69
19,27,73975,70
19,27,73975,71
19,27,73975,72
19,27,73975,73
19,27,73975,74
19,27,73975,75
19,27,73975,76
19,27,73975,77
19,27,73975,78
19,27,73975,79
19,27,73975,80
19,27,73975,81
19,27,73975,82
19,27,73975,83
19,27,73975,84
19,27,73975,85
19,27,73975,86
19,27,73975,87
19,27,73975,88
19,27,73975,89
19,27,73975,90
19,27,73975,91
19,27,73975,92
19,27,73975,93
19,27,73975,94
19,27,73975,95
19,27,73975,96
19,27,73975,97
19,27,73975,98
19,27,73975,99
19,27,73975,100
19,27,73975,101
19,27,73975,102
19,27,73975,103
19,27,73975,104
19,27,73975,105
19,27,73975,106
19,27,73975,107
19,27,73975,108
19,27,73975,109
19,27,73975,110
19,27,73975,111
19,27,73975,112
19,27,73975,113
19,27,73975,114
19,27,73975,115
19,27,73975,116
19,27,73975,117
19,27,73975,118
19,27,73975,119
19,27,73975,120
19,27,73975,121
19,27,73975,122
19,27,73975,123
19,27,73975,124
19,27,73975,125
19,27,73975,126
19,27,73975,127
19,27,73975,128
19,27,73975,129
19,27,73975,130
19,27,73975,131
19,27,73975,132
19,27,73975,133
19,27,73975,134
19,27,73975,135
19,27,73975,136
19,27,73975,137
19,27,73975,138
19,27,73975,139
19,27,73975,140
19,27,73975,141
19,27,73975,142
19,27,73975,143
19,27,73975,144
19,27,73975,145
19,27,73975,146
19,27,73975,147
19,27,73975,148
19,27,73975,149
19,27,73975,150
19,27,73975,151
19,27,73975,152
19,27,73975,153
19,27,73975,154
19,27,73975,155
19,27,73975,156
19,27,73975,157
19,27,73975,158
19,27,73975,159
19,27,73975,160
19,27,73975,161
19,27,73975,162
19,27,73975,163
19,27,73975,164
19,27,73975,165
19,27,73975,166
19,27,73975,167
19,27,73975,168
19,27,73975,169
19,27,73975,170
19,27,73975,171
19,27,73975,172
19,27,73975,173
19,27,73975,174
19,27,73975,175
19,27,73975,176
19,27,73975,177
19,27,73975,178
19,27,73975,179
19,27,73975,180
19,27,73975,181
19,27,73975,182
19,27,73975,183
19,27,73975,184
19,27,73975,185
19,27,73975,186
19,27,73975,187
19,27,73975,188
19,27,73975,189
19,27,73975,190
19,27,73975,191
19,27,73975,192
19,27,73975,193
19,27,73975,194
19,27,73975,195
19,27,73975,196
19,27,73975,197
19,27,73975,198
19,27,73975,199
17,0,224700,0
17,0,224700,1
17,0,224700,2
17,0,224700,3
17,0,224700,4
17,0,224700,5
17,0,224700,6
17,0,224700,7
17,0,224700,8
17,0,224700,9
17,0,224700,10
17,0,224700,11
17,0,224700,12
17,0,224700,13
17,0,224700,14
17,0,224700,15
17,0,224700,16
17,0,224700,17
17,0,224700,18
17,0,224700,19
17,0,224700,20
17,0,224700,21
17,0,224700,22
17,0,224700,23
17,0,224700,24
17,0,224700,25
17,0,224700,26
17,0,224700,27
17,0,224700,28
17,0,224700,29
17,0,224700,30
17,0,224700,31
17,0,224700,32
17,0,224700,33
17,0,224700,34
17,0,224700,35
17,0,224700,36
17,0,224700,37
17,0,224700,38
17,0,224700,39
17,0,224700,40
17,0,224700,41
17,0,224700,42
17,0,224700,43
17,0,224700,44
17,0,224700,45
17,0,224700,46
17,0,224700,47
17,0,224700,48
17,0,224700,49
17,0,224700,50
17,0,224700,51
17,0,224700,52
17,0,224700,53
17,0,224700,54
17,0,224700,55
17,0,224700,56
17,0,224700,57
17,0,224700,58
17,0,224700,59
17,0,224700,60
17,0,224700,61
17,0,224700,62
17,0,224700,63
17,0,224700,64
17,0,224700,65
17,0,224700,66
17,0,224700,67
17,0,224700,68
17,0,224700,69
17,0,224700,70
17,0,224700,71
17,0,224700,72
17,0,224700,73
17,0,224700,74
17,0,224700,75
17,0,224700,76
17,0,224700,77
17,0,224700,78
17,0,224700,79
17,0,224700,80
17,0,224700,81
17,0,224700,82
17,0,224700,83
17,0,224700,84
17,0,224700,85
17,0,224700,86
17,0,224700,87
17,0,224700,88
17,0,224700,89
17,0,224700,90
17,0,224700,91
17,0,224700,92
17,0,224700,93
17,0,224700,94
17,0,224700,95
17,0,224700,96
17,0,224700,97
17,0,224700,98
17,0,224700,99
17,0,224700,100
17,0,224700,101
17,0,224700,102
17,0,224700,103
17,0,224700,104
17,0,224700,105
17,0,224700,106
17,0,224700,107
17,0,224700,108
17,0,224700,109
17,0,224700,110
17,0,224700,111
17,0,224700,112
17,0,224700,113
17,0,224700,114
17,0,224700,115
17,0,224700,116
17,0,224700,117
17,0,224700,118
17,0,224700,119
17,0,224700,120
17,0,224700,121
17,0,224700,122
17,0,224700,123
17,0,224700,124
17,0,224700,125
17,0,224700,126
17,0,224700,127
17,0,224700,128
17,0,224700,129
17,0,224700,130
17,0,224700,131
17,0,224700,132
17,0,224700,133
17,0,224700,134
17,0,224700,135
17,0,224700,136
17,0,224700,137
17,0,224700,138
17,0,224700,139
17,0,224700,140
17,0,224700,141
17,0,224700,142
17,0,224700,143
17,0,224700,144
17,0,224700,145
17,0,224700,146
17,0,224700,147
17,0,224700,148
17,0,224700,149
17,0,224700,150
17,0,224700,151
17,0,224700,152
17,0,224700,153
17,0,224700,154
17,0,224700,155
17,0,224700,156
17,0,224700,157
17,0,224700,158
17,0,224700,159
17,0,224700,160
17,0,224700,161
17,0,224700,162
17,0,224700,163
17,0,224700,164
17,0,224700,165
17,0,224700,166
17,0,224700,167
17,0,224700,168
17,0,224700,169
17,0,224700,170
17,0,224700,171
17,0,224700,172
17,0,224700,173
17,0,224700,174
17,0,224700,175
17,0,224700,176
17,0,224700,177
17,0,224700,178
17,0,224700,179
17,0,224700,180
17,0,224700,181
17,0,224700,182
17,0,224700,183
17,0,224700,184
17,0,224700,185
17,0,224700,186
17,0,224700,187
17,0,224700,188
17,0,224700,189
17,0,224700,190
17,0,224700,191
17,0,224700,192
17,0,224700,193
17,0,224700,194
17,0,224700,195
17,0,224700,196
17,0,224700,197
17,0,224700,198
17,0,224700,199
17,26,237505,0
17,26,237505,1
17,26,237505,2
17,26,237505,3
17,26,237505,4
17,26,237505,5
17,26,237505,6
17,26,237505,7
17,26,237505,8
17,26,237505,9
17,26,237505,10
17,26,237505,11
17,26,237505,12
17,26,237505,13
17,26,237505,14
17,26,237505,15
17,26,237505,16
17,26,237505,17
17,26,237505,18
17,26,237505,19
17,26,237505,20
17,26,237505,21
17,26,237505,22
17,26,237505,23
17,26,237505,24
17,26,237505,25
17,26,237505,26
17,26,237505,27
17,26,237505,28
17,26,237505,29
17,26,237505,30
17,26,237505,31
17,26,237505,32
17,26,237505,33
17,26,237505,34
17,26,237505,35
17,26,237505,36
17,26,237505,37
17,26,237505,38
17,26,237505,39
17,26,237505,40
17,26,237505,41
17,26,237505,42
17,26,237505,43
17,26,237505,44
17,26,237505,45
17,26,237505,46
17,26,237505,47
17,26,237505,48
17,26,237505,49
17,26,237505,50
17,26,237505,51
17,26,237505,52
17,26,237505,53
17,26,237505,54
17,26,237505,55
17,26,237505,56
17,26,237505,57
17,26,237505,58
17,26,237505,59
17,26,237505,60
17,26,237505,61
17,26,237505,62
17,26,237505,63
17,26,237505,64
17,26,237505,65
17,26,237505,66
17,26,237505,67
17,26,237505,68
17,26,237505,69
17,26,237505,70
17,26,237505,71
17,26,237505,72
17,26,237505,73
17,26,237505,74
17,26,237505,75
17,26,237505,76
17,26,237505,77
17,26,237505,78
17,26,237505,79
17,26,237505,80
17,26,237505,81
17,26,237505,82
17,26,237505,83
17,26,237505,84
17,26,237505,85
17,26,237505,86
17,26,237505,87
17,26,237505,88
17,26,237505,89
17,26,237505,90
17,26,237505,91
17,26,237505,92
17,26,237505,93
17,26,237505,94
17,26,237505,95
17,26,237505,96
17,26,237505,97
17,26,237505,98
17,26,237505,99
17,26,237505,100
17,26,237505,101
17,26,237505,102
17,26,237505,103
17,26,237505,104
17,26,237505,105
17,26,237505,106
17,26,237505,107
17,26,237505,108
17,26,237505,109
17,26,237505,110
17,26,237505,111
17,26,237505,112
17,26,237505,113
17,26,237505,114
17,26,237505,115
17,26,237505,116
17,26,237505,117
17,26,237505,118
17,26,237505,119
17,26,237505,120
17,26,237505,121
17,26,237505,122
17,26,237505,123
17,26,237505,124
17,26,237505,125
17,26,237505,126
17,26,237505,127
17,26,237505,128
17,26,237505,129
17,26,237505,130
17,26,237505,131
17,26,237505,132
17,26,237505,133
17,26,237505,134
17,26,237505,135
17,26,237505,136
17,26,237505,137
17,26,237505,138
17,26,237505,139
17,26,237505,140
17,26,237505,141
17,26,237505,142
17,26,237505,143
17,26,237505,144
17,26,237505,145
17,26,237505,146
17,26,237505,147
17,26,237505,148
17,26,237505,149
17,26,237505,150
17,26,237505,151
17,26,237505,152
17,26,237505,153
17,26,237505,154
17,26,237505,155
17,26,237505,156
17,26,237505,157
17,26,237505,158
17,26,237505,159
17,26,237505,160
17,26,237505,161
17,26,237505,162
17,26,237505,163
17,26,237505,164
17,26,237505,165
17,26,237505,166
17,26,237505,167
17,26,237505,168
17,26,237505,169
17,26,237505,170
17,26,237505,171
17,26,237505,172
17,26,237505,173
17,26,237505,174
17,26,237505,175
17,26,237505,176
17,26,237505,177
17,26,237505,178
17,26,237505,179
17,26,237505,180
17,26,237505,181
17,26,237505,182
17,26,237505,183
17,26,237505,184
17,26,237505,185
17,26,237505,186
17,26,237505,187
17,26,237505,188
17,26,237505,189
17,26,237505,190
17,26,237505,191
17,26,237505,192
17,26,237505,193
17,26,237505,194
17,26,237505,195
17,26,237505,196
17,26,237505,197
17,26,237505,198
17,26,237505,199
17,1,103540,0
17,1,103540,1
17,1,103540,2
17,1,103540,3
17,1,103540,4
17,1,103540,5
17,1,103540,6
17,1,103540,7
17,1,103540,8
17,1,103540,9
17,1,103540,10
17,1,103540,11
17,1,103540,12
17,1,103540,13
17,1,103540,14
17,1,103540,15
17,1,103540,16
17,1,103540,17
17,1,103540,18
17,1,103540,19
17,1,103540,20
17,1,103540,21
17,1,103540,22
17,1,103540,23
17,1,103540,24
17,1,103540,25
17,1,103540,26
17,1,103540,27
17,1,103540,28
17,1,103540,29
17,1,103540,30
17,1,103540,31
17,1,103540,32
17,1,103540,33
17,1,103540,34
17,1,103540,35
17,1,103540,36
17,1,103540,37
17,1,103540,38
17,1,103540,39
17,1,103540,40
17,1,103540,41
17,1,103540,42
17,1,103540,43
17,1,103540,44
17,1,103540,45
17,1,103540,46
17,1,103540,47
17,1,103540,48
17,1,103540,49
17,1,103540,50
17,1,103540,51
17,1,103540,52
17,1,103540,53
17,1,103540,54
17,1,103540,55
17,1,103540,56
17,1,103540,57
17,1,103540,58
17,1,103540,59
17,1,103540,60
17,1,103540,61
17,1,103540,62
17,1,103540,63
17,1,103540,64
17,1,103540,65
17,1,103540,66
17,1,103540,67
17,1,103540,68
17,1,103540,69
17,1,103540,70
17,1,103540,71
17,1,103540,72
17,1,103540,73
17,1,103540,74
17,1,103540,75
17,1,103540,76
17,1,103540,77
17,1,103540,78
17,1,103540,79
17,1,103540,80
17,1,103540,81
17,1,103540,82
17,1,103540,83
17,1,103540,84
17,1,103540,85
17,1,103540,86
17,1,103540,87
17,1,103540,88
17,1,103540,89
17,1,103540,90
17,1,103540,91
17,1,103540,92
17,1,103540,93
17,1,103540,94
17,1,103540,95
17,1,103540,96
17,1,103540,97
17,1,103540,98
17,1,103540,99
17,1,103540,100
17,1,103540,101
17,1,103540,102
17,1,103540,103
17,1,103540,104
17,1,103540,105
17,1,103540,106
17,1,103540,107
17,1,103540,108
17,1,103540,109
17,1,103540,110
17,1,103540,111
17,1,103540,112
17,1,103540,113
17,1,103540,114
17,1,103540,115
17,1,103540,116
17,1,103540,117
17,1,103540,118
17,1,103540,119
17,1,103540,120
17,1,103540,121
17,1,103540,122
17,1,103540,123
17,1,103540,124
17,1,103540,125
17,1,103540,126
17,1,103540,127
17,1,103540,128
17,1,103540,129
17,1,103540,130
17,1,103540,131
17,1,103540,132
17,1,103540,133
17,1,103540,134
17,1,103540,135
17,1,103540,136
17,1,103540,137
17,1,103540,138
17,1,103540,139
17,1,103540,140
17,1,103540,141
17,1,103540,142
17,1,103540,143
17,1,103540,144
17,1,103540,145
17,1,103540,146
17,1,103540,147
17,1,103540,148
17,1,103540,149
17,1,103540,150
17,1,103540,151
17,1,103540,152
17,1,103540,153
17,1,103540,154
17,1,103540,155
17,1,103540,156
17,1,103540,157
17,1,103540,158
17,1,103540,159
17,1,103540,160
17,1,103540,161
17,1,103540,162
17,1,103540,163
17,1,103540,164
17,1,103540,165
17,1,103540,166
17,1,103540,167
17,1,103540,168
17,1,103540,169
17,1,103540,170
17,1,103540,171
17,1,103540,172
17,1,103540,173
17,1,103540,174
17,1,103540,175
17,1,103540,176
17,1,103540,177
17,1,103540,178
17,1,103540,179
17,1,103540,180
17,1,103540,181
17,1,103540,182
17,1,103540,183
17,1,103540,184
17,1,103540,185
17,1,103540,186
17,1,103540,187
17,1,103540,188
17,1,103540,189
17,1,103540,190
17,1,103540,191
17,1,103540,192
17,1,103540,193
17,1,103540,194
17,1,103540,195
17,1,103540,196
17,1,103540,197
17,1,103540,198
17,1,103540,199
17,19,706505,0
17,19,706505,1
17,19,706505,2
17,19,706505,3
17,19,706505,4
17,19,706505,5
17,19,706505,6
17,19,706505,7
17,19,706505,8
17,19,706505,9
17,19,706505,10
17,19,706505,11
17,19,706505,12
17,19,706505,13
17,19,706505,14
17,19,706505,15
17,19,706505,16
17,19,706505,17
17,19,706505,18
17,19,706505,19
17,19,706505,20
17,19,706505,21
17,19,706505,22
17,19,706505,23
17,19,706505,24
17,19,706505,25
17,19,706505,26
17,19,706505,27
17,19,706505,28
17,19,706505,29
17,19,706505,30
17,19,706505,31
17,19,706505,32
17,19,706505,33
17,19,706505,34
17,19,706505,35
17,19,706505,36
17,19,706505,37
17,19,706505,38
17,19,706505,39
17,19,706505,40
17,19,706505,41
17,19,706505,42
17,19,706505,43
17,19,706505,44
17,19,706505,45
17,19,706505,46
17,19,706505,47
17,19,706505,48
17,19,706505,49
17,19,706505,50
17,19,706505,51
17,19,706505,52
17,19,706505,53
17,19,706505,54
17,19,706505,55
17,19,706505,56
17,19,706505,57
17,19,706505,58
17,19,706505,59
17,19,706505,60
17,19,706505,61
17,19,706505,62
17,19,706505,63
17,19,706505,64
17,19,706505,65
17,19,706505,66
17,19,706505,67
17,19,706505,68
17,19,706505,69
17,19,706505,70
17,19,706505,71
17,19,706505,72
17,19,706505,73
17,19,706505,74
17,19,706505,75
17,19,706505,76
17,19,706505,77
17,19,706505,78
17,19,706505,79
17,19,706505,80
17,19,706505,81
17,19,706505,82
17,19,706505,83
17,19,706505,84
17,19,706505,85
17,19,706505,86
17,19,706505,87
17,19,706505,88
17,19,706505,89
17,19,706505,90
17,19,706505,91
17,19,706505,92
17,19,706505,93
17,19,706505,94
17,19,706505,95
17,19,706505,96
17,19,706505,97
17,19,706505,98
17,19,706505,99
17,19,706505,100
17,19,706505,101
17,19,706505,102
17,19,706505,103
17,19,706505,104
17,19,706505,105
17,19,706505,106
17,19,706505,107
17,19,706505,108
17,19,706505,109
17,19,706505,110
17,19,706505,111
17,19,706505,112
17,19,706505,113
17,19,706505,114
17,19,706505,115
17,19,706505,116
17,19,706505,117
17,19,706505,118
17,19,706505,119
17,19,706505,120
17,19,706505,121
17,19,706505,122
17,19,706505,123
17,19,706505,124
17,19,706505,125
17,19,706505,126
17,19,706505,127
17,19,706505,128
17,19,706505,129
17,19,706505,130
17,19,706505,131
17,19,706505,132
17,19,706505,133
17,19,706505,134
17,19,706505,135
17,19,706505,136
17,19,706505,137
17,19,706505,138
17,19,706505,139
17,19,706505,140
17,19,706505,141
17,19,706505,142
17,19,706505,143
17,19,706505,144
17,19,706505,145
17,19,706505,146
17,19,706505,147
17,19,706505,148
17,19,706505,149
17,19,706505,150
17,19,706505,151
17,19,706505,152
17,19,706505,153
17,19,706505,154
17,19,706505,155
17,19,706505,156
17,19,706505,157
17,19,706505,158
17,19,706505,159
17,19,706505,160
17,19,706505,161
17,19,706505,162
17,19,706505,163
17,19,706505,164
17,19,706505,165
17,19,706505,166
17,19,706505,167
17,19,706505,168
17,19,706505,169
17,19,706505,170
17,19,706505,171
17,19,706505,172
17,19,706505,173
17,19,706505,174
17,19,706505,175
17,19,706505,176
17,19,706505,177
17,19,706505,178
17,19,706505,179
17,19,706505,180
17,19,706505,181
17,19,706505,182
17,19,706505,183
17,19,706505,184
17,19,706505,185
17,19,706505,186
17,19,706505,187
17,19,706505,188
17,19,706505,189
17,19,706505,190
17,19,706505,191
17,19,706505,192
17,19,706505,193
17,19,706505,194
17,19,706505,195
17,19,706505,196
17,19,706505,197
17,19,706505,198
17,19,706505,199
17,5,129070,0
17,5,129070,1
17,5,129070,2
17,5,129070,3
17,5,129070,4
17,5,129070,5
17,5,129070,6
17,5,129070,7
17,5,129070,8
17,5,129070,9
17,5,129070,10
17,5,129070,11
17,5,129070,12
17,5,129070,13
17,5,129070,14
17,5,129070,15
17,5,129070,16
17,5,129070,17
17,5,129070,18
17,5,129070,19
17,5,129070,20
17,5,129070,21
17,5,129070,22
17,5,129070,23
17,5,129070,24
17,5,129070,25
17,5,129070,26
17,5,129070,27
17,5,129070,28
17,5,129070,29
17,5,129070,30
17,5,129070,31
17,5,129070,32
17,5,129070,33
17,5,129070,34
17,5,129070,35
17,5,129070,36
17,5,129070,37
17,5,129070,38
17,5,129070,39
17,5,129070,40
17,5,129070,41
17,5,129070,42
17,5,129070,43
17,5,129070,44
17,5,129070,45
17,5,129070,46
17,5,129070,47
17,5,129070,48
17,5,129070,49
17,5,129070,50
17,5,129070,51
17,5,129070,52
17,5,129070,53
17,5,129070,54
17,5,129070,55
17,5,129070,56
17,5,129070,57
17,5,129070,58
17,5,129070,59
17,5,129070,60
17,5,129070,61
17,5,129070,62
17,5,129070,63
17,5,129070,64
17,5,129070,65
17,5,129070,66
17,5,129070,67
17,5,129070,68
17,5,129070,69
17,5,129070,70
17,5,129070,71
17,5,129070,72
17,5,129070,73
17,5,129070,74
17,5,129070,75
17,5,129070,76
17,5,129070,77
17,5,129070,78
17,5,129070,79
17,5,129070,80
17,5,129070,81
17,5,129070,82
17,5,129070,83
17,5,129070,84
17,5,129070,85
17,5,129070,86
17,5,129070,87
17,5,129070,88
17,5,129070,89
17,5,129070,90
17,5,129070,91
17,5,129070,92
17,5,129070,93
17,5,129070,94
17,5,129070,95
17,5,129070,96
17,5,129070,97
17,5,129070,98
17,5,129070,99
17,5,129070,100
17,5,129070,101
17,5,129070,102
17,5,129070,103
17,5,129070,104
17,5,129070,105
17,5,129070,106
17,5,129070,107
17,5,129070,108
17,5,129070,109
17,5,129070,110
17,5,129070,111
17,5,129070,112
17,5,129070,113
17,5,129070,114
17,5,129070,115
17,5,129070,116
17,5,129070,117
17,5,129070,118
17,5,129070,119
17,5,129070,120
17,5,129070,121
17,5,129070,122
17,5,129070,123
17,5,129070,124
17,5,129070,125
17,5,129070,126
17,5,129070,127
17,5,129070,128
17,5,129070,129
17,5,129070,130
17,5,129070,131
17,5,129070,132
17,5,129070,133
17,5,129070,134
17,5,129070,135
17,5,129070,136
17,5,129070,137
17,5,129070,138
17,5,129070,139
17,5,129070,140
17,5,129070,141
17,5,129070,142
17,5,129070,143
17,5,129070,144
17,5,129070,145
17,5,129070,146
17,5,129070,147
17,5,129070,148
17,5,129070,149
17,5,129070,150
17,5,129070,151
17,5,129070,152
17,5,129070,153
17,5,129070,154
17,5,129070,155
17,5,129070,156
17,5,129070,157
17,5,129070,158
17,5,129070,159
17,5,129070,160
17,5,129070,161
17,5,129070,162
17,5,129070,163
17,5,129070,164
17,5,129070,165
17,5,129070,166
17,5,129070,167
17,5,129070,168
17,5,129070,169
17,5,129070,170
17,5,129070,171
17,5,129070,172
17,5,129070,173
17,5,129070,174
17,5,129070,175
17,5,129070,176
17,5,129070,177
17,5,129070,178
17,5,129070,179
17,5,129070,180
17,5,129070,181
17,5,129070,182
17,5,129070,183
17,5,129070,184
17,5,129070,185
17,5,129070,186
17,5,129070,187
17,5,129070,188
17,5,129070,189
17,5,129070,190
17,5,129070,191
17,5,129070,192
17,5,129070,193
17,5,129070,194
17,5,129070,195
17,5,129070,196
17,5,129070,197
17,5,129070,198
17,5,129070,199
17,9,127410,0
17,9,127410,1
17,9,127410,2
17,9,127410,3
17,9,127410,4
17,9,127410,5
17,9,127410,6
17,9,127410,7
17,9,127410,8
17,9,127410,9
17,9,127410,10
17,9,127410,11
17,9,127410,12
17,9,127410,13
17,9,127410,14
17,9,127410,15
17,9,127410,16
17,9,127410,17
17,9,127410,18
17,9,127410,19
17,9,127410,20
17,9,127410,21
17,9,127410,22
17,9,127410,23
17,9,127410,24
17,9,127410,25
17,9,127410,26
17,9,127410,27
17,9,127410,28
17,9,127410,29
17,9,127410,30
17,9,127410,31
17,9,127410,32
17,9,127410,33
17,9,127410,34
17,9,127410,35
17,9,127410,36
17,9,127410,37
17,9,127410,38
17,9,127410,39
17,9,127410,40
17,9,127410,41
17,9,127410,42
17,9,127410,43
17,9,127410,44
17,9,127410,45
17,9,127410,46
17,9,127410,47
17,9,127410,48
17,9,127410,49
17,9,127410,50
17,9,127410,51
17,9,127410,52
17,9,127410,53
17,9,127410,54
17,9,127410,55
17,9,127410,56
17,9,127410,57
17,9,127410,58
17,9,127410,59
17,9,127410,60
17,9,127410,61
17,9,127410,62
17,9,127410,63
17,9,127410,64
17,9,127410,65
17,9,127410,66
17,9,127410,67
17,9,127410,68
17,9,127410,69
17,9,127410,70
17,9,127410,71
17,9,127410,72
17,9,127410,73
17,9,127410,74
17,9,127410,75
17,9,127410,76
17,9,127410,77
17,9,127410,78
17,9,127410,79
17,9,127410,80
17,9,127410,81
17,9,127410,82
17,9,127410,83
17,9,127410,84
17,9,127410,85
17,9,127410,86
17,9,127410,87
17,9,127410,88
17,9,127410,89
17,9,127410,90
17,9,127410,91
17,9,127410,92
17,9,127410,93
17,9,127410,94
17,9,127410,95
17,9,127410,96
17,9,127410,97
17,9,127410,98
17,9,127410,99
17,9,127410,100
17,9,127410,101
17,9,127410,102
17,9,127410,103
17,9,127410,104
17,9,127410,105
17,9,127410,106
17,9,127410,107
17,9,127410,108
17,9,127410,109
17,9,127410,110
17,9,127410,111
17,9,127410,112
17,9,127410,113
17,9,127410,114
17,9,127410,115
17,9,127410,116
17,9,127410,117
17,9,127410,118
17,9,127410,119
17,9,127410,120
17,9,127410,121
17,9,127410,122
17,9,127410,123
17,9,127410,124
17,9,127410,125
17,9,127410,126
17,9,127410,127
17,9,127410,128
17,9,127410,129
17,9,127410,130
17,9,127410,131
17,9,127410,132
17,9,127410,133
17,9,127410,134
17,9,127410,135
17,9,127410,136
17,9,127410,137
17,9,127410,138
17,9,127410,139
17,9,127410,140
17,9,127410,141
17,9,127410,142
17,9,127410,143
17,9,127410,144
17,9,127410,145
17,9,127410,146
17,9,127410,147
17,9,127410,148
17,9,127410,149
17,9,127410,150
17,9,127410,151
17,9,127410,152
17,9,127410,153
17,9,127410,154
17,9,127410,155
17,9,127410,156
17,9,127410,157
17,9,127410,158
17,9,127410,159
17,9,127410,160
17,9,127410,161
17,9,127410,162
17,9,127410,163
17,9,127410,164
17,9,127410,165
17,9,127410,166
17,9,127410,167
17,9,127410,168
17,9,127410,169
17,9,127410,170
17,9,127410,171
17,9,127410,172
17,9,127410,173
17,9,127410,174
17,9,127410,175
17,9,127410,176
17,9,127410,177
17,9,127410,178
17,9,127410,179
17,9,127410,180
17,9,127410,181
17,9,127410,182
17,9,127410,183
17,9,127410,184
17,9,127410,185
17,9,127410,186
17,9,127410,187
17,9,127410,188
17,9,127410,189
17,9,127410,190
17,9,127410,191
17,9,127410,192
17,9,127410,193
17,9,127410,194
17,9,127410,195
17,9,127410,196
17,9,127410,197
17,9,127410,198
17,9,127410,199
17,21,61640,0
17,21,61640,1
17,21,61640,2
17,21,61640,3
17,21,61640,4
17,21,61640,5
17,21,61640,6
17,21,61640,7
17,21,61640,8
17,21,61640,9
17,21,61640,10
17,21,61640,11
17,21,61640,12
17,21,61640,13
17,21,61640,14
17,21,61640,15
17,21,61640,16
17,21,61640,17
17,21,61640,18
17,21,61640,19
17,21,61640,20
17,21,61640,21
17,21,61640,22
17,21,61640,23
17,21,61640,24
17,21,61640,25
17,21,61640,26
17,21,61640,27
17,21,61640,28
17,21,61640,29
17,21,61640,30
17,21,61640,31
17,21,61640,32
17,21,61640,33
17,21,61640,34
17,21,61640,35
17,21,61640,36
17,21,61640,37
17,21,61640,38
17,21,61640,39
17,21,61640,40
17,21,61640,41
17,21,61640,42
17,21,61640,43
17,21,61640,44
17,21,61640,45
17,21,61640,46
17,21,61640,47
17,21,61640,48
17,21,61640,49
17,21,61640,50
17,21,61640,51
17,21,61640,52
17,21,61640,53
17,21,61640,54
17,21,61640,55
17,21,61640,56
17,21,61640,57
17,21,61640,58
17,21,61640,59
17,21,61640,60
17,21,61640,61
17,21,61640,62
17,21,61640,63
17,21,61640,64
17,21,61640,65
17,21,61640,66
17,21,61640,67
17,21,61640,68
17,21,61640,69
17,21,61640,70
17,21,61640,71
17,21,61640,72
17,21,61640,73
17,21,61640,74
17,21,61640,75
17,21,61640,76
17,21,61640,77
17,21,61640,78
17,21,61640,79
17,21,61640,80
17,21,61640,81
17,21,61640,82
17,21,61640,83
17,21,61640,84
17,21,61640,85
17,21,61640,86
17,21,61640,87
17,21,61640,88
17,21,61640,89
17,21,61640,90
17,21,61640,91
17,21,61640,92
17,21,61640,93
17,21,61640,94
17,21,61640,95
17,21,61640,96
17,21,61640,97
17,21,61640,98
17,21,61640,99
17,21,61640,100
17,21,61640,101
17,21,61640,102
17,21,61640,103
17,21,61640,104
17,21,61640,105
17,21,61640,106
17,21,61640,107
17,21,61640,108
17,21,61640,109
17,21,61640,110
17,21,61640,111
17,21,61640,112
17,21,61640,113
17,21,61640,114
17,21,61640,115
17,21,61640,116
17,21,61640,117
17,21,61640,118
17,21,61640,119
17,21,61640,120
17,21,61640,121
17,21,61640,122
17,21,61640,123
17,21,61640,124
17,21,61640,125
17,21,61640,126
17,21,61640,127
17,21,61640,128
17,21,61640,129
17,21,61640,130
17,21,61640,131
17,21,61640,132
17,21,61640,133
17,21,61640,134
17,21,61640,135
17,21,61640,136
17,21,61640,137
17,21,61640,138
17,21,61640,139
17,21,61640,140
17,21,61640,141
17,21,61640,142
17,21,61640,143
17,21,61640,144
17,21,61640,145
17,21,61640,146
17,21,61640,147
17,21,61640,148
17,21,61640,149
17,21,61640,150
17,21,61640,151
17,21,61640,152
17,21,61640,153
17,21,61640,154
17,21,61640,155
17,21,61640,156
17,21,61640,157
17,21,61640,158
17,21,61640,159
17,21,61640,160
17,21,61640,161
17,21,61640,162
17,21,61640,163
17,21,61640,164
17,21,61640,165
17,21,61640,166
17,21,61640,167
17,21,61640,168
17,21,61640,169
17,21,61640,170
17,21,61640,171
17,21,61640,172
17,21,61640,173
17,21,61640,174
17,21,61640,175
17,21,61640,176
17,21,61640,177
17,21,61640,178
17,21,61640,179
17,21,61640,180
17,21,61640,181
17,21,61640,182
17,21,61640,183
17,21,61640,184
17,21,61640,185
17,21,61640,186
17,21,61640,187
17,21,61640,188
17,21,61640,189
17,21,61640,190
17,21,61640,191
17,21,61640,192
17,21,61640,193
17,21,61640,194
17,21,61640,195
17,21,61640,196
17,21,61640,197
17,21,61640,198
17,21,61640,199
17,14,27520,0
17,14,27520,1
17,14,27520,2
17,14,27520,3
17,14,27520,4
17,14,27520,5
17,14,27520,6
17,14,27520,7
17,14,27520,8
17,14,27520,9
17,14,27520,10
17,14,27520,11
17,14,27520,12
17,14,27520,13
17,14,27520,14
17,14,27520,15
17,14,27520,16
17,14,27520,17
17,14,27520,18
17,14,27520,19
17,14,27520,20
17,14,27520,21
17,14,27520,22
17,14,27520,23
17,14,27520,24
17,14,27520,25
17,14,27520,26
17,14,27520,27
17,14,27520,28
17,14,27520,29
17,14,27520,30
17,14,27520,31
17,14,27520,32
17,14,27520,33
17,14,27520,34
17,14,27520,35
17,14,27520,36
17,14,27520,37
17,14,27520,38
17,14,27520,39
17,14,27520,40
17,14,27520,41
17,14,27520,42
17,14,27520,43
17,14,27520,44
17,14,27520,45
17,14,27520,46
17,14,27520,47
17,14,27520,48
17,14,27520,49
17,14,27520,50
17,14,27520,51
17,14,27520,52
17,14,27520,53
17,14,27520,54
17,14,27520,55
17,14,27520,56
17,14,27520,57
17,14,27520,58
17,14,27520,59
17,14,27520,60
17,14,27520,61
17,14,27520,62
17,14,27520,63
17,14,27520,64
17,14,27520,65
17,14,27520,66
17,14,27520,67
17,14,27520,68
17,14,27520,69
17,14,27520,70
17,14,27520,71
17,14,27520,72
17,14,27520,73
17,14,27520,74
17,14,27520,75
17,14,27520,76
17,14,27520,77
17,14,27520,78
17,14,27520,79
17,14,27520,80
17,14,27520,81
17,14,27520,82
17,14,27520,83
17,14,27520,84
17,14,27520,85
17,14,27520,86
17,14,27520,87
17,14,27520,88
17,14,27520,89
17,14,27520,90
17,14,27520,91
17,14,27520,92
17,14,27520,93
17,14,27520,94
17,14,27520,95
17,14,27520,96
17,14,27520,97
17,14,27520,98
17,14,27520,99
17,14,27520,100
17,14,27520,101
17,14,27520,102
17,14,27520,103
17,14,27520,104
17,14,27520,105
17,14,27520,106
17,14,27520,107
17,14,27520,108
17,14,27520,109
17,14,27520,110
17,14,27520,111
17,14,27520,112
17,14,27520,113
17,14,27520,114
17,14,27520,115
17,14,27520,116
17,14,27520,117
17,14,27520,118
17,14,27520,119
17,14,27520,120
17,14,27520,121
17,14,27520,122
17,14,27520,123
17,14,27520,124
17,14,27520,125
17,14,27520,126
17,14,27520,127
17,14,27520,128
17,14,27520,129
17,14,27520,130
17,14,27520,131
17,14,27520,132
17,14,27520,133
17,14,27520,134
17,14,27520,135
17,14,27520,136
17,14,27520,137
17,14,27520,138
17,14,27520,139
17,14,27520,140
17,14,27520,141
17,14,27520,142
17,14,27520,143
17,14,27520,144
17,14,27520,145
17,14,27520,146
17,14,27520,147
17,14,27520,148
17,14,27520,149
17,14,27520,150
17,14,27520,151
17,14,27520,152
17,14,27520,153
17,14,27520,154
17,14,27520,155
17,14,27520,156
17,14,27520,157
17,14,27520,158
17,14,27520,159
17,14,27520,160
17,14,27520,161
17,14,27520,162
17,14,27520,163
17,14,27520,164
17,14,27520,165
17,14,27520,166
17,14,27520,167
17,14,27520,168
17,14,27520,169
17,14,27520,170
17,14,27520,171
17,14,27520,172
17,14,27520,173
17,14,27520,174
17,14,27520,175
17,14,27520,176
17,14,27520,177
17,14,27520,178
17,14,27520,179
17,14,27520,180
17,14,27520,181
17,14,27520,182
17,14,27520,183
17,14,27520,184
17,14,27520,185
17,14,27520,186
17,14,27520,187
17,14,27520,188
17,14,27520,189
17,14,27520,190
17,14,27520,191
17,14,27520,192
17,14,27520,193
17,14,27520,194
17,14,27520,195
17,14,27520,196
17,14,27520,197
17,14,27520,198
17,14,27520,199
17,39,36495,0
17,39,36495,1
17,39,36495,2
17,39,36495,3
17,39,36495,4
17,39,36495,5
17,39,36495,6
17,39,36495,7
17,39,36495,8
17,39,36495,9
17,39,36495,10
17,39,36495,11
17,39,36495,12
17,39,36495,13
17,39,36495,14
17,39,36495,15
17,39,36495,16
17,39,36495,17
17,39,36495,18
17,39,36495,19
17,39,36495,20
17,39,36495,21
17,39,36495,22
17,39,36495,23
17,39,36495,24
17,39,36495,25
17,39,36495,26
17,39,36495,27
17,39,36495,28
17,39,36495,29
17,39,36495,30
17,39,36495,31
17,39,36495,32
17,39,36495,33
17,39,36495,34
17,39,36495,35
17,39,36495,36
17,39,36495,37
17,39,36495,38
17,39,36495,39
17,39,36495,40
17,39,36495,41
17,39,36495,42
17,39,36495,43
17,39,36495,44
17,39,36495,45
17,39,36495,46
17,39,36495,47
17,39,36495,48
17,39,36495,49
17,39,36495,50
17,39,36495,51
17,39,36495,52
17,39,36495,53
17,39,36495,54
17,39,36495,55
17,39,36495,56
17,39,36495,57
17,39,36495,58
17,39,36495,59
17,39,36495,60
17,39,36495,61
17,39,36495,62
17,39,36495,63
17,39,36495,64
17,39,36495,65
17,39,36495,66
17,39,36495,67
17,39,36495,68
17,39,36495,69
17,39,36495,70
17,39,36495,71
17,39,36495,72
17,39,36495,73
17,39,36495,74
17,39,36495,75
17,39,36495,76
17,39,36495,77
17,39,36495,78
17,39,36495,79
17,39,36495,80
17,39,36495,81
17,39,36495,82
17,39,36495,83
17,39,36495,84
17,39,36495,85
17,39,36495,86
17,39,36495,87
17,39,36495,88
17,39,36495,89
17,39,36495,90
17,39,36495,91
17,39,36495,92
17,39,36495,93
17,39,36495,94
17,39,36495,95
17,39,36495,96
17,39,36495,97
17,39,36495,98
17,39,36495,99
17,39,36495,100
17,39,36495,101
17,39,36495,102
17,39,36495,103
17,39,36495,104
17,39,36495,105
17,39,36495,106
17,39,36495,107
17,39,36495,108
17,39,36495,109
17,39,36495,110
17,39,36495,111
17,39,36495,112
17,39,36495,113
17,39,36495,114
17,39,36495,115
17,39,36495,116
17,39,36495,117
17,39,36495,118
17,39,36495,119
17,39,36495,120
17,39,36495,121
17,39,36495,122
17,39,36495,123
17,39,36495,124
17,39,36495,125
17,39,36495,126
17,39,36495,127
17,39,36495,128
17,39,36495,129
17,39,36495,130
17,39,36495,131
17,39,36495,132
17,39,36495,133
17,39,36495,134
17,39,36495,135
17,39,36495,136
17,39,36495,137
17,39,36495,138
17,39,36495,139
17,39,36495,140
17,39,36495,141
17,39,36495,142
17,39,36495,143
17,39,36495,144
17,39,36495,145
17,39,36495,146
17,39,36495,147
17,39,36495,148
17,39,36495,149
17,39,36495,150
17,39,36495,151
17,39,36495,152
17,39,36495,153
17,39,36495,154
17,39,36495,155
17,39,36495,156
17,39,36495,157
17,39,36495,158
17,39,36495,159
17,39,36495,160
17,39,36495,161
17,39,36495,162
17,39,36495,163
17,39,36495,164
17,39,36495,165
17,39,36495,166
17,39,36495,167
17,39,36495,168
17,39,36495,169
17,39,36495,170
17,39,36495,171
17,39,36495,172
17,39,36495,173
17,39,36495,174
17,39,36495,175
17,39,36495,176
17,39,36495,177
17,39,36495,178
17,39,36495,179
17,39,36495,180
17,39,36495,181
17,39,36495,182
17,39,36495,183
17,39,36495,184
17,39,36495,185
17,39,36495,186
17,39,36495,187
17,39,36495,188
17,39,36495,189
17,39,36495,190
17,39,36495,191
17,39,36495,192
17,39,36495,193
17,39,36495,194
17,39,36495,195
17,39,36495,196
17,39,36495,197
17,39,36495,198
17,39,36495,199
17,20,127395,0
17,20,127395,1
17,20,127395,2
17,20,127395,3
17,20,127395,4
17,20,127395,5
17,20,127395,6
17,20,127395,7
17,20,127395,8
17,20,127395,9
17,20,127395,10
17,20,127395,11
17,20,127395,12
17,20,127395,13
17,20,127395,14
17,20,127395,15
17,20,127395,16
17,20,127395,17
17,20,127395,18
17,20,127395,19
17,20,127395,20
17,20,127395,21
17,20,127395,22
17,20,127395,23
17,20,127395,24
17,20,127395,25
17,20,127395,26
17,20,127395,27
17,20,127395,28
17,20,127395,29
17,20,127395,30
17,20,127395,31
17,20,127395,32
17,20,127395,33
17,20,127395,34
17,20,127395,35
17,20,127395,36
17,20,127395,37
17,20,127395,38
17,20,127395,39
17,20,127395,40
17,20,127395,41
17,20,127395,42
17,20,127395,43
17,20,127395,44
17,20,127395,45
17,20,127395,46
17,20,127395,47
17,20,127395,48
17,20,127395,49
17,20,127395,50
17,20,127395,51
17,20,127395,52
17,20,127395,53
17,20,127395,54
17,20,127395,55
17,20,127395,56
17,20,127395,57
17,20,127395,58
17,20,127395,59
17,20,127395,60
17,20,127395,61
17,20,127395,62
17,20,127395,63
17,20,127395,64
17,20,127395,65
17,20,127395,66
17,20,127395,67
17,20,127395,68
17,20,127395,69
17,20,127395,70
17,20,127395,71
17,20,127395,72
17,20,127395,73
17,20,127395,74
17,20,127395,75
17,20,127395,76
17,20,127395,77
17,20,127395,78
17,20,127395,79
17,20,127395,80
17,20,127395,81
17,20,127395,82
17,20,127395,83
17,20,127395,84
17,20,127395,85
17,20,127395,86
17,20,127395,87
17,20,127395,88
17,20,127395,89
17,20,127395,90
17,20,127395,91
17,20,127395,92
17,20,127395,93
17,20,127395,94
17,20,127395,95
17,20,127395,96
17,20,127395,97
17,20,127395,98
17,20,127395,99
17,20,127395,100
17,20,127395,101
17,20,127395,102
17,20,127395,103
17,20,127395,104
17,20,127395,105
17,20,127395,106
17,20,127395,107
17,20,127395,108
17,20,127395,109
17,20,127395,110
17,20,127395,111
17,20,127395,112
17,20,127395,113
17,20,127395,114
17,20,127395,115
17,20,127395,116
17,20,127395,117
17,20,127395,118
17,20,127395,119
17,20,127395,120
17,20,127395,121
17,20,127395,122
17,20,127395,123
17,20,127395,124
17,20,127395,125
17,20,127395,126
17,20,127395,127
17,20,127395,128
17,20,127395,129
17,20,127395,130
17,20,127395,131
17,20,127395,132
17,20,127395,133
17,20,127395,134
17,20,127395,135
17,20,127395,136
17,20,127395,137
17,20,127395,138
17,20,127395,139
17,20,127395,140
17,20,127395,141
17,20,127395,142
17,20,127395,143
17,20,127395,144
17,20,127395,145
17,20,127395,146
17,20,127395,147
17,20,127395,148
17,20,127395,149
17,20,127395,150
17,20,127395,151
17,20,127395,152
17,20,127395,153
17,20,127395,154
17,20,127395,155
17,20,127395,156
17,20,127395,157
17,20,127395,158
17,20,127395,159
17,20,127395,160
17,20,127395,161
17,20,127395,162
17,20,127395,163
17,20,127395,164
17,20,127395,165
17,20,127395,166
17,20,127395,167
17,20,127395,168
17,20,127395,169
17,20,127395,170
17,20,127395,171
17,20,127395,172
17,20,127395,173
17,20,127395,174
17,20,127395,175
17,20,127395,176
17,20,127395,177
17,20,127395,178
17,20,127395,179
17,20,127395,180
17,20,127395,181
17,20,127395,182
17,20,127395,183
17,20,127395,184
17,20,127395,185
17,20,127395,186
17,20,127395,187
17,20,127395,188
17,20,127395,189
17,20,127395,190
17,20,127395,191
17,20,127395,192
17,20,127395,193
17,20,127395,194
17,20,127395,195
17,20,127395,196
17,20,127395,197
17,20,127395,198
17,20,127395,199
17,27,33495,0
17,27,33495,1
17,27,33495,2
17,27,33495,3
17,27,33495,4
17,27,33495,5
17,27,33495,6
17,27,33495,7
17,27,33495,8
17,27,33495,9
17,27,33495,10
17,27,33495,11
17,27,33495,12
17,27,33495,13
17,27,33495,14
17,27,33495,15
17,27,33495,16
17,27,33495,17
17,27,33495,18
17,27,33495,19
17,27,33495,20
17,27,33495,21
17,27,33495,22
17,27,33495,23
17,27,33495,24
17,27,33495,25
17,27,33495,26
17,27,33495,27
17,27,33495,28
17,27,33495,29
17,27,33495,30
17,27,33495,31
17,27,33495,32
17,27,33495,33
17,27,33495,34
17,27,33495,35
17,27,33495,36
17,27,33495,37
17,27,33495,38
17,27,33495,39
17,27,33495,40
17,27,33495,41
17,27,33495,42
17,27,33495,43
17,27,33495,44
17,27,33495,45
17,27,33495,46
17,27,33495,47
17,27,33495,48
17,27,33495,49
17,27,33495,50
17,27,33495,51
17,27,33495,52
17,27,33495,53
17,27,33495,54
17,27,33495,55
17,27,33495,56
17,27,33495,57
17,27,33495,58
17,27,33495,59
17,27,33495,60
17,27,33495,61
17,27,33495,62
17,27,33495,63
17,27,33495,64
17,27,33495,65
17,27,33495,66
17,27,33495,67
17,27,33495,68
17,27,33495,69
17,27,33495,70
17,27,33495,71
17,27,33495,72
17,27,33495,73
17,27,33495,74
17,27,33495,75
17,27,33495,76
17,27,33495,77
17,27,33495,78
17,27,33495,79
17,27,33495,80
17,27,33495,81
17,27,33495,82
17,27,33495,83
17,27,33495,84
17,27,33495,85
17,27,33495,86
17,27,33495,87
17,27,33495,88
17,27,33495,89
17,27,33495,90
17,27,33495,91
17,27,33495,92
17,27,33495,93
17,27,33495,94
17,27,33495,95
17,27,33495,96
17,27,33495,97
17,27,33495,98
17,27,33495,99
17,27,33495,100
17,27,33495,101
17,27,33495,102
17,27,33495,103
17,27,33495,104
17,27,33495,105
17,27,33495,106
17,27,33495,107
17,27,33495,108
17,27,33495,109
17,27,33495,110
17,27,33495,111
17,27,33495,112
17,27,33495,113
17,27,33495,114
17,27,33495,115
17,27,33495,116
17,27,33495,117
17,27,33495,118
17,27,33495,119
17,27,33495,120
17,27,33495,121
17,27,33495,122
17,27,33495,123
17,27,33495,124
17,27,33495,125
17,27,33495,126
17,27,33495,127
17,27,33495,128
17,27,33495,129
17,27,33495,130
17,27,33495,131
17,27,33495,132
17,27,33495,133
17,27,33495,134
17,27,33495,135
17,27,33495,136
17,27,33495,137
17,27,33495,138
17,27,33495,139
17,27,33495,140
17,27,33495,141
17,27,33495,142
17,27,33495,143
17,27,33495,144
17,27,33495,145
17,27,33495,146
17,27,33495,147
17,27,33495,148
17,27,33495,149
17,27,33495,150
17,27,33495,151
17,27,33495,152
17,27,33495,153
17,27,33495,154
17,27,33495,155
17,27,33495,156
17,27,33495,157
17,27,33495,158
17,27,33495,159
17,27,33495,160
17,27,33495,161
17,27,33495,162
17,27,33495,163
17,27,33495,164
17,27,33495,165
17,27,33495,166
17,27,33495,167
17,27,33495,168
17,27,33495,169
17,27,33495,170
17,27,33495,171
17,27,33495,172
17,27,33495,173
17,27,33495,174
17,27,33495,175
17,27,33495,176
17,27,33495,177
17,27,33495,178
17,27,33495,179
17,27,33495,180
17,27,33495,181
17,27,33495,182
17,27,33495,183
17,27,33495,184
17,27,33495,185
17,27,33495,186
17,27,33495,187
17,27,33495,188
17,27,33495,189
17,27,33495,190
17,27,33495,191
17,27,33495,192
17,27,33495,193
17,27,33495,194
17,27,33495,195
17,27,33495,196
17,27,33495,197
17,27,33495,198
17,27,33495,199
3,0,16150,0
3,0,16150,1
3,0,16150,2
3,0,16150,3
3,0,16150,4
3,0,16150,5
3,0,16150,6
3,0,16150,7
3,0,16150,8
3,0,16150,9
3,0,16150,10
3,0,16150,11
3,0,16150,12
3,0,16150,13
3,0,16150,14
3,0,16150,15
3,0,16150,16
3,0,16150,17
3,0,16150,18
3,0,16150,19
3,0,16150,20
3,0,16150,21
3,0,16150,22
3,0,16150,23
3,0,16150,24
3,0,16150,25
3,0,16150,26
3,0,16150,27
3,0,16150,28
3,0,16150,29
3,0,16150,30
3,0,16150,31
3,0,16150,32
3,0,16150,33
3,0,16150,34
3,0,16150,35
3,0,16150,36
3,0,16150,37
3,0,16150,38
3,0,16150,39
3,0,16150,40
3,0,16150,41
3,0,16150,42
3,0,16150,43
3,0,16150,44
3,0,16150,45
3,0,16150,46
3,0,16150,47
3,0,16150,48
3,0,16150,49
3,0,16150,50
3,0,16150,51
3,0,16150,52
3,0,16150,53
3,0,16150,54
3,0,16150,55
3,0,16150,56
3,0,16150,57
3,0,16150,58
3,0,16150,59
3,0,16150,60
3,0,16150,61
3,0,16150,62
3,0,16150,63
3,0,16150,64
3,0,16150,65
3,0,16150,66
3,0,16150,67
3,0,16150,68
3,0,16150,69
3,0,16150,70
3,0,16150,71
3,0,16150,72
3,0,16150,73
3,0,16150,74
3,0,16150,75
3,0,16150,76
3,0,16150,77
3,0,16150,78
3,0,16150,79
3,0,16150,80
3,0,16150,81
3,0,16150,82
3,0,16150,83
3,0,16150,84
3,0,16150,85
3,0,16150,86
3,0,16150,87
3,0,16150,88
3,0,16150,89
3,0,16150,90
3,0,16150,91
3,0,16150,92
3,0,16150,93
3,0,16150,94
3,0,16150,95
3,0,16150,96
3,0,16150,97
3,0,16150,98
3,0,16150,99
3,0,16150,100
3,0,16150,101
3,0,16150,102
3,0,16150,103
3,0,16150,104
3,0,16150,105
3,0,16150,106
3,0,16150,107
3,0,16150,108
3,0,16150,109
3,0,16150,110
3,0,16150,111
3,0,16150,112
3,0,16150,113
3,0,16150,114
3,0,16150,115
3,0,16150,116
3,0,16150,117
3,0,16150,118
3,0,16150,119
3,0,16150,120
3,0,16150,121
3,0,16150,122
3,0,16150,123
3,0,16150,124
3,0,16150,125
3,0,16150,126
3,0,16150,127
3,0,16150,128
3,0,16150,129
3,0,16150,130
3,0,16150,131
3,0,16150,132
3,0,16150,133
3,0,16150,134
3,0,16150,135
3,0,16150,136
3,0,16150,137
3,0,16150,138
3,0,16150,139
3,0,16150,140
3,0,16150,141
3,0,16150,142
3,0,16150,143
3,0,16150,144
3,0,16150,145
3,0,16150,146
3,0,16150,147
3,0,16150,148
3,0,16150,149
3,0,16150,150
3,0,16150,151
3,0,16150,152
3,0,16150,153
3,0,16150,154
3,0,16150,155
3,0,16150,156
3,0,16150,157
3,0,16150,158
3,0,16150,159
3,0,16150,160
3,0,16150,161
3,0,16150,162
3,0,16150,163
3,0,16150,164
3,0,16150,165
3,0,16150,166
3,0,16150,167
3,0,16150,168
3,0,16150,169
3,0,16150,170
3,0,16150,171
3,0,16150,172
3,0,16150,173
3,0,16150,174
3,0,16150,175
3,0,16150,176
3,0,16150,177
3,0,16150,178
3,0,16150,179
3,0,16150,180
3,0,16150,181
3,0,16150,182
3,0,16150,183
3,0,16150,184
3,0,16150,185
3,0,16150,186
3,0,16150,187
3,0,16150,188
3,0,16150,189
3,0,16150,190
3,0,16150,191
3,0,16150,192
3,0,16150,193
3,0,16150,194
3,0,16150,195
3,0,16150,196
3,0,16150,197
3,0,16150,198
3,0,16150,199
3,26,19695,0
3,26,19695,1
3,26,19695,2
3,26,19695,3
3,26,19695,4
3,26,19695,5
3,26,19695,6
3,26,19695,7
3,26,19695,8
3,26,19695,9
3,26,19695,10
3,26,19695,11
3,26,19695,12
3,26,19695,13
3,26,19695,14
3,26,19695,15
3,26,19695,16
3,26,19695,17
3,26,19695,18
3,26,19695,19
3,26,19695,20
3,26,19695,21
3,26,19695,22
3,26,19695,23
3,26,19695,24
3,26,19695,25
3,26,19695,26
3,26,19695,27
3,26,19695,28
3,26,19695,29
3,26,19695,30
3,26,19695,31
3,26,19695,32
3,26,19695,33
3,26,19695,34
3,26,19695,35
3,26,19695,36
3,26,19695,37
3,26,19695,38
3,26,19695,39
3,26,19695,40
3,26,19695,41
3,26,19695,42
3,26,19695,43
3,26,19695,44
3,26,19695,45
3,26,19695,46
3,26,19695,47
3,26,19695,48
3,26,19695,49
3,26,19695,50
3,26,19695,51
3,26,19695,52
3,26,19695,53
3,26,19695,54
3,26,19695,55
3,26,19695,56
3,26,19695,57
3,26,19695,58
3,26,19695,59
3,26,19695,60
3,26,19695,61
3,26,19695,62
3,26,19695,63
3,26,19695,64
3,26,19695,65
3,26,19695,66
3,26,19695,67
3,26,19695,68
3,26,19695,69
3,26,19695,70
3,26,19695,71
3,26,19695,72
3,26,19695,73
3,26,19695,74
3,26,19695,75
3,26,19695,76
3,26,19695,77
3,26,19695,78
3,26,19695,79
3,26,19695,80
3,26,19695,81
3,26,19695,82
3,26,19695,83
3,26,19695,84
3,26,19695,85
3,26,19695,86
3,26,19695,87
3,26,19695,88
3,26,19695,89
3,26,19695,90
3,26,19695,91
3,26,19695,92
3,26,19695,93
3,26,19695,94
3,26,19695,95
3,26,19695,96
3,26,19695,97
3,26,19695,98
3,26,19695,99
3,26,19695,100
3,26,19695,101
3,26,19695,102
3,26,19695,103
3,26,19695,104
3,26,19695,105
3,26,19695,106
3,26,19695,107
3,26,19695,108
3,26,19695,109
3,26,19695,110
3,26,19695,111
3,26,19695,112
3,26,19695,113
3,26,19695,114
3,26,19695,115
3,26,19695,116
3,26,19695,117
3,26,19695,118
3,26,19695,119
3,26,19695,120
3,26,19695,121
3,26,19695,122
3,26,19695,123
3,26,19695,124
3,26,19695,125
3,26,19695,126
3,26,19695,127
3,26,19695,128
3,26,19695,129
3,26,19695,130
3,26,19695,131
3,26,19695,132
3,26,19695,133
3,26,19695,134
3,26,19695,135
3,26,19695,136
3,26,19695,137
3,26,19695,138
3,26,19695,139
3,26,19695,140
3,26,19695,141
3,26,19695,142
3,26,19695,143
3,26,19695,144
3,26,19695,145
3,26,19695,146
3,26,19695,147
3,26,19695,148
3,26,19695,149
3,26,19695,150
3,26,19695,151
3,26,19695,152
3,26,19695,153
3,26,19695,154
3,26,19695,155
3,26,19695,156
3,26,19695,157
3,26,19695,158
3,26,19695,159
3,26,19695,160
3,26,19695,161
3,26,19695,162
3,26,19695,163
3,26,19695,164
3,26,19695,165
3,26,19695,166
3,26,19695,167
3,26,19695,168
3,26,19695,169
3,26,19695,170
3,26,19695,171
3,26,19695,172
3,26,19695,173
3,26,19695,174
3,26,19695,175
3,26,19695,176
3,26,19695,177
3,26,19695,178
3,26,19695,179
3,26,19695,180
3,26,19695,181
3,26,19695,182
3,26,19695,183
3,26,19695,184
3,26,19695,185
3,26,19695,186
3,26,19695,187
3,26,19695,188
3,26,19695,189
3,26,19695,190
3,26,19695,191
3,26,19695,192
3,26,19695,193
3,26,19695,194
3,26,19695,195
3,26,19695,196
3,26,19695,197
3,26,19695,198
3,26,19695,199
3,1,21710,0
3,1,21710,1
3,1,21710,2
3,1,21710,3
3,1,21710,4
3,1,21710,5
3,1,21710,6
3,1,21710,7
3,1,21710,8
3,1,21710,9
3,1,21710,10
3,1,21710,11
3,1,21710,12
3,1,21710,13
3,1,21710,14
3,1,21710,15
3,1,21710,16
3,1,21710,17
3,1,21710,18
3,1,21710,19
3,1,21710,20
3,1,21710,21
3,1,21710,22
3,1,21710,23
3,1,21710,24
3,1,21710,25
3,1,21710,26
3,1,21710,27
3,1,21710,28
3,1,21710,29
3,1,21710,30
3,1,21710,31
3,1,21710,32
3,1,21710,33
3,1,21710,34
3,1,21710,35
3,1,21710,36
3,1,21710,37
3,1,21710,38
3,1,21710,39
3,1,21710,40
3,1,21710,41
3,1,21710,42
3,1,21710,43
3,1,21710,44
3,1,21710,45
3,1,21710,46
3,1,21710,47
3,1,21710,48
3,1,21710,49
3,1,21710,50
3,1,21710,51
3,1,21710,52
3,1,21710,53
3,1,21710,54
3,1,21710,55
3,1,21710,56
3,1,21710,57
3,1,21710,58
3,1,21710,59
3,1,21710,60
3,1,21710,61
3,1,21710,62
3,1,21710,63
3,1,21710,64
3,1,21710,65
3,1,21710,66
3,1,21710,67
3,1,21710,68
3,1,21710,69
3,1,21710,70
3,1,21710,71
3,1,21710,72
3,1,21710,73
3,1,21710,74
3,1,21710,75
3,1,21710,76
3,1,21710,77
3,1,21710,78
3,1,21710,79
3,1,21710,80
3,1,21710,81
3,1,21710,82
3,1,21710,83
3,1,21710,84
3,1,21710,85
3,1,21710,86
3,1,21710,87
3,1,21710,88
3,1,21710,89
3,1,21710,90
3,1,21710,91
3,1,21710,92
3,1,21710,93
3,1,21710,94
3,1,21710,95
3,1,21710,96
3,1,21710,97
3,1,21710,98
3,1,21710,99
3,1,21710,100
3,1,21710,101
3,1,21710,102
3,1,21710,103
3,1,21710,104
3,1,21710,105
3,1,21710,106
3,1,21710,107
3,1,21710,108
3,1,21710,109
3,1,21710,110
3,1,21710,111
3,1,21710,112
3,1,21710,113
3,1,21710,114
3,1,21710,115
3,1,21710,116
3,1,21710,117
3,1,21710,118
3,1,21710,119
3,1,21710,120
3,1,21710,121
3,1,21710,122
3,1,21710,123
3,1,21710,124
3,1,21710,125
3,1,21710,126
3,1,21710,127
3,1,21710,128
3,1,21710,129
3,1,21710,130
3,1,21710,131
3,1,21710,132
3,1,21710,133
3,1,21710,134
3,1,21710,135
3,1,21710,136
3,1,21710,137
3,1,21710,138
3,1,21710,139
3,1,21710,140
3,1,21710,141
3,1,21710,142
3,1,21710,143
3,1,21710,144
3,1,21710,145
3,1,21710,146
3,1,21710,147
3,1,21710,148
3,1,21710,149
3,1,21710,150
3,1,21710,151
3,1,21710,152
3,1,21710,153
3,1,21710,154
3,1,21710,155
3,1,21710,156
3,1,21710,157
3,1,21710,158
3,1,21710,159
3,1,21710,160
3,1,21710,161
3,1,21710,162
3,1,21710,163
3,1,21710,164
3,1,21710,165
3,1,21710,166
3,1,21710,167
3,1,21710,168
3,1,21710,169
3,1,21710,170
3,1,21710,171
3,1,21710,172
3,1,21710,173
3,1,21710,174
3,1,21710,175
3,1,21710,176
3,1,21710,177
3,1,21710,178
3,1,21710,179
3,1,21710,180
3,1,21710,181
3,1,21710,182
3,1,21710,183
3,1,21710,184
3,1,21710,185
3,1,21710,186
3,1,21710,187
3,1,21710,188
3,1,21710,189
3,1,21710,190
3,1,21710,191
3,1,21710,192
3,1,21710,193
3,1,21710,194
3,1,21710,195
3,1,21710,196
3,1,21710,197
3,1,21710,198
3,1,21710,199
3,19,14280,0
3,19,14280,1
3,19,14280,2
3,19,14280,3
3,19,14280,4
3,19,14280,5
3,19,14280,6
3,19,14280,7
3,19,14280,8
3,19,14280,9
3,19,14280,10
3,19,14280,11
3,19,14280,12
3,19,14280,13
3,19,14280,14
3,19,14280,15
3,19,14280,16
3,19,14280,17
3,19,14280,18
3,19,14280,19
3,19,14280,20
3,19,14280,21
3,19,14280,22
3,19,14280,23
3,19,14280,24
3,19,14280,25
3,19,14280,26
3,19,14280,27
3,19,14280,28
3,19,14280,29
3,19,14280,30
3,19,14280,31
3,19,14280,32
3,19,14280,33
3,19,14280,34
3,19,14280,35
3,19,14280,36
3,19,14280,37
3,19,14280,38
3,19,14280,39
3,19,14280,40
3,19,14280,41
3,19,14280,42
3,19,14280,43
3,19,14280,44
3,19,14280,45
3,19,14280,46
3,19,14280,47
3,19,14280,48
3,19,14280,49
3,19,14280,50
3,19,14280,51
3,19,14280,52
3,19,14280,53
3,19,14280,54
3,19,14280,55
3,19,14280,56
3,19,14280,57
3,19,14280,58
3,19,14280,59
3,19,14280,60
3,19,14280,61
3,19,14280,62
3,19,14280,63
3,19,14280,64
3,19,14280,65
3,19,14280,66
3,19,14280,67
3,19,14280,68
3,19,14280,69
3,19,14280,70
3,19,14280,71
3,19,14280,72
3,19,14280,73
3,19,14280,74
3,19,14280,75
3,19,14280,76
3,19,14280,77
3,19,14280,78
3,19,14280,79
3,19,14280,80
3,19,14280,81
3,19,14280,82
3,19,14280,83
3,19,14280,84
3,19,14280,85
3,19,14280,86
3,19,14280,87
3,19,14280,88
3,19,14280,89
3,19,14280,90
3,19,14280,91
3,19,14280,92
3,19,14280,93
3,19,14280,94
3,19,14280,95
3,19,14280,96
3,19,14280,97
3,19,14280,98
3,19,14280,99
3,19,14280,100
3,19,14280,101
3,19,14280,102
3,19,14280,103
3,19,14280,104
3,19,14280,105
3,19,14280,106
3,19,14280,107
3,19,14280,108
3,19,14280,109
3,19,14280,110
3,19,14280,111
3,19,14280,112
3,19,14280,113
3,19,14280,114
3,19,14280,115
3,19,14280,116
3,19,14280,117
3,19,14280,118
3,19,14280,119
3,19,14280,120
3,19,14280,121
3,19,14280,122
3,19,14280,123
3,19,14280,124
3,19,14280,125
3,19,14280,126
3,19,14280,127
3,19,14280,128
3,19,14280,129
3,19,14280,130
3,19,14280,131
3,19,14280,132
3,19,14280,133
3,19,14280,134
3,19,14280,135
3,19,14280,136
3,19,14280,137
3,19,14280,138
3,19,14280,139
3,19,14280,140
3,19,14280,141
3,19,14280,142
3,19,14280,143
3,19,14280,144
3,19,14280,145
3,19,14280,146
3,19,14280,147
3,19,14280,148
3,19,14280,149
3,19,14280,150
3,19,14280,151
3,19,14280,152
3,19,14280,153
3,19,14280,154
3,19,14280,155
3,19,14280,156
3,19,14280,157
3,19,14280,158
3,19,14280,159
3,19,14280,160
3,19,14280,161
3,19,14280,162
3,19,14280,163
3,19,14280,164
3,19,14280,165
3,19,14280,166
3,19,14280,167
3,19,14280,168
3,19,14280,169
3,19,14280,170
3,19,14280,171
3,19,14280,172
3,19,14280,173
3,19,14280,174
3,19,14280,175
3,19,14280,176
3,19,14280,177
3,19,14280,178
3,19,14280,179
3,19,14280,180
3,19,14280,181
3,19,14280,182
3,19,14280,183
3,19,14280,184
3,19,14280,185
3,19,14280,186
3,19,14280,187
3,19,14280,188
3,19,14280,189
3,19,14280,190
3,19,14280,191
3,19,14280,192
3,19,14280,193
3,19,14280,194
3,19,14280,195
3,19,14280,196
3,19,14280,197
3,19,14280,198
3,19,14280,199
3,17,13280,0
3,17,13280,1
3,17,13280,2
3,17,13280,3
3,17,13280,4
3,17,13280,5
3,17,13280,6
3,17,13280,7
3,17,13280,8
3,17,13280,9
3,17,13280,10
3,17,13280,11
3,17,13280,12
3,17,13280,13
3,17,13280,14
3,17,13280,15
3,17,13280,16
3,17,13280,17
3,17,13280,18
3,17,13280,19
3,17,13280,20
3,17,13280,21
3,17,13280,22
3,17,13280,23
3,17,13280,24
3,17,13280,25
3,17,13280,26
3,17,13280,27
3,17,13280,28
3,17,13280,29
3,17,13280,30
3,17,13280,31
3,17,13280,32
3,17,13280,33
3,17,13280,34
3,17,13280,35
3,17,13280,36
3,17,13280,37
3,17,13280,38
3,17,13280,39
3,17,13280,40
3,17,13280,41
3,17,13280,42
3,17,13280,43
3,17,13280,44
3,17,13280,45
3,17,13280,46
3,17,13280,47
3,17,13280,48
3,17,13280,49
3,17,13280,50
3,17,13280,51
3,17,13280,52
3,17,13280,53
3,17,13280,54
3,17,13280,55
3,17,13280,56
3,17,13280,57
3,17,13280,58
3,17,13280,59
3,17,13280,60
3,17,13280,61
3,17,13280,62
3,17,13280,63
3,17,13280,64
3,17,13280,65
3,17,13280,66
3,17,13280,67
3,17,13280,68
3,17,13280,69
3,17,13280,70
3,17,13280,71
3,17,13280,72
3,17,13280,73
3,17,13280,74
3,17,13280,75
3,17,13280,76
3,17,13280,77
3,17,13280,78
3,17,13280,79
3,17,13280,80
3,17,13280,81
3,17,13280,82
3,17,13280,83
3,17,13280,84
3,17,13280,85
3,17,13280,86
3,17,13280,87
3,17,13280,88
3,17,13280,89
3,17,13280,90
3,17,13280,91
3,17,13280,92
3,17,13280,93
3,17,13280,94
3,17,13280,95
3,17,13280,96
3,17,13280,97
3,17,13280,98
3,17,13280,99
3,17,13280,100
3,17,13280,101
3,17,13280,102
3,17,13280,103
3,17,13280,104
3,17,13280,105
3,17,13280,106
3,17,13280,107
3,17,13280,108
3,17,13280,109
3,17,13280,110
3,17,13280,111
3,17,13280,112
3,17,13280,113
3,17,13280,114
3,17,13280,115
3,17,13280,116
3,17,13280,117
3,17,13280,118
3,17,13280,119
3,17,13280,120
3,17,13280,121
3,17,13280,122
3,17,13280,123
3,17,13280,124
3,17,13280,125
3,17,13280,126
3,17,13280,127
3,17,13280,128
3,17,13280,129
3,17,13280,130
3,17,13280,131
3,17,13280,132
3,17,13280,133
3,17,13280,134
3,17,13280,135
3,17,13280,136
3,17,13280,137
3,17,13280,138
3,17,13280,139
3,17,13280,140
3,17,13280,141
3,17,13280,142
3,17,13280,143
3,17,13280,144
3,17,13280,145
3,17,13280,146
3,17,13280,147
3,17,13280,148
3,17,13280,149
3,17,13280,150
3,17,13280,151
3,17,13280,152
3,17,13280,153
3,17,13280,154
3,17,13280,155
3,17,13280,156
3,17,13280,157
3,17,13280,158
3,17,13280,159
3,17,13280,160
3,17,13280,161
3,17,13280,162
3,17,13280,163
3,17,13280,164
3,17,13280,165
3,17,13280,166
3,17,13280,167
3,17,13280,168
3,17,13280,169
3,17,13280,170
3,17,13280,171
3,17,13280,172
3,17,13280,173
3,17,13280,174
3,17,13280,175
3,17,13280,176
3,17,13280,177
3,17,13280,178
3,17,13280,179
3,17,13280,180
3,17,13280,181
3,17,13280,182
3,17,13280,183
3,17,13280,184
3,17,13280,185
3,17,13280,186
3,17,13280,187
3,17,13280,188
3,17,13280,189
3,17,13280,190
3,17,13280,191
3,17,13280,192
3,17,13280,193
3,17,13280,194
3,17,13280,195
3,17,13280,196
3,17,13280,197
3,17,13280,198
3,17,13280,199
3,5,380050,0
3,5,380050,1
3,5,380050,2
3,5,380050,3
3,5,380050,4
3,5,380050,5
3,5,380050,6
3,5,380050,7
3,5,380050,8
3,5,380050,9
3,5,380050,10
3,5,380050,11
3,5,380050,12
3,5,380050,13
3,5,380050,14
3,5,380050,15
3,5,380050,16
3,5,380050,17
3,5,380050,18
3,5,380050,19
3,5,380050,20
3,5,380050,21
3,5,380050,22
3,5,380050,23
3,5,380050,24
3,5,380050,25
3,5,380050,26
3,5,380050,27
3,5,380050,28
3,5,380050,29
3,5,380050,30
3,5,380050,31
3,5,380050,32
3,5,380050,33
3,5,380050,34
3,5,380050,35
3,5,380050,36
3,5,380050,37
3,5,380050,38
3,5,380050,39
3,5,380050,40
3,5,380050,41
3,5,380050,42
3,5,380050,43
3,5,380050,44
3,5,380050,45
3,5,380050,46
3,5,380050,47
3,5,380050,48
3,5,380050,49
3,5,380050,50
3,5,380050,51
3,5,380050,52
3,5,380050,53
3,5,380050,54
3,5,380050,55
3,5,380050,56
3,5,380050,57
3,5,380050,58
3,5,380050,59
3,5,380050,60
3,5,380050,61
3,5,380050,62
3,5,380050,63
3,5,380050,64
3,5,380050,65
3,5,380050,66
3,5,380050,67
3,5,380050,68
3,5,380050,69
3,5,380050,70
3,5,380050,71
3,5,380050,72
3,5,380050,73
3,5,380050,74
3,5,380050,75
3,5,380050,76
3,5,380050,77
3,5,380050,78
3,5,380050,79
3,5,380050,80
3,5,380050,81
3,5,380050,82
3,5,380050,83
3,5,380050,84
3,5,380050,85
3,5,380050,86
3,5,380050,87
3,5,380050,88
3,5,380050,89
3,5,380050,90
3,5,380050,91
3,5,380050,92
3,5,380050,93
3,5,380050,94
3,5,380050,95
3,5,380050,96
3,5,380050,97
3,5,380050,98
3,5,380050,99
3,5,380050,100
3,5,380050,101
3,5,380050,102
3,5,380050,103
3,5,380050,104
3,5,380050,105
3,5,380050,106
3,5,380050,107
3,5,380050,108
3,5,380050,109
3,5,380050,110
3,5,380050,111
3,5,380050,112
3,5,380050,113
3,5,380050,114
3,5,380050,115
3,5,380050,116
3,5,380050,117
3,5,380050,118
3,5,380050,119
3,5,380050,120
3,5,380050,121
3,5,380050,122
3,5,380050,123
3,5,380050,124
3,5,380050,125
3,5,380050,126
3,5,380050,127
3,5,380050,128
3,5,380050,129
3,5,380050,130
3,5,380050,131
3,5,380050,132
3,5,380050,133
3,5,380050,134
3,5,380050,135
3,5,380050,136
3,5,380050,137
3,5,380050,138
3,5,380050,139
3,5,380050,140
3,5,380050,141
3,5,380050,142
3,5,380050,143
3,5,380050,144
3,5,380050,145
3,5,380050,146
3,5,380050,147
3,5,380050,148
3,5,380050,149
3,5,380050,150
3,5,380050,151
3,5,380050,152
3,5,380050,153
3,5,380050,154
3,5,380050,155
3,5,380050,156
3,5,380050,157
3,5,380050,158
3,5,380050,159
3,5,380050,160
3,5,380050,161
3,5,380050,162
3,5,380050,163
3,5,380050,164
3,5,380050,165
3,5,380050,166
3,5,380050,167
3,5,380050,168
3,5,380050,169
3,5,380050,170
3,5,380050,171
3,5,380050,172
3,5,380050,173
3,5,380050,174
3,5,380050,175
3,5,380050,176
3,5,380050,177
3,5,380050,178
3,5,380050,179
3,5,380050,180
3,5,380050,181
3,5,380050,182
3,5,380050,183
3,5,380050,184
3,5,380050,185
3,5,380050,186
3,5,380050,187
3,5,380050,188
3,5,380050,189
3,5,380050,190
3,5,380050,191
3,5,380050,192
3,5,380050,193
3,5,380050,194
3,5,380050,195
3,5,380050,196
3,5,380050,197
3,5,380050,198
3,5,380050,199
3,9,338020,0
3,9,338020,1
3,9,338020,2
3,9,338020,3
3,9,338020,4
3,9,338020,5
3,9,338020,6
3,9,338020,7
3,9,338020,8
3,9,338020,9
3,9,338020,10
3,9,338020,11
3,9,338020,12
3,9,338020,13
3,9,338020,14
3,9,338020,15
3,9,338020,16
3,9,338020,17
3,9,338020,18
3,9,338020,19
3,9,338020,20
3,9,338020,21
3,9,338020,22
3,9,338020,23
3,9,338020,24
3,9,338020,25
3,9,338020,26
3,9,338020,27
3,9,338020,28
3,9,338020,29
3,9,338020,30
3,9,338020,31
3,9,338020,32
3,9,338020,33
3,9,338020,34
3,9,338020,35
3,9,338020,36
3,9,338020,37
3,9,338020,38
3,9,338020,39
3,9,338020,40
3,9,338020,41
3,9,338020,42
3,9,338020,43
3,9,338020,44
3,9,338020,45
3,9,338020,46
3,9,338020,47
3,9,338020,48
3,9,338020,49
3,9,338020,50
3,9,338020,51
3,9,338020,52
3,9,338020,53
3,9,338020,54
3,9,338020,55
3,9,338020,56
3,9,338020,57
3,9,338020,58
3,9,338020,59
3,9,338020,60
3,9,338020,61
3,9,338020,62
3,9,338020,63
3,9,338020,64
3,9,338020,65
3,9,338020,66
3,9,338020,67
3,9,338020,68
3,9,338020,69
3,9,338020,70
3,9,338020,71
3,9,338020,72
3,9,338020,73
3,9,338020,74
3,9,338020,75
3,9,338020,76
3,9,338020,77
3,9,338020,78
3,9,338020,79
3,9,338020,80
3,9,338020,81
3,9,338020,82
3,9,338020,83
3,9,338020,84
3,9,338020,85
3,9,338020,86
3,9,338020,87
3,9,338020,88
3,9,338020,89
3,9,338020,90
3,9,338020,91
3,9,338020,92
3,9,338020,93
3,9,338020,94
3,9,338020,95
3,9,338020,96
3,9,338020,97
3,9,338020,98
3,9,338020,99
3,9,338020,100
3,9,338020,101
3,9,338020,102
3,9,338020,103
3,9,338020,104
3,9,338020,105
3,9,338020,106
3,9,338020,107
3,9,338020,108
3,9,338020,109
3,9,338020,110
3,9,338020,111
3,9,338020,112
3,9,338020,113
3,9,338020,114
3,9,338020,115
3,9,338020,116
3,9,338020,117
3,9,338020,118
3,9,338020,119
3,9,338020,120
3,9,338020,121
3,9,338020,122
3,9,338020,123
3,9,338020,124
3,9,338020,125
3,9,338020,126
3,9,338020,127
3,9,338020,128
3,9,338020,129
3,9,338020,130
3,9,338020,131
3,9,338020,132
3,9,338020,133
3,9,338020,134
3,9,338020,135
3,9,338020,136
3,9,338020,137
3,9,338020,138
3,9,338020,139
3,9,338020,140
3,9,338020,141
3,9,338020,142
3,9,338020,143
3,9,338020,144
3,9,338020,145
3,9,338020,146
3,9,338020,147
3,9,338020,148
3,9,338020,149
3,9,338020,150
3,9,338020,151
3,9,338020,152
3,9,338020,153
3,9,338020,154
3,9,338020,155
3,9,338020,156
3,9,338020,157
3,9,338020,158
3,9,338020,159
3,9,338020,160
3,9,338020,161
3,9,338020,162
3,9,338020,163
3,9,338020,164
3,9,338020,165
3,9,338020,166
3,9,338020,167
3,9,338020,168
3,9,338020,169
3,9,338020,170
3,9,338020,171
3,9,338020,172
3,9,338020,173
3,9,338020,174
3,9,338020,175
3,9,338020,176
3,9,338020,177
3,9,338020,178
3,9,338020,179
3,9,338020,180
3,9,338020,181
3,9,338020,182
3,9,338020,183
3,9,338020,184
3,9,338020,185
3,9,338020,186
3,9,338020,187
3,9,338020,188
3,9,338020,189
3,9,338020,190
3,9,338020,191
3,9,338020,192
3,9,338020,193
3,9,338020,194
3,9,338020,195
3,9,338020,196
3,9,338020,197
3,9,338020,198
3,9,338020,199
3,21,40085,0
3,21,40085,1
3,21,40085,2
3,21,40085,3
3,21,40085,4
3,21,40085,5
3,21,40085,6
3,21,40085,7
3,21,40085,8
3,21,40085,9
3,21,40085,10
3,21,40085,11
3,21,40085,12
3,21,40085,13
3,21,40085,14
3,21,40085,15
3,21,40085,16
3,21,40085,17
3,21,40085,18
3,21,40085,19
3,21,40085,20
3,21,40085,21
3,21,40085,22
3,21,40085,23
3,21,40085,24
3,21,40085,25
3,21,40085,26
3,21,40085,27
3,21,40085,28
3,21,40085,29
3,21,40085,30
3,21,40085,31
3,21,40085,32
3,21,40085,33
3,21,40085,34
3,21,40085,35
3,21,40085,36
3,21,40085,37
3,21,40085,38
3,21,40085,39
3,21,40085,40
3,21,40085,41
3,21,40085,42
3,21,40085,43
3,21,40085,44
3,21,40085,45
3,21,40085,46
3,21,40085,47
3,21,40085,48
3,21,40085,49
3,21,40085,50
3,21,40085,51
3,21,40085,52
3,21,40085,53
3,21,40085,54
3,21,40085,55
3,21,40085,56
3,21,40085,57
3,21,40085,58
3,21,40085,59
3,21,40085,60
3,21,40085,61
3,21,40085,62
3,21,40085,63
3,21,40085,64
3,21,40085,65
3,21,40085,66
3,21,40085,67
3,21,40085,68
3,21,40085,69
3,21,40085,70
3,21,40085,71
3,21,40085,72
3,21,40085,73
3,21,40085,74
3,21,40085,75
3,21,40085,76
3,21,40085,77
3,21,40085,78
3,21,40085,79
3,21,40085,80
3,21,40085,81
3,21,40085,82
3,21,40085,83
3,21,40085,84
3,21,40085,85
3,21,40085,86
3,21,40085,87
3,21,40085,88
3,21,40085,89
3,21,40085,90
3,21,40085,91
3,21,40085,92
3,21,40085,93
3,21,40085,94
3,21,40085,95
3,21,40085,96
3,21,40085,97
3,21,40085,98
3,21,40085,99
3,21,40085,100
3,21,40085,101
3,21,40085,102
3,21,40085,103
3,21,40085,104
3,21,40085,105
3,21,40085,106
3,21,40085,107
3,21,40085,108
3,21,40085,109
3,21,40085,110
3,21,40085,111
3,21,40085,112
3,21,40085,113
3,21,40085,114
3,21,40085,115
3,21,40085,116
3,21,40085,117
3,21,40085,118
3,21,40085,119
3,21,40085,120
3,21,40085,121
3,21,40085,122
3,21,40085,123
3,21,40085,124
3,21,40085,125
3,21,40085,126
3,21,40085,127
3,21,40085,128
3,21,40085,129
3,21,40085,130
3,21,40085,131
3,21,40085,132
3,21,40085,133
3,21,40085,134
3,21,40085,135
3,21,40085,136
3,21,40085,137
3,21,40085,138
3,21,40085,139
3,21,40085,140
3,21,40085,141
3,21,40085,142
3,21,40085,143
3,21,40085,144
3,21,40085,145
3,21,40085,146
3,21,40085,147
3,21,40085,148
3,21,40085,149
3,21,40085,150
3,21,40085,151
3,21,40085,152
3,21,40085,153
3,21,40085,154
3,21,40085,155
3,21,40085,156
3,21,40085,157
3,21,40085,158
3,21,40085,159
3,21,40085,160
3,21,40085,161
3,21,40085,162
3,21,40085,163
3,21,40085,164
3,21,40085,165
3,21,40085,166
3,21,40085,167
3,21,40085,168
3,21,40085,169
3,21,40085,170
3,21,40085,171
3,21,40085,172
3,21,40085,173
3,21,40085,174
3,21,40085,175
3,21,40085,176
3,21,40085,177
3,21,40085,178
3,21,40085,179
3,21,40085,180
3,21,40085,181
3,21,40085,182
3,21,40085,183
3,21,40085,184
3,21,40085,185
3,21,40085,186
3,21,40085,187
3,21,40085,188
3,21,40085,189
3,21,40085,190
3,21,40085,191
3,21,40085,192
3,21,40085,193
3,21,40085,194
3,21,40085,195
3,21,40085,196
3,21,40085,197
3,21,40085,198
3,21,40085,199
3,12,83805,0
3,12,83805,1
3,12,83805,2
3,12,83805,3
3,12,83805,4
3,12,83805,5
3,12,83805,6
3,12,83805,7
3,12,83805,8
3,12,83805,9
3,12,83805,10
3,12,83805,11
3,12,83805,12
3,12,83805,13
3,12,83805,14
3,12,83805,15
3,12,83805,16
3,12,83805,17
3,12,83805,18
3,12,83805,19
3,12,83805,20
3,12,83805,21
3,12,83805,22
3,12,83805,23
3,12,83805,24
3,12,83805,25
3,12,83805,26
3,12,83805,27
3,12,83805,28
3,12,83805,29
3,12,83805,30
3,12,83805,31
3,12,83805,32
3,12,83805,33
3,12,83805,34
3,12,83805,35
3,12,83805,36
3,12,83805,37
3,12,83805,38
3,12,83805,39
3,12,83805,40
3,12,83805,41
3,12,83805,42
3,12,83805,43
3,12,83805,44
3,12,83805,45
3,12,83805,46
3,12,83805,47
3,12,83805,48
3,12,83805,49
3,12,83805,50
3,12,83805,51
3,12,83805,52
3,12,83805,53
3,12,83805,54
3,12,83805,55
3,12,83805,56
3,12,83805,57
3,12,83805,58
3,12,83805,59
3,12,83805,60
3,12,83805,61
3,12,83805,62
3,12,83805,63
3,12,83805,64
3,12,83805,65
3,12,83805,66
3,12,83805,67
3,12,83805,68
3,12,83805,69
3,12,83805,70
3,12,83805,71
3,12,83805,72
3,12,83805,73
3,12,83805,74
3,12,83805,75
3,12,83805,76
3,12,83805,77
3,12,83805,78
3,12,83805,79
3,12,83805,80
3,12,83805,81
3,12,83805,82
3,12,83805,83
3,12,83805,84
3,12,83805,85
3,12,83805,86
3,12,83805,87
3,12,83805,88
3,12,83805,89
3,12,83805,90
3,12,83805,91
3,12,83805,92
3,12,83805,93
3,12,83805,94
3,12,83805,95
3,12,83805,96
3,12,83805,97
3,12,83805,98
3,12,83805,99
3,12,83805,100
3,12,83805,101
3,12,83805,102
3,12,83805,103
3,12,83805,104
3,12,83805,105
3,12,83805,106
3,12,83805,107
3,12,83805,108
3,12,83805,109
3,12,83805,110
3,12,83805,111
3,12,83805,112
3,12,83805,113
3,12,83805,114
3,12,83805,115
3,12,83805,116
3,12,83805,117
3,12,83805,118
3,12,83805,119
3,12,83805,120
3,12,83805,121
3,12,83805,122
3,12,83805,123
3,12,83805,124
3,12,83805,125
3,12,83805,126
3,12,83805,127
3,12,83805,128
3,12,83805,129
3,12,83805,130
3,12,83805,131
3,12,83805,132
3,12,83805,133
3,12,83805,134
3,12,83805,135
3,12,83805,136
3,12,83805,137
3,12,83805,138
3,12,83805,139
3,12,83805,140
3,12,83805,141
3,12,83805,142
3,12,83805,143
3,12,83805,144
3,12,83805,145
3,12,83805,146
3,12,83805,147
3,12,83805,148
3,12,83805,149
3,12,83805,150
3,12,83805,151
3,12,83805,152
3,12,83805,153
3,12,83805,154
3,12,83805,155
3,12,83805,156
3,12,83805,157
3,12,83805,158
3,12,83805,159
3,12,83805,160
3,12,83805,161
3,12,83805,162
3,12,83805,163
3,12,83805,164
3,12,83805,165
3,12,83805,166
3,12,83805,167
3,12,83805,168
3,12,83805,169
3,12,83805,170
3,12,83805,171
3,12,83805,172
3,12,83805,173
3,12,83805,174
3,12,83805,175
3,12,83805,176
3,12,83805,177
3,12,83805,178
3,12,83805,179
3,12,83805,180
3,12,83805,181
3,12,83805,182
3,12,83805,183
3,12,83805,184
3,12,83805,185
3,12,83805,186
3,12,83805,187
3,12,83805,188
3,12,83805,189
3,12,83805,190
3,12,83805,191
3,12,83805,192
3,12,83805,193
3,12,83805,194
3,12,83805,195
3,12,83805,196
3,12,83805,197
3,12,83805,198
3,12,83805,199
3,14,24480,0
3,14,24480,1
3,14,24480,2
3,14,24480,3
3,14,24480,4
3,14,24480,5
3,14,24480,6
3,14,24480,7
3,14,24480,8
3,14,24480,9
3,14,24480,10
3,14,24480,11
3,14,24480,12
3,14,24480,13
3,14,24480,14
3,14,24480,15
3,14,24480,16
3,14,24480,17
3,14,24480,18
3,14,24480,19
3,14,24480,20
3,14,24480,21
3,14,24480,22
3,14,24480,23
3,14,24480,24
3,14,24480,25
3,14,24480,26
3,14,24480,27
3,14,24480,28
3,14,24480,29
3,14,24480,30
3,14,24480,31
3,14,24480,32
3,14,24480,33
3,14,24480,34
3,14,24480,35
3,14,24480,36
3,14,24480,37
3,14,24480,38
3,14,24480,39
3,14,24480,40
3,14,24480,41
3,14,24480,42
3,14,24480,43
3,14,24480,44
3,14,24480,45
3,14,24480,46
3,14,24480,47
3,14,24480,48
3,14,24480,49
3,14,24480,50
3,14,24480,51
3,14,24480,52
3,14,24480,53
3,14,24480,54
3,14,24480,55
3,14,24480,56
3,14,24480,57
3,14,24480,58
3,14,24480,59
3,14,24480,60
3,14,24480,61
3,14,24480,62
3,14,24480,63
3,14,24480,64
3,14,24480,65
3,14,24480,66
3,14,24480,67
3,14,24480,68
3,14,24480,69
3,14,24480,70
3,14,24480,71
3,14,24480,72
3,14,24480,73
3,14,24480,74
3,14,24480,75
3,14,24480,76
3,14,24480,77
3,14,24480,78
3,14,24480,79
3,14,24480,80
3,14,24480,81
3,14,24480,82
3,14,24480,83
3,14,24480,84
3,14,24480,85
3,14,24480,86
3,14,24480,87
3,14,24480,88
3,14,24480,89
3,14,24480,90
3,14,24480,91
3,14,24480,92
3,14,24480,93
3,14,24480,94
3,14,24480,95
3,14,24480,96
3,14,24480,97
3,14,24480,98
3,14,24480,99
3,14,24480,100
3,14,24480,101
3,14,24480,102
3,14,24480,103
3,14,24480,104
3,14,24480,105
3,14,24480,106
3,14,24480,107
3,14,24480,108
3,14,24480,109
3,14,24480,110
3,14,24480,111
3,14,24480,112
3,14,24480,113
3,14,24480,114
3,14,24480,115
3,14,24480,116
3,14,24480,117
3,14,24480,118
3,14,24480,119
3,14,24480,120
3,14,24480,121
3,14,24480,122
3,14,24480,123
3,14,24480,124
3,14,24480,125
3,14,24480,126
3,14,24480,127
3,14,24480,128
3,14,24480,129
3,14,24480,130
3,14,24480,131
3,14,24480,132
3,14,24480,133
3,14,24480,134
3,14,24480,135
3,14,24480,136
3,14,24480,137
3,14,24480,138
3,14,24480,139
3,14,24480,140
3,14,24480,141
3,14,24480,142
3,14,24480,143
3,14,24480,144
3,14,24480,145
3,14,24480,146
3,14,24480,147
3,14,24480,148
3,14,24480,149
3,14,24480,150
3,14,24480,151
3,14,24480,152
3,14,24480,153
3,14,24480,154
3,14,24480,155
3,14,24480,156
3,14,24480,157
3,14,24480,158
3,14,24480,159
3,14,24480,160
3,14,24480,161
3,14,24480,162
3,14,24480,163
3,14,24480,164
3,14,24480,165
3,14,24480,166
3,14,24480,167
3,14,24480,168
3,14,24480,169
3,14,24480,170
3,14,24480,171
3,14,24480,172
3,14,24480,173
3,14,24480,174
3,14,24480,175
3,14,24480,176
3,14,24480,177
3,14,24480,178
3,14,24480,179
3,14,24480,180
3,14,24480,181
3,14,24480,182
3,14,24480,183
3,14,24480,184
3,14,24480,185
3,14,24480,186
3,14,24480,187
3,14,24480,188
3,14,24480,189
3,14,24480,190
3,14,24480,191
3,14,24480,192
3,14,24480,193
3,14,24480,194
3,14,24480,195
3,14,24480,196
3,14,24480,197
3,14,24480,198
3,14,24480,199
3,39,18530,0
3,39,18530,1
3,39,18530,2
3,39,18530,3
3,39,18530,4
3,39,18530,5
3,39,18530,6
3,39,18530,7
3,39,18530,8
3,39,18530,9
3,39,18530,10
3,39,18530,11
3,39,18530,12
3,39,18530,13
3,39,18530,14
3,39,18530,15
3,39,18530,16
3,39,18530,17
3,39,18530,18
3,39,18530,19
3,39,18530,20
3,39,18530,21
3,39,18530,22
3,39,18530,23
3,39,18530,24
3,39,18530,25
3,39,18530,26
3,39,18530,27
3,39,18530,28
3,39,18530,29
3,39,18530,30
3,39,18530,31
3,39,18530,32
3,39,18530,33
3,39,18530,34
3,39,18530,35
3,39,18530,36
3,39,18530,37
3,39,18530,38
3,39,18530,39
3,39,18530,40
3,39,18530,41
3,39,18530,42
3,39,18530,43
3,39,18530,44
3,39,18530,45
3,39,18530,46
3,39,18530,47
3,39,18530,48
3,39,18530,49
3,39,18530,50
3,39,18530,51
3,39,18530,52
3,39,18530,53
3,39,18530,54
3,39,18530,55
3,39,18530,56
3,39,18530,57
3,39,18530,58
3,39,18530,59
3,39,18530,60
3,39,18530,61
3,39,18530,62
3,39,18530,63
3,39,18530,64
3,39,18530,65
3,39,18530,66
3,39,18530,67
3,39,18530,68
3,39,18530,69
3,39,18530,70
3,39,18530,71
3,39,18530,72
3,39,18530,73
3,39,18530,74
3,39,18530,75
3,39,18530,76
3,39,18530,77
3,39,18530,78
3,39,18530,79
3,39,18530,80
3,39,18530,81
3,39,18530,82
3,39,18530,83
3,39,18530,84
3,39,18530,85
3,39,18530,86
3,39,18530,87
3,39,18530,88
3,39,18530,89
3,39,18530,90
3,39,18530,91
3,39,18530,92
3,39,18530,93
3,39,18530,94
3,39,18530,95
3,39,18530,96
3,39,18530,97
3,39,18530,98
3,39,18530,99
3,39,18530,100
3,39,18530,101
3,39,18530,102
3,39,18530,103
3,39,18530,104
3,39,18530,105
3,39,18530,106
3,39,18530,107
3,39,18530,108
3,39,18530,109
3,39,18530,110
3,39,18530,111
3,39,18530,112
3,39,18530,113
3,39,18530,114
3,39,18530,115
3,39,18530,116
3,39,18530,117
3,39,18530,118
3,39,18530,119
3,39,18530,120
3,39,18530,121
3,39,18530,122
3,39,18530,123
3,39,18530,124
3,39,18530,125
3,39,18530,126
3,39,18530,127
3,39,18530,128
3,39,18530,129
3,39,18530,130
3,39,18530,131
3,39,18530,132
3,39,18530,133
3,39,18530,134
3,39,18530,135
3,39,18530,136
3,39,18530,137
3,39,18530,138
3,39,18530,139
3,39,18530,140
3,39,18530,141
3,39,18530,142
3,39,18530,143
3,39,18530,144
3,39,18530,145
3,39,18530,146
3,39,18530,147
3,39,18530,148
3,39,18530,149
3,39,18530,150
3,39,18530,151
3,39,18530,152
3,39,18530,153
3,39,18530,154
3,39,18530,155
3,39,18530,156
3,39,18530,157
3,39,18530,158
3,39,18530,159
3,39,18530,160
3,39,18530,161
3,39,18530,162
3,39,18530,163
3,39,18530,164
3,39,18530,165
3,39,18530,166
3,39,18530,167
3,39,18530,168
3,39,18530,169
3,39,18530,170
3,39,18530,171
3,39,18530,172
3,39,18530,173
3,39,18530,174
3,39,18530,175
3,39,18530,176
3,39,18530,177
3,39,18530,178
3,39,18530,179
3,39,18530,180
3,39,18530,181
3,39,18530,182
3,39,18530,183
3,39,18530,184
3,39,18530,185
3,39,18530,186
3,39,18530,187
3,39,18530,188
3,39,18530,189
3,39,18530,190
3,39,18530,191
3,39,18530,192
3,39,18530,193
3,39,18530,194
3,39,18530,195
3,39,18530,196
3,39,18530,197
3,39,18530,198
3,39,18530,199
3,18,735660,0
3,18,735660,1
3,18,735660,2
3,18,735660,3
3,18,735660,4
3,18,735660,5
3,18,735660,6
3,18,735660,7
3,18,735660,8
3,18,735660,9
3,18,735660,10
3,18,735660,11
3,18,735660,12
3,18,735660,13
3,18,735660,14
3,18,735660,15
3,18,735660,16
3,18,735660,17
3,18,735660,18
3,18,735660,19
3,18,735660,20
3,18,735660,21
3,18,735660,22
3,18,735660,23
3,18,735660,24
3,18,735660,25
3,18,735660,26
3,18,735660,27
3,18,735660,28
3,18,735660,29
3,18,735660,30
3,18,735660,31
3,18,735660,32
3,18,735660,33
3,18,735660,34
3,18,735660,35
3,18,735660,36
3,18,735660,37
3,18,735660,38
3,18,735660,39
3,18,735660,40
3,18,735660,41
3,18,735660,42
3,18,735660,43
3,18,735660,44
3,18,735660,45
3,18,735660,46
3,18,735660,47
3,18,735660,48
3,18,735660,49
3,18,735660,50
3,18,735660,51
3,18,735660,52
3,18,735660,53
3,18,735660,54
3,18,735660,55
3,18,735660,56
3,18,735660,57
3,18,735660,58
3,18,735660,59
3,18,735660,60
3,18,735660,61
3,18,735660,62
3,18,735660,63
3,18,735660,64
3,18,735660,65
3,18,735660,66
3,18,735660,67
3,18,735660,68
3,18,735660,69
3,18,735660,70
3,18,735660,71
3,18,735660,72
3,18,735660,73
3,18,735660,74
3,18,735660,75
3,18,735660,76
3,18,735660,77
3,18,735660,78
3,18,735660,79
3,18,735660,80
3,18,735660,81
3,18,735660,82
3,18,735660,83
3,18,735660,84
3,18,735660,85
3,18,735660,86
3,18,735660,87
3,18,735660,88
3,18,735660,89
3,18,735660,90
3,18,735660,91
3,18,735660,92
3,18,735660,93
3,18,735660,94
3,18,735660,95
3,18,735660,96
3,18,735660,97
3,18,735660,98
3,18,735660,99
3,18,735660,100
3,18,735660,101
3,18,735660,102
3,18,735660,103
3,18,735660,104
3,18,735660,105
3,18,735660,106
3,18,735660,107
3,18,735660,108
3,18,735660,109
3,18,735660,110
3,18,735660,111
3,18,735660,112
3,18,735660,113
3,18,735660,114
3,18,735660,115
3,18,735660,116
3,18,735660,117
3,18,735660,118
3,18,735660,119
3,18,735660,120
3,18,735660,121
3,18,735660,122
3,18,735660,123
3,18,735660,124
3,18,735660,125
3,18,735660,126
3,18,735660,127
3,18,735660,128
3,18,735660,129
3,18,735660,130
3,18,735660,131
3,18,735660,132
3,18,735660,133
3,18,735660,134
3,18,735660,135
3,18,735660,136
3,18,735660,137
3,18,735660,138
3,18,735660,139
3,18,735660,140
3,18,735660,141
3,18,735660,142
3,18,735660,143
3,18,735660,144
3,18,735660,145
3,18,735660,146
3,18,735660,147
3,18,735660,148
3,18,735660,149
3,18,735660,150
3,18,735660,151
3,18,735660,152
3,18,735660,153
3,18,735660,154
3,18,735660,155
3,18,735660,156
3,18,735660,157
3,18,735660,158
3,18,735660,159
3,18,735660,160
3,18,735660,161
3,18,735660,162
3,18,735660,163
3,18,735660,164
3,18,735660,165
3,18,735660,166
3,18,735660,167
3,18,735660,168
3,18,735660,169
3,18,735660,170
3,18,735660,171
3,18,735660,172
3,18,735660,173
3,18,735660,174
3,18,735660,175
3,18,735660,176
3,18,735660,177
3,18,735660,178
3,18,735660,179
3,18,735660,180
3,18,735660,181
3,18,735660,182
3,18,735660,183
3,18,735660,184
3,18,735660,185
3,18,735660,186
3,18,735660,187
3,18,735660,188
3,18,735660,189
3,18,735660,190
3,18,735660,191
3,18,735660,192
3,18,735660,193
3,18,735660,194
3,18,735660,195
3,18,735660,196
3,18,735660,197
3,18,735660,198
3,18,735660,199
3,20,182105,0
3,20,182105,1
3,20,182105,2
3,20,182105,3
3,20,182105,4
3,20,182105,5
3,20,182105,6
3,20,182105,7
3,20,182105,8
3,20,182105,9
3,20,182105,10
3,20,182105,11
3,20,182105,12
3,20,182105,13
3,20,182105,14
3,20,182105,15
3,20,182105,16
3,20,182105,17
3,20,182105,18
3,20,182105,19
3,20,182105,20
3,20,182105,21
3,20,182105,22
3,20,182105,23
3,20,182105,24
3,20,182105,25
3,20,182105,26
3,20,182105,27
3,20,182105,28
3,20,182105,29
3,20,182105,30
3,20,182105,31
3,20,182105,32
3,20,182105,33
3,20,182105,34
3,20,182105,35
3,20,182105,36
3,20,182105,37
3,20,182105,38
3,20,182105,39
3,20,182105,40
3,20,182105,41
3,20,182105,42
3,20,182105,43
3,20,182105,44
3,20,182105,45
3,20,182105,46
3,20,182105,47
3,20,182105,48
3,20,182105,49
3,20,182105,50
3,20,182105,51
3,20,182105,52
3,20,182105,53
3,20,182105,54
3,20,182105,55
3,20,182105,56
3,20,182105,57
3,20,182105,58
3,20,182105,59
3,20,182105,60
3,20,182105,61
3,20,182105,62
3,20,182105,63
3,20,182105,64
3,20,182105,65
3,20,182105,66
3,20,182105,67
3,20,182105,68
3,20,182105,69
3,20,182105,70
3,20,182105,71
3,20,182105,72
3,20,182105,73
3,20,182105,74
3,20,182105,75
3,20,182105,76
3,20,182105,77
3,20,182105,78
3,20,182105,79
3,20,182105,80
3,20,182105,81
3,20,182105,82
3,20,182105,83
3,20,182105,84
3,20,182105,85
3,20,182105,86
3,20,182105,87
3,20,182105,88
3,20,182105,89
3,20,182105,90
3,20,182105,91
3,20,182105,92
3,20,182105,93
3,20,182105,94
3,20,182105,95
3,20,182105,96
3,20,182105,97
3,20,182105,98
3,20,182105,99
3,20,182105,100
3,20,182105,101
3,20,182105,102
3,20,182105,103
3,20,182105,104
3,20,182105,105
3,20,182105,106
3,20,182105,107
3,20,182105,108
3,20,182105,109
3,20,182105,110
3,20,182105,111
3,20,182105,112
3,20,182105,113
3,20,182105,114
3,20,182105,115
3,20,182105,116
3,20,182105,117
3,20,182105,118
3,20,182105,119
3,20,182105,120
3,20,182105,121
3,20,182105,122
3,20,182105,123
3,20,182105,124
3,20,182105,125
3,20,182105,126
3,20,182105,127
3,20,182105,128
3,20,182105,129
3,20,182105,130
3,20,182105,131
3,20,182105,132
3,20,182105,133
3,20,182105,134
3,20,182105,135
3,20,182105,136
3,20,182105,137
3,20,182105,138
3,20,182105,139
3,20,182105,140
3,20,182105,141
3,20,182105,142
3,20,182105,143
3,20,182105,144
3,20,182105,145
3,20,182105,146
3,20,182105,147
3,20,182105,148
3,20,182105,149
3,20,182105,150
3,20,182105,151
3,20,182105,152
3,20,182105,153
3,20,182105,154
3,20,182105,155
3,20,182105,156
3,20,182105,157
3,20,182105,158
3,20,182105,159
3,20,182105,160
3,20,182105,161
3,20,182105,162
3,20,182105,163
3,20,182105,164
3,20,182105,165
3,20,182105,166
3,20,182105,167
3,20,182105,168
3,20,182105,169
3,20,182105,170
3,20,182105,171
3,20,182105,172
3,20,182105,173
3,20,182105,174
3,20,182105,175
3,20,182105,176
3,20,182105,177
3,20,182105,178
3,20,182105,179
3,20,182105,180
3,20,182105,181
3,20,182105,182
3,20,182105,183
3,20,182105,184
3,20,182105,185
3,20,182105,186
3,20,182105,187
3,20,182105,188
3,20,182105,189
3,20,182105,190
3,20,182105,191
3,20,182105,192
3,20,182105,193
3,20,182105,194
3,20,182105,195
3,20,182105,196
3,20,182105,197
3,20,182105,198
3,20,182105,199
3,27,44875,0
3,27,44875,1
3,27,44875,2
3,27,44875,3
3,27,44875,4
3,27,44875,5
3,27,44875,6
3,27,44875,7
3,27,44875,8
3,27,44875,9
3,27,44875,10
3,27,44875,11
3,27,44875,12
3,27,44875,13
3,27,44875,14
3,27,44875,15
3,27,44875,16
3,27,44875,17
3,27,44875,18
3,27,44875,19
3,27,44875,20
3,27,44875,21
3,27,44875,22
3,27,44875,23
3,27,44875,24
3,27,44875,25
3,27,44875,26
3,27,44875,27
3,27,44875,28
3,27,44875,29
3,27,44875,30
3,27,44875,31
3,27,44875,32
3,27,44875,33
3,27,44875,34
3,27,44875,35
3,27,44875,36
3,27,44875,37
3,27,44875,38
3,27,44875,39
3,27,44875,40
3,27,44875,41
3,27,44875,42
3,27,44875,43
3,27,44875,44
3,27,44875,45
3,27,44875,46
3,27,44875,47
3,27,44875,48
3,27,44875,49
3,27,44875,50
3,27,44875,51
3,27,44875,52
3,27,44875,53
3,27,44875,54
3,27,44875,55
3,27,44875,56
3,27,44875,57
3,27,44875,58
3,27,44875,59
3,27,44875,60
3,27,44875,61
3,27,44875,62
3,27,44875,63
3,27,44875,64
3,27,44875,65
3,27,44875,66
3,27,44875,67
3,27,44875,68
3,27,44875,69
3,27,44875,70
3,27,44875,71
3,27,44875,72
3,27,44875,73
3,27,44875,74
3,27,44875,75
3,27,44875,76
3,27,44875,77
3,27,44875,78
3,27,44875,79
3,27,44875,80
3,27,44875,81
3,27,44875,82
3,27,44875,83
3,27,44875,84
3,27,44875,85
3,27,44875,86
3,27,44875,87
3,27,44875,88
3,27,44875,89
3,27,44875,90
3,27,44875,91
3,27,44875,92
3,27,44875,93
3,27,44875,94
3,27,44875,95
3,27,44875,96
3,27,44875,97
3,27,44875,98
3,27,44875,99
3,27,44875,100
3,27,44875,101
3,27,44875,102
3,27,44875,103
3,27,44875,104
3,27,44875,105
3,27,44875,106
3,27,44875,107
3,27,44875,108
3,27,44875,109
3,27,44875,110
3,27,44875,111
3,27,44875,112
3,27,44875,113
3,27,44875,114
3,27,44875,115
3,27,44875,116
3,27,44875,117
3,27,44875,118
3,27,44875,119
3,27,44875,120
3,27,44875,121
3,27,44875,122
3,27,44875,123
3,27,44875,124
3,27,44875,125
3,27,44875,126
3,27,44875,127
3,27,44875,128
3,27,44875,129
3,27,44875,130
3,27,44875,131
3,27,44875,132
3,27,44875,133
3,27,44875,134
3,27,44875,135
3,27,44875,136
3,27,44875,137
3,27,44875,138
3,27,44875,139
3,27,44875,140
3,27,44875,141
3,27,44875,142
3,27,44875,143
3,27,44875,144
3,27,44875,145
3,27,44875,146
3,27,44875,147
3,27,44875,148
3,27,44875,149
3,27,44875,150
3,27,44875,151
3,27,44875,152
3,27,44875,153
3,27,44875,154
3,27,44875,155
3,27,44875,156
3,27,44875,157
3,27,44875,158
3,27,44875,159
3,27,44875,160
3,27,44875,161
3,27,44875,162
3,27,44875,163
3,27,44875,164
3,27,44875,165
3,27,44875,166
3,27,44875,167
3,27,44875,168
3,27,44875,169
3,27,44875,170
3,27,44875,171
3,27,44875,172
3,27,44875,173
3,27,44875,174
3,27,44875,175
3,27,44875,176
3,27,44875,177
3,27,44875,178
3,27,44875,179
3,27,44875,180
3,27,44875,181
3,27,44875,182
3,27,44875,183
3,27,44875,184
3,27,44875,185
3,27,44875,186
3,27,44875,187
3,27,44875,188
3,27,44875,189
3,27,44875,190
3,27,44875,191
3,27,44875,192
3,27,44875,193
3,27,44875,194
3,27,44875,195
3,27,44875,196
3,27,44875,197
3,27,44875,198
3,27,44875,199
3,29,22195,0
3,29,22195,1
3,29,22195,2
3,29,22195,3
3,29,22195,4
3,29,22195,5
3,29,22195,6
3,29,22195,7
3,29,22195,8
3,29,22195,9
3,29,22195,10
3,29,22195,11
3,29,22195,12
3,29,22195,13
3,29,22195,14
3,29,22195,15
3,29,22195,16
3,29,22195,17
3,29,22195,18
3,29,22195,19
3,29,22195,20
3,29,22195,21
3,29,22195,22
3,29,22195,23
3,29,22195,24
3,29,22195,25
3,29,22195,26
3,29,22195,27
3,29,22195,28
3,29,22195,29
3,29,22195,30
3,29,22195,31
3,29,22195,32
3,29,22195,33
3,29,22195,34
3,29,22195,35
3,29,22195,36
3,29,22195,37
3,29,22195,38
3,29,22195,39
3,29,22195,40
3,29,22195,41
3,29,22195,42
3,29,22195,43
3,29,22195,44
3,29,22195,45
3,29,22195,46
3,29,22195,47
3,29,22195,48
3,29,22195,49
3,29,22195,50
3,29,22195,51
3,29,22195,52
3,29,22195,53
3,29,22195,54
3,29,22195,55
3,29,22195,56
3,29,22195,57
3,29,22195,58
3,29,22195,59
3,29,22195,60
3,29,22195,61
3,29,22195,62
3,29,22195,63
3,29,22195,64
3,29,22195,65
3,29,22195,66
3,29,22195,67
3,29,22195,68
3,29,22195,69
3,29,22195,70
3,29,22195,71
3,29,22195,72
3,29,22195,73
3,29,22195,74
3,29,22195,75
3,29,22195,76
3,29,22195,77
3,29,22195,78
3,29,22195,79
3,29,22195,80
3,29,22195,81
3,29,22195,82
3,29,22195,83
3,29,22195,84
3,29,22195,85
3,29,22195,86
3,29,22195,87
3,29,22195,88
3,29,22195,89
3,29,22195,90
3,29,22195,91
3,29,22195,92
3,29,22195,93
3,29,22195,94
3,29,22195,95
3,29,22195,96
3,29,22195,97
3,29,22195,98
3,29,22195,99
3,29,22195,100
3,29,22195,101
3,29,22195,102
3,29,22195,103
3,29,22195,104
3,29,22195,105
3,29,22195,106
3,29,22195,107
3,29,22195,108
3,29,22195,109
3,29,22195,110
3,29,22195,111
3,29,22195,112
3,29,22195,113
3,29,22195,114
3,29,22195,115
3,29,22195,116
3,29,22195,117
3,29,22195,118
3,29,22195,119
3,29,22195,120
3,29,22195,121
3,29,22195,122
3,29,22195,123
3,29,22195,124
3,29,22195,125
3,29,22195,126
3,29,22195,127
3,29,22195,128
3,29,22195,129
3,29,22195,130
3,29,22195,131
3,29,22195,132
3,29,22195,133
3,29,22195,134
3,29,22195,135
3,29,22195,136
3,29,22195,137
3,29,22195,138
3,29,22195,139
3,29,22195,140
3,29,22195,141
3,29,22195,142
3,29,22195,143
3,29,22195,144
3,29,22195,145
3,29,22195,146
3,29,22195,147
3,29,22195,148
3,29,22195,149
3,29,22195,150
3,29,22195,151
3,29,22195,152
3,29,22195,153
3,29,22195,154
3,29,22195,155
3,29,22195,156
3,29,22195,157
3,29,22195,158
3,29,22195,159
3,29,22195,160
3,29,22195,161
3,29,22195,162
3,29,22195,163
3,29,22195,164
3,29,22195,165
3,29,22195,166
3,29,22195,167
3,29,22195,168
3,29,22195,169
3,29,22195,170
3,29,22195,171
3,29,22195,172
3,29,22195,173
3,29,22195,174
3,29,22195,175
3,29,22195,176
3,29,22195,177
3,29,22195,178
3,29,22195,179
3,29,22195,180
3,29,22195,181
3,29,22195,182
3,29,22195,183
3,29,22195,184
3,29,22195,185
3,29,22195,186
3,29,22195,187
3,29,22195,188
3,29,22195,189
3,29,22195,190
3,29,22195,191
3,29,22195,192
3,29,22195,193
3,29,22195,194
3,29,22195,195
3,29,22195,196
3,29,22195,197
3,29,22195,198
3,29,22195,199
5,9,215660,0
5,9,215660,1
5,9,215660,2
5,9,215660,3
5,9,215660,4
5,9,215660,5
5,9,215660,6
5,9,215660,7
5,9,215660,8
5,9,215660,9
5,9,215660,10
5,9,215660,11
5,9,215660,12
5,9,215660,13
5,9,215660,14
5,9,215660,15
5,9,215660,16
5,9,215660,17
5,9,215660,18
5,9,215660,19
5,9,215660,20
5,9,215660,21
5,9,215660,22
5,9,215660,23
5,9,215660,24
5,9,215660,25
5,9,215660,26
5,9,215660,27
5,9,215660,28
5,9,215660,29
5,9,215660,30
5,9,215660,31
5,9,215660,32
5,9,215660,33
5,9,215660,34
5,9,215660,35
5,9,215660,36
5,9,215660,37
5,9,215660,38
5,9,215660,39
5,9,215660,40
5,9,215660,41
5,9,215660,42
5,9,215660,43
5,9,215660,44
5,9,215660,45
5,9,215660,46
5,9,215660,47
5,9,215660,48
5,9,215660,49
5,9,215660,50
5,9,215660,51
5,9,215660,52
5,9,215660,53
5,9,215660,54
5,9,215660,55
5,9,215660,56
5,9,215660,57
5,9,215660,58
5,9,215660,59
5,9,215660,60
5,9,215660,61
5,9,215660,62
5,9,215660,63
5,9,215660,64
5,9,215660,65
5,9,215660,66
5,9,215660,67
5,9,215660,68
5,9,215660,69
5,9,215660,70
5,9,215660,71
5,9,215660,72
5,9,215660,73
5,9,215660,74
5,9,215660,75
5,9,215660,76
5,9,215660,77
5,9,215660,78
5,9,215660,79
5,9,215660,80
5,9,215660,81
5,9,215660,82
5,9,215660,83
5,9,215660,84
5,9,215660,85
5,9,215660,86
5,9,215660,87
5,9,215660,88
5,9,215660,89
5,9,215660,90
5,9,215660,91
5,9,215660,92
5,9,215660,93
5,9,215660,94
5,9,215660,95
5,9,215660,96
5,9,215660,97
5,9,215660,98
5,9,215660,99
5,9,215660,100
5,9,215660,101
5,9,215660,102
5,9,215660,103
5,9,215660,104
5,9,215660,105
5,9,215660,106
5,9,215660,107
5,9,215660,108
5,9,215660,109
5,9,215660,110
5,9,215660,111
5,9,215660,112
5,9,215660,113
5,9,215660,114
5,9,215660,115
5,9,215660,116
5,9,215660,117
5,9,215660,118
5,9,215660,119
5,9,215660,120
5,9,215660,121
5,9,215660,122
5,9,215660,123
5,9,215660,124
5,9,215660,125
5,9,215660,126
5,9,215660,127
5,9,215660,128
5,9,215660,129
5,9,215660,130
5,9,215660,131
5,9,215660,132
5,9,215660,133
5,9,215660,134
5,9,215660,135
5,9,215660,136
5,9,215660,137
5,9,215660,138
5,9,215660,139
5,9,215660,140
5,9,215660,141
5,9,215660,142
5,9,215660,143
5,9,215660,144
5,9,215660,145
5,9,215660,146
5,9,215660,147
5,9,215660,148
5,9,215660,149
5,9,215660,150
5,9,215660,151
5,9,215660,152
5,9,215660,153
5,9,215660,154
5,9,215660,155
5,9,215660,156
5,9,215660,157
5,9,215660,158
5,9,215660,159
5,9,215660,160
5,9,215660,161
5,9,215660,162
5,9,215660,163
5,9,215660,164
5,9,215660,165
5,9,215660,166
5,9,215660,167
5,9,215660,168
5,9,215660,169
5,9,215660,170
5,9,215660,171
5,9,215660,172
5,9,215660,173
5,9,215660,174
5,9,215660,175
5,9,215660,176
5,9,215660,177
5,9,215660,178
5,9,215660,179
5,9,215660,180
5,9,215660,181
5,9,215660,182
5,9,215660,183
5,9,215660,184
5,9,215660,185
5,9,215660,186
5,9,215660,187
5,9,215660,188
5,9,215660,189
5,9,215660,190
5,9,215660,191
5,9,215660,192
5,9,215660,193
5,9,215660,194
5,9,215660,195
5,9,215660,196
5,9,215660,197
5,9,215660,198
5,9,215660,199
5,21,8570,0
5,21,8570,1
5,21,8570,2
5,21,8570,3
5,21,8570,4
5,21,8570,5
5,21,8570,6
5,21,8570,7
5,21,8570,8
5,21,8570,9
5,21,8570,10
5,21,8570,11
5,21,8570,12
5,21,8570,13
5,21,8570,14
5,21,8570,15
5,21,8570,16
5,21,8570,17
5,21,8570,18
5,21,8570,19
5,21,8570,20
5,21,8570,21
5,21,8570,22
5,21,8570,23
5,21,8570,24
5,21,8570,25
5,21,8570,26
5,21,8570,27
5,21,8570,28
5,21,8570,29
5,21,8570,30
5,21,8570,31
5,21,8570,32
5,21,8570,33
5,21,8570,34
5,21,8570,35
5,21,8570,36
5,21,8570,37
5,21,8570,38
5,21,8570,39
5,21,8570,40
5,21,8570,41
5,21,8570,42
5,21,8570,43
5,21,8570,44
5,21,8570,45
5,21,8570,46
5,21,8570,47
5,21,8570,48
5,21,8570,49
5,21,8570,50
5,21,8570,51
5,21,8570,52
5,21,8570,53
5,21,8570,54
5,21,8570,55
5,21,8570,56
5,21,8570,57
5,21,8570,58
5,21,8570,59
5,21,8570,60
5,21,8570,61
5,21,8570,62
5,21,8570,63
5,21,8570,64
5,21,8570,65
5,21,8570,66
5,21,8570,67
5,21,8570,68
5,21,8570,69
5,21,8570,70
5,21,8570,71
5,21,8570,72
5,21,8570,73
5,21,8570,74
5,21,8570,75
5,21,8570,76
5,21,8570,77
5,21,8570,78
5,21,8570,79
5,21,8570,80
5,21,8570,81
5,21,8570,82
5,21,8570,83
5,21,8570,84
5,21,8570,85
5,21,8570,86
5,21,8570,87
5,21,8570,88
5,21,8570,89
5,21,8570,90
5,21,8570,91
5,21,8570,92
5,21,8570,93
5,21,8570,94
5,21,8570,95
5,21,8570,96
5,21,8570,97
5,21,8570,98
5,21,8570,99
5,21,8570,100
5,21,8570,101
5,21,8570,102
5,21,8570,103
5,21,8570,104
5,21,8570,105
5,21,8570,106
5,21,8570,107
5,21,8570,108
5,21,8570,109
5,21,8570,110
5,21,8570,111
5,21,8570,112
5,21,8570,113
5,21,8570,114
5,21,8570,115
5,21,8570,116
5,21,8570,117
5,21,8570,118
5,21,8570,119
5,21,8570,120
5,21,8570,121
5,21,8570,122
5,21,8570,123
5,21,8570,124
5,21,8570,125
5,21,8570,126
5,21,8570,127
5,21,8570,128
5,21,8570,129
5,21,8570,130
5,21,8570,131
5,21,8570,132
5,21,8570,133
5,21,8570,134
5,21,8570,135
5,21,8570,136
5,21,8570,137
5,21,8570,138
5,21,8570,139
5,21,8570,140
5,21,8570,141
5,21,8570,142
5,21,8570,143
5,21,8570,144
5,21,8570,145
5,21,8570,146
5,21,8570,147
5,21,8570,148
5,21,8570,149
5,21,8570,150
5,21,8570,151
5,21,8570,152
5,21,8570,153
5,21,8570,154
5,21,8570,155
5,21,8570,156
5,21,8570,157
5,21,8570,158
5,21,8570,159
5,21,8570,160
5,21,8570,161
5,21,8570,162
5,21,8570,163
5,21,8570,164
5,21,8570,165
5,21,8570,166
5,21,8570,167
5,21,8570,168
5,21,8570,169
5,21,8570,170
5,21,8570,171
5,21,8570,172
5,21,8570,173
5,21,8570,174
5,21,8570,175
5,21,8570,176
5,21,8570,177
5,21,8570,178
5,21,8570,179
5,21,8570,180
5,21,8570,181
5,21,8570,182
5,21,8570,183
5,21,8570,184
5,21,8570,185
5,21,8570,186
5,21,8570,187
5,21,8570,188
5,21,8570,189
5,21,8570,190
5,21,8570,191
5,21,8570,192
5,21,8570,193
5,21,8570,194
5,21,8570,195
5,21,8570,196
5,21,8570,197
5,21,8570,198
5,21,8570,199
5,20,266165,0
5,20,266165,1
5,20,266165,2
5,20,266165,3
5,20,266165,4
5,20,266165,5
5,20,266165,6
5,20,266165,7
5,20,266165,8
5,20,266165,9
5,20,266165,10
5,20,266165,11
5,20,266165,12
5,20,266165,13
5,20,266165,14
5,20,266165,15
5,20,266165,16
5,20,266165,17
5,20,266165,18
5,20,266165,19
5,20,266165,20
5,20,266165,21
5,20,266165,22
5,20,266165,23
5,20,266165,24
5,20,266165,25
5,20,266165,26
5,20,266165,27
5,20,266165,28
5,20,266165,29
5,20,266165,30
5,20,266165,31
5,20,266165,32
5,20,266165,33
5,20,266165,34
5,20,266165,35
5,20,266165,36
5,20,266165,37
5,20,266165,38
5,20,266165,39
5,20,266165,40
5,20,266165,41
5,20,266165,42
5,20,266165,43
5,20,266165,44
5,20,266165,45
5,20,266165,46
5,20,266165,47
5,20,266165,48
5,20,266165,49
5,20,266165,50
5,20,266165,51
5,20,266165,52
5,20,266165,53
5,20,266165,54
5,20,266165,55
5,20,266165,56
5,20,266165,57
5,20,266165,58
5,20,266165,59
5,20,266165,60
5,20,266165,61
5,20,266165,62
5,20,266165,63
5,20,266165,64
5,20,266165,65
5,20,266165,66
5,20,266165,67
5,20,266165,68
5,20,266165,69
5,20,266165,70
5,20,266165,71
5,20,266165,72
5,20,266165,73
5,20,266165,74
5,20,266165,75
5,20,266165,76
5,20,266165,77
5,20,266165,78
5,20,266165,79
5,20,266165,80
5,20,266165,81
5,20,266165,82
5,20,266165,83
5,20,266165,84
5,20,266165,85
5,20,266165,86
5,20,266165,87
5,20,266165,88
5,20,266165,89
5,20,266165,90
5,20,266165,91
5,20,266165,92
5,20,266165,93
5,20,266165,94
5,20,266165,95
5,20,266165,96
5,20,266165,97
5,20,266165,98
5,20,266165,99
5,20,266165,100
5,20,266165,101
5,20,266165,102
5,20,266165,103
5,20,266165,104
5,20,266165,105
5,20,266165,106
5,20,266165,107
5,20,266165,108
5,20,266165,109
5,20,266165,110
5,20,266165,111
5,20,266165,112
5,20,266165,113
5,20,266165,114
5,20,266165,115
5,20,266165,116
5,20,266165,117
5,20,266165,118
5,20,266165,119
5,20,266165,120
5,20,266165,121
5,20,266165,122
5,20,266165,123
5,20,266165,124
5,20,266165,125
5,20,266165,126
5,20,266165,127
5,20,266165,128
5,20,266165,129
5,20,266165,130
5,20,266165,131
5,20,266165,132
5,20,266165,133
5,20,266165,134
5,20,266165,135
5,20,266165,136
5,20,266165,137
5,20,266165,138
5,20,266165,139
5,20,266165,140
5,20,266165,141
5,20,266165,142
5,20,266165,143
5,20,266165,144
5,20,266165,145
5,20,266165,146
5,20,266165,147
5,20,266165,148
5,20,266165,149
5,20,266165,150
5,20,266165,151
5,20,266165,152
5,20,266165,153
5,20,266165,154
5,20,266165,155
5,20,266165,156
5,20,266165,157
5,20,266165,158
5,20,266165,159
5,20,266165,160
5,20,266165,161
5,20,266165,162
5,20,266165,163
5,20,266165,164
5,20,266165,165
5,20,266165,166
5,20,266165,167
5,20,266165,168
5,20,266165,169
5,20,266165,170
5,20,266165,171
5,20,266165,172
5,20,266165,173
5,20,266165,174
5,20,266165,175
5,20,266165,176
5,20,266165,177
5,20,266165,178
5,20,266165,179
5,20,266165,180
5,20,266165,181
5,20,266165,182
5,20,266165,183
5,20,266165,184
5,20,266165,185
5,20,266165,186
5,20,266165,187
5,20,266165,188
5,20,266165,189
5,20,266165,190
5,20,266165,191
5,20,266165,192
5,20,266165,193
5,20,266165,194
5,20,266165,195
5,20,266165,196
5,20,266165,197
5,20,266165,198
5,20,266165,199
5,27,9085,0
5,27,9085,1
5,27,9085,2
5,27,9085,3
5,27,9085,4
5,27,9085,5
5,27,9085,6
5,27,9085,7
5,27,9085,8
5,27,9085,9
5,27,9085,10
5,27,9085,11
5,27,9085,12
5,27,9085,13
5,27,9085,14
5,27,9085,15
5,27,9085,16
5,27,9085,17
5,27,9085,18
5,27,9085,19
5,27,9085,20
5,27,9085,21
5,27,9085,22
5,27,9085,23
5,27,9085,24
5,27,9085,25
5,27,9085,26
5,27,9085,27
5,27,9085,28
5,27,9085,29
5,27,9085,30
5,27,9085,31
5,27,9085,32
5,27,9085,33
5,27,9085,34
5,27,9085,35
5,27,9085,36
5,27,9085,37
5,27,9085,38
5,27,9085,39
5,27,9085,40
5,27,9085,41
5,27,9085,42
5,27,9085,43
5,27,9085,44
5,27,9085,45
5,27,9085,46
5,27,9085,47
5,27,9085,48
5,27,9085,49
5,27,9085,50
5,27,9085,51
5,27,9085,52
5,27,9085,53
5,27,9085,54
5,27,9085,55
5,27,9085,56
5,27,9085,57
5,27,9085,58
5,27,9085,59
5,27,9085,60
5,27,9085,61
5,27,9085,62
5,27,9085,63
5,27,9085,64
5,27,9085,65
5,27,9085,66
5,27,9085,67
5,27,9085,68
5,27,9085,69
5,27,9085,70
5,27,9085,71
5,27,9085,72
5,27,9085,73
5,27,9085,74
5,27,9085,75
5,27,9085,76
5,27,9085,77
5,27,9085,78
5,27,9085,79
5,27,9085,80
5,27,9085,81
5,27,9085,82
5,27,9085,83
5,27,9085,84
5,27,9085,85
5,27,9085,86
5,27,9085,87
5,27,9085,88
5,27,9085,89
5,27,9085,90
5,27,9085,91
5,27,9085,92
5,27,9085,93
5,27,9085,94
5,27,9085,95
5,27,9085,96
5,27,9085,97
5,27,9085,98
5,27,9085,99
5,27,9085,100
5,27,9085,101
5,27,9085,102
5,27,9085,103
5,27,9085,104
5,27,9085,105
5,27,9085,106
5,27,9085,107
5,27,9085,108
5,27,9085,109
5,27,9085,110
5,27,9085,111
5,27,9085,112
5,27,9085,113
5,27,9085,114
5,27,9085,115
5,27,9085,116
5,27,9085,117
5,27,9085,118
5,27,9085,119
5,27,9085,120
5,27,9085,121
5,27,9085,122
5,27,9085,123
5,27,9085,124
5,27,9085,125
5,27,9085,126
5,27,9085,127
5,27,9085,128
5,27,9085,129
5,27,9085,130
5,27,9085,131
5,27,9085,132
5,27,9085,133
5,27,9085,134
5,27,9085,135
5,27,9085,136
5,27,9085,137
5,27,9085,138
5,27,9085,139
5,27,9085,140
5,27,9085,141
5,27,9085,142
5,27,9085,143
5,27,9085,144
5,27,9085,145
5,27,9085,146
5,27,9085,147
5,27,9085,148
5,27,9085,149
5,27,9085,150
5,27,9085,151
5,27,9085,152
5,27,9085,153
5,27,9085,154
5,27,9085,155
5,27,9085,156
5,27,9085,157
5,27,9085,158
5,27,9085,159
5,27,9085,160
5,27,9085,161
5,27,9085,162
5,27,9085,163
5,27,9085,164
5,27,9085,165
5,27,9085,166
5,27,9085,167
5,27,9085,168
5,27,9085,169
5,27,9085,170
5,27,9085,171
5,27,9085,172
5,27,9085,173
5,27,9085,174
5,27,9085,175
5,27,9085,176
5,27,9085,177
5,27,9085,178
5,27,9085,179
5,27,9085,180
5,27,9085,181
5,27,9085,182
5,27,9085,183
5,27,9085,184
5,27,9085,185
5,27,9085,186
5,27,9085,187
5,27,9085,188
5,27,9085,189
5,27,9085,190
5,27,9085,191
5,27,9085,192
5,27,9085,193
5,27,9085,194
5,27,9085,195
5,27,9085,196
5,27,9085,197
5,27,9085,198
5,27,9085,199
8,0,103925,0
8,0,103925,1
8,0,103925,2
8,0,103925,3
8,0,103925,4
8,0,103925,5
8,0,103925,6
8,0,103925,7
8,0,103925,8
8,0,103925,9
8,0,103925,10
8,0,103925,11
8,0,103925,12
8,0,103925,13
8,0,103925,14
8,0,103925,15
8,0,103925,16
8,0,103925,17
8,0,103925,18
8,0,103925,19
8,0,103925,20
8,0,103925,21
8,0,103925,22
8,0,103925,23
8,0,103925,24
8,0,103925,25
8,0,103925,26
8,0,103925,27
8,0,103925,28
8,0,103925,29
8,0,103925,30
8,0,103925,31
8,0,103925,32
8,0,103925,33
8,0,103925,34
8,0,103925,35
8,0,103925,36
8,0,103925,37
8,0,103925,38
8,0,103925,39
8,0,103925,40
8,0,103925,41
8,0,103925,42
8,0,103925,43
8,0,103925,44
8,0,103925,45
8,0,103925,46
8,0,103925,47
8,0,103925,48
8,0,103925,49
8,0,103925,50
8,0,103925,51
8,0,103925,52
8,0,103925,53
8,0,103925,54
8,0,103925,55
8,0,103925,56
8,0,103925,57
8,0,103925,58
8,0,103925,59
8,0,103925,60
8,0,103925,61
8,0,103925,62
8,0,103925,63
8,0,103925,64
8,0,103925,65
8,0,103925,66
8,0,103925,67
8,0,103925,68
8,0,103925,69
8,0,103925,70
8,0,103925,71
8,0,103925,72
8,0,103925,73
8,0,103925,74
8,0,103925,75
8,0,103925,76
8,0,103925,77
8,0,103925,78
8,0,103925,79
8,0,103925,80
8,0,103925,81
8,0,103925,82
8,0,103925,83
8,0,103925,84
8,0,103925,85
8,0,103925,86
8,0,103925,87
8,0,103925,88
8,0,103925,89
8,0,103925,90
8,0,103925,91
8,0,103925,92
8,0,103925,93
8,0,103925,94
8,0,103925,95
8,0,103925,96
8,0,103925,97
8,0,103925,98
8,0,103925,99
8,0,103925,100
8,0,103925,101
8,0,103925,102
8,0,103925,103
8,0,103925,104
8,0,103925,105
8,0,103925,106
8,0,103925,107
8,0,103925,108
8,0,103925,109
8,0,103925,110
8,0,103925,111
8,0,103925,112
8,0,103925,113
8,0,103925,114
8,0,103925,115
8,0,103925,116
8,0,103925,117
8,0,103925,118
8,0,103925,119
8,0,103925,120
8,0,103925,121
8,0,103925,122
8,0,103925,123
8,0,103925,124
8,0,103925,125
8,0,103925,126
8,0,103925,127
8,0,103925,128
8,0,103925,129
8,0,103925,130
8,0,103925,131
8,0,103925,132
8,0,103925,133
8,0,103925,134
8,0,103925,135
8,0,103925,136
8,0,103925,137
8,0,103925,138
8,0,103925,139
8,0,103925,140
8,0,103925,141
8,0,103925,142
8,0,103925,143
8,0,103925,144
8,0,103925,145
8,0,103925,146
8,0,103925,147
8,0,103925,148
8,0,103925,149
8,0,103925,150
8,0,103925,151
8,0,103925,152
8,0,103925,153
8,0,103925,154
8,0,103925,155
8,0,103925,156
8,0,103925,157
8,0,103925,158
8,0,103925,159
8,0,103925,160
8,0,103925,161
8,0,103925,162
8,0,103925,163
8,0,103925,164
8,0,103925,165
8,0,103925,166
8,0,103925,167
8,0,103925,168
8,0,103925,169
8,0,103925,170
8,0,103925,171
8,0,103925,172
8,0,103925,173
8,0,103925,174
8,0,103925,175
8,0,103925,176
8,0,103925,177
8,0,103925,178
8,0,103925,179
8,0,103925,180
8,0,103925,181
8,0,103925,182
8,0,103925,183
8,0,103925,184
8,0,103925,185
8,0,103925,186
8,0,103925,187
8,0,103925,188
8,0,103925,189
8,0,103925,190
8,0,103925,191
8,0,103925,192
8,0,103925,193
8,0,103925,194
8,0,103925,195
8,0,103925,196
8,0,103925,197
8,0,103925,198
8,0,103925,199
8,26,108325,0
8,26,108325,1
8,26,108325,2
8,26,108325,3
8,26,108325,4
8,26,108325,5
8,26,108325,6
8,26,108325,7
8,26,108325,8
8,26,108325,9
8,26,108325,10
8,26,108325,11
8,26,108325,12
8,26,108325,13
8,26,108325,14
8,26,108325,15
8,26,108325,16
8,26,108325,17
8,26,108325,18
8,26,108325,19
8,26,108325,20
8,26,108325,21
8,26,108325,22
8,26,108325,23
8,26,108325,24
8,26,108325,25
8,26,108325,26
8,26,108325,27
8,26,108325,28
8,26,108325,29
8,26,108325,30
8,26,108325,31
8,26,108325,32
8,26,108325,33
8,26,108325,34
8,26,108325,35
8,26,108325,36
8,26,108325,37
8,26,108325,38
8,26,108325,39
8,26,108325,40
8,26,108325,41
8,26,108325,42
8,26,108325,43
8,26,108325,44
8,26,108325,45
8,26,108325,46
8,26,108325,47
8,26,108325,48
8,26,108325,49
8,26,108325,50
8,26,108325,51
8,26,108325,52
8,26,108325,53
8,26,108325,54
8,26,108325,55
8,26,108325,56
8,26,108325,57
8,26,108325,58
8,26,108325,59
8,26,108325,60
8,26,108325,61
8,26,108325,62
8,26,108325,63
8,26,108325,64
8,26,108325,65
8,26,108325,66
8,26,108325,67
8,26,108325,68
8,26,108325,69
8,26,108325,70
8,26,108325,71
8,26,108325,72
8,26,108325,73
8,26,108325,74
8,26,108325,75
8,26,108325,76
8,26,108325,77
8,26,108325,78
8,26,108325,79
8,26,108325,80
8,26,108325,81
8,26,108325,82
8,26,108325,83
8,26,108325,84
8,26,108325,85
8,26,108325,86
8,26,108325,87
8,26,108325,88
8,26,108325,89
8,26,108325,90
8,26,108325,91
8,26,108325,92
8,26,108325,93
8,26,108325,94
8,26,108325,95
8,26,108325,96
8,26,108325,97
8,26,108325,98
8,26,108325,99
8,26,108325,100
8,26,108325,101
8,26,108325,102
8,26,108325,103
8,26,108325,104
8,26,108325,105
8,26,108325,106
8,26,108325,107
8,26,108325,108
8,26,108325,109
8,26,108325,110
8,26,108325,111
8,26,108325,112
8,26,108325,113
8,26,108325,114
8,26,108325,115
8,26,108325,116
8,26,108325,117
8,26,108325,118
8,26,108325,119
8,26,108325,120
8,26,108325,121
8,26,108325,122
8,26,108325,123
8,26,108325,124
8,26,108325,125
8,26,108325,126
8,26,108325,127
8,26,108325,128
8,26,108325,129
8,26,108325,130
8,26,108325,131
8,26,108325,132
8,26,108325,133
8,26,108325,134
8,26,108325,135
8,26,108325,136
8,26,108325,137
8,26,108325,138
8,26,108325,139
8,26,108325,140
8,26,108325,141
8,26,108325,142
8,26,108325,143
8,26,108325,144
8,26,108325,145
8,26,108325,146
8,26,108325,147
8,26,108325,148
8,26,108325,149
8,26,108325,150
8,26,108325,151
8,26,108325,152
8,26,108325,153
8,26,108325,154
8,26,108325,155
8,26,108325,156
8,26,108325,157
8,26,108325,158
8,26,108325,159
8,26,108325,160
8,26,108325,161
8,26,108325,162
8,26,108325,163
8,26,108325,164
8,26,108325,165
8,26,108325,166
8,26,108325,167
8,26,108325,168
8,26,108325,169
8,26,108325,170
8,26,108325,171
8,26,108325,172
8,26,108325,173
8,26,108325,174
8,26,108325,175
8,26,108325,176
8,26,108325,177
8,26,108325,178
8,26,108325,179
8,26,108325,180
8,26,108325,181
8,26,108325,182
8,26,108325,183
8,26,108325,184
8,26,108325,185
8,26,108325,186
8,26,108325,187
8,26,108325,188
8,26,108325,189
8,26,108325,190
8,26,108325,191
8,26,108325,192
8,26,108325,193
8,26,108325,194
8,26,108325,195
8,26,108325,196
8,26,108325,197
8,26,108325,198
8,26,108325,199
8,1,304595,0
8,1,304595,1
8,1,304595,2
8,1,304595,3
8,1,304595,4
8,1,304595,5
8,1,304595,6
8,1,304595,7
8,1,304595,8
8,1,304595,9
8,1,304595,10
8,1,304595,11
8,1,304595,12
8,1,304595,13
8,1,304595,14
8,1,304595,15
8,1,304595,16
8,1,304595,17
8,1,304595,18
8,1,304595,19
8,1,304595,20
8,1,304595,21
8,1,304595,22
8,1,304595,23
8,1,304595,24
8,1,304595,25
8,1,304595,26
8,1,304595,27
8,1,304595,28
8,1,304595,29
8,1,304595,30
8,1,304595,31
8,1,304595,32
8,1,304595,33
8,1,304595,34
8,1,304595,35
8,1,304595,36
8,1,304595,37
8,1,304595,38
8,1,304595,39
8,1,304595,40
8,1,304595,41
8,1,304595,42
8,1,304595,43
8,1,304595,44
8,1,304595,45
8,1,304595,46
8,1,304595,47
8,1,304595,48
8,1,304595,49
8,1,304595,50
8,1,304595,51
8,1,304595,52
8,1,304595,53
8,1,304595,54
8,1,304595,55
8,1,304595,56
8,1,304595,57
8,1,304595,58
8,1,304595,59
8,1,304595,60
8,1,304595,61
8,1,304595,62
8,1,304595,63
8,1,304595,64
8,1,304595,65
8,1,304595,66
8,1,304595,67
8,1,304595,68
8,1,304595,69
8,1,304595,70
8,1,304595,71
8,1,304595,72
8,1,304595,73
8,1,304595,74
8,1,304595,75
8,1,304595,76
8,1,304595,77
8,1,304595,78
8,1,304595,79
8,1,304595,80
8,1,304595,81
8,1,304595,82
8,1,304595,83
8,1,304595,84
8,1,304595,85
8,1,304595,86
8,1,304595,87
8,1,304595,88
8,1,304595,89
8,1,304595,90
8,1,304595,91
8,1,304595,92
8,1,304595,93
8,1,304595,94
8,1,304595,95
8,1,304595,96
8,1,304595,97
8,1,304595,98
8,1,304595,99
8,1,304595,100
8,1,304595,101
8,1,304595,102
8,1,304595,103
8,1,304595,104
8,1,304595,105
8,1,304595,106
8,1,304595,107
8,1,304595,108
8,1,304595,109
8,1,304595,110
8,1,304595,111
8,1,304595,112
8,1,304595,113
8,1,304595,114
8,1,304595,115
8,1,304595,116
8,1,304595,117
8,1,304595,118
8,1,304595,119
8,1,304595,120
8,1,304595,121
8,1,304595,122
8,1,304595,123
8,1,304595,124
8,1,304595,125
8,1,304595,126
8,1,304595,127
8,1,304595,128
8,1,304595,129
8,1,304595,130
8,1,304595,131
8,1,304595,132
8,1,304595,133
8,1,304595,134
8,1,304595,135
8,1,304595,136
8,1,304595,137
8,1,304595,138
8,1,304595,139
8,1,304595,140
8,1,304595,141
8,1,304595,142
8,1,304595,143
8,1,304595,144
8,1,304595,145
8,1,304595,146
8,1,304595,147
8,1,304595,148
8,1,304595,149
8,1,304595,150
8,1,304595,151
8,1,304595,152
8,1,304595,153
8,1,304595,154
8,1,304595,155
8,1,304595,156
8,1,304595,157
8,1,304595,158
8,1,304595,159
8,1,304595,160
8,1,304595,161
8,1,304595,162
8,1,304595,163
8,1,304595,164
8,1,304595,165
8,1,304595,166
8,1,304595,167
8,1,304595,168
8,1,304595,169
8,1,304595,170
8,1,304595,171
8,1,304595,172
8,1,304595,173
8,1,304595,174
8,1,304595,175
8,1,304595,176
8,1,304595,177
8,1,304595,178
8,1,304595,179
8,1,304595,180
8,1,304595,181
8,1,304595,182
8,1,304595,183
8,1,304595,184
8,1,304595,185
8,1,304595,186
8,1,304595,187
8,1,304595,188
8,1,304595,189
8,1,304595,190
8,1,304595,191
8,1,304595,192
8,1,304595,193
8,1,304595,194
8,1,304595,195
8,1,304595,196
8,1,304595,197
8,1,304595,198
8,1,304595,199
8,19,114445,0
8,19,114445,1
8,19,114445,2
8,19,114445,3
8,19,114445,4
8,19,114445,5
8,19,114445,6
8,19,114445,7
8,19,114445,8
8,19,114445,9
8,19,114445,10
8,19,114445,11
8,19,114445,12
8,19,114445,13
8,19,114445,14
8,19,114445,15
8,19,114445,16
8,19,114445,17
8,19,114445,18
8,19,114445,19
8,19,114445,20
8,19,114445,21
8,19,114445,22
8,19,114445,23
8,19,114445,24
8,19,114445,25
8,19,114445,26
8,19,114445,27
8,19,114445,28
8,19,114445,29
8,19,114445,30
8,19,114445,31
8,19,114445,32
8,19,114445,33
8,19,114445,34
8,19,114445,35
8,19,114445,36
8,19,114445,37
8,19,114445,38
8,19,114445,39
8,19,114445,40
8,19,114445,41
8,19,114445,42
8,19,114445,43
8,19,114445,44
8,19,114445,45
8,19,114445,46
8,19,114445,47
8,19,114445,48
8,19,114445,49
8,19,114445,50
8,19,114445,51
8,19,114445,52
8,19,114445,53
8,19,114445,54
8,19,114445,55
8,19,114445,56
8,19,114445,57
8,19,114445,58
8,19,114445,59
8,19,114445,60
8,19,114445,61
8,19,114445,62
8,19,114445,63
8,19,114445,64
8,19,114445,65
8,19,114445,66
8,19,114445,67
8,19,114445,68
8,19,114445,69
8,19,114445,70
8,19,114445,71
8,19,114445,72
8,19,114445,73
8,19,114445,74
8,19,114445,75
8,19,114445,76
8,19,114445,77
8,19,114445,78
8,19,114445,79
8,19,114445,80
8,19,114445,81
8,19,114445,82
8,19,114445,83
8,19,114445,84
8,19,114445,85
8,19,114445,86
8,19,114445,87
8,19,114445,88
8,19,114445,89
8,19,114445,90
8,19,114445,91
8,19,114445,92
8,19,114445,93
8,19,114445,94
8,19,114445,95
8,19,114445,96
8,19,114445,97
8,19,114445,98
8,19,114445,99
8,19,114445,100
8,19,114445,101
8,19,114445,102
8,19,114445,103
8,19,114445,104
8,19,114445,105
8,19,114445,106
8,19,114445,107
8,19,114445,108
8,19,114445,109
8,19,114445,110
8,19,114445,111
8,19,114445,112
8,19,114445,113
8,19,114445,114
8,19,114445,115
8,19,114445,116
8,19,114445,117
8,19,114445,118
8,19,114445,119
8,19,114445,120
8,19,114445,121
8,19,114445,122
8,19,114445,123
8,19,114445,124
8,19,114445,125
8,19,114445,126
8,19,114445,127
8,19,114445,128
8,19,114445,129
8,19,114445,130
8,19,114445,131
8,19,114445,132
8,19,114445,133
8,19,114445,134
8,19,114445,135
8,19,114445,136
8,19,114445,137
8,19,114445,138
8,19,114445,139
8,19,114445,140
8,19,114445,141
8,19,114445,142
8,19,114445,143
8,19,114445,144
8,19,114445,145
8,19,114445,146
8,19,114445,147
8,19,114445,148
8,19,114445,149
8,19,114445,150
8,19,114445,151
8,19,114445,152
8,19,114445,153
8,19,114445,154
8,19,114445,155
8,19,114445,156
8,19,114445,157
8,19,114445,158
8,19,114445,159
8,19,114445,160
8,19,114445,161
8,19,114445,162
8,19,114445,163
8,19,114445,164
8,19,114445,165
8,19,114445,166
8,19,114445,167
8,19,114445,168
8,19,114445,169
8,19,114445,170
8,19,114445,171
8,19,114445,172
8,19,114445,173
8,19,114445,174
8,19,114445,175
8,19,114445,176
8,19,114445,177
8,19,114445,178
8,19,114445,179
8,19,114445,180
8,19,114445,181
8,19,114445,182
8,19,114445,183
8,19,114445,184
8,19,114445,185
8,19,114445,186
8,19,114445,187
8,19,114445,188
8,19,114445,189
8,19,114445,190
8,19,114445,191
8,19,114445,192
8,19,114445,193
8,19,114445,194
8,19,114445,195
8,19,114445,196
8,19,114445,197
8,19,114445,198
8,19,114445,199
8,17,89945,0
8,17,89945,1
8,17,89945,2
8,17,89945,3
8,17,89945,4
8,17,89945,5
8,17,89945,6
8,17,89945,7
8,17,89945,8
8,17,89945,9
8,17,89945,10
8,17,89945,11
8,17,89945,12
8,17,89945,13
8,17,89945,14
8,17,89945,15
8,17,89945,16
8,17,89945,17
8,17,89945,18
8,17,89945,19
8,17,89945,20
8,17,89945,21
8,17,89945,22
8,17,89945,23
8,17,89945,24
8,17,89945,25
8,17,89945,26
8,17,89945,27
8,17,89945,28
8,17,89945,29
8,17,89945,30
8,17,89945,31
8,17,89945,32
8,17,89945,33
8,17,89945,34
8,17,89945,35
8,17,89945,36
8,17,89945,37
8,17,89945,38
8,17,89945,39
8,17,89945,40
8,17,89945,41
8,17,89945,42
8,17,89945,43
8,17,89945,44
8,17,89945,45
8,17,89945,46
8,17,89945,47
8,17,89945,48
8,17,89945,49
8,17,89945,50
8,17,89945,51
8,17,89945,52
8,17,89945,53
8,17,89945,54
8,17,89945,55
8,17,89945,56
8,17,89945,57
8,17,89945,58
8,17,89945,59
8,17,89945,60
8,17,89945,61
8,17,89945,62
8,17,89945,63
8,17,89945,64
8,17,89945,65
8,17,89945,66
8,17,89945,67
8,17,89945,68
8,17,89945,69
8,17,89945,70
8,17,89945,71
8,17,89945,72
8,17,89945,73
8,17,89945,74
8,17,89945,75
8,17,89945,76
8,17,89945,77
8,17,89945,78
8,17,89945,79
8,17,89945,80
8,17,89945,81
8,17,89945,82
8,17,89945,83
8,17,89945,84
8,17,89945,85
8,17,89945,86
8,17,89945,87
8,17,89945,88
8,17,89945,89
8,17,89945,90
8,17,89945,91
8,17,89945,92
8,17,89945,93
8,17,89945,94
8,17,89945,95
8,17,89945,96
8,17,89945,97
8,17,89945,98
8,17,89945,99
8,17,89945,100
8,17,89945,101
8,17,89945,102
8,17,89945,103
8,17,89945,104
8,17,89945,105
8,17,89945,106
8,17,89945,107
8,17,89945,108
8,17,89945,109
8,17,89945,110
8,17,89945,111
8,17,89945,112
8,17,89945,113
8,17,89945,114
8,17,89945,115
8,17,89945,116
8,17,89945,117
8,17,89945,118
8,17,89945,119
8,17,89945,120
8,17,89945,121
8,17,89945,122
8,17,89945,123
8,17,89945,124
8,17,89945,125
8,17,89945,126
8,17,89945,127
8,17,89945,128
8,17,89945,129
8,17,89945,130
8,17,89945,131
8,17,89945,132
8,17,89945,133
8,17,89945,134
8,17,89945,135
8,17,89945,136
8,17,89945,137
8,17,89945,138
8,17,89945,139
8,17,89945,140
8,17,89945,141
8,17,89945,142
8,17,89945,143
8,17,89945,144
8,17,89945,145
8,17,89945,146
8,17,89945,147
8,17,89945,148
8,17,89945,149
8,17,89945,150
8,17,89945,151
8,17,89945,152
8,17,89945,153
8,17,89945,154
8,17,89945,155
8,17,89945,156
8,17,89945,157
8,17,89945,158
8,17,89945,159
8,17,89945,160
8,17,89945,161
8,17,89945,162
8,17,89945,163
8,17,89945,164
8,17,89945,165
8,17,89945,166
8,17,89945,167
8,17,89945,168
8,17,89945,169
8,17,89945,170
8,17,89945,171
8,17,89945,172
8,17,89945,173
8,17,89945,174
8,17,89945,175
8,17,89945,176
8,17,89945,177
8,17,89945,178
8,17,89945,179
8,17,89945,180
8,17,89945,181
8,17,89945,182
8,17,89945,183
8,17,89945,184
8,17,89945,185
8,17,89945,186
8,17,89945,187
8,17,89945,188
8,17,89945,189
8,17,89945,190
8,17,89945,191
8,17,89945,192
8,17,89945,193
8,17,89945,194
8,17,89945,195
8,17,89945,196
8,17,89945,197
8,17,89945,198
8,17,89945,199
8,3,15635,0
8,3,15635,1
8,3,15635,2
8,3,15635,3
8,3,15635,4
8,3,15635,5
8,3,15635,6
8,3,15635,7
8,3,15635,8
8,3,15635,9
8,3,15635,10
8,3,15635,11
8,3,15635,12
8,3,15635,13
8,3,15635,14
8,3,15635,15
8,3,15635,16
8,3,15635,17
8,3,15635,18
8,3,15635,19
8,3,15635,20
8,3,15635,21
8,3,15635,22
8,3,15635,23
8,3,15635,24
8,3,15635,25
8,3,15635,26
8,3,15635,27
8,3,15635,28
8,3,15635,29
8,3,15635,30
8,3,15635,31
8,3,15635,32
8,3,15635,33
8,3,15635,34
8,3,15635,35
8,3,15635,36
8,3,15635,37
8,3,15635,38
8,3,15635,39
8,3,15635,40
8,3,15635,41
8,3,15635,42
8,3,15635,43
8,3,15635,44
8,3,15635,45
8,3,15635,46
8,3,15635,47
8,3,15635,48
8,3,15635,49
8,3,15635,50
8,3,15635,51
8,3,15635,52
8,3,15635,53
8,3,15635,54
8,3,15635,55
8,3,15635,56
8,3,15635,57
8,3,15635,58
8,3,15635,59
8,3,15635,60
8,3,15635,61
8,3,15635,62
8,3,15635,63
8,3,15635,64
8,3,15635,65
8,3,15635,66
8,3,15635,67
8,3,15635,68
8,3,15635,69
8,3,15635,70
8,3,15635,71
8,3,15635,72
8,3,15635,73
8,3,15635,74
8,3,15635,75
8,3,15635,76
8,3,15635,77
8,3,15635,78
8,3,15635,79
8,3,15635,80
8,3,15635,81
8,3,15635,82
8,3,15635,83
8,3,15635,84
8,3,15635,85
8,3,15635,86
8,3,15635,87
8,3,15635,88
8,3,15635,89
8,3,15635,90
8,3,15635,91
8,3,15635,92
8,3,15635,93
8,3,15635,94
8,3,15635,95
8,3,15635,96
8,3,15635,97
8,3,15635,98
8,3,15635,99
8,3,15635,100
8,3,15635,101
8,3,15635,102
8,3,15635,103
8,3,15635,104
8,3,15635,105
8,3,15635,106
8,3,15635,107
8,3,15635,108
8,3,15635,109
8,3,15635,110
8,3,15635,111
8,3,15635,112
8,3,15635,113
8,3,15635,114
8,3,15635,115
8,3,15635,116
8,3,15635,117
8,3,15635,118
8,3,15635,119
8,3,15635,120
8,3,15635,121
8,3,15635,122
8,3,15635,123
8,3,15635,124
8,3,15635,125
8,3,15635,126
8,3,15635,127
8,3,15635,128
8,3,15635,129
8,3,15635,130
8,3,15635,131
8,3,15635,132
8,3,15635,133
8,3,15635,134
8,3,15635,135
8,3,15635,136
8,3,15635,137
8,3,15635,138
8,3,15635,139
8,3,15635,140
8,3,15635,141
8,3,15635,142
8,3,15635,143
8,3,15635,144
8,3,15635,145
8,3,15635,146
8,3,15635,147
8,3,15635,148
8,3,15635,149
8,3,15635,150
8,3,15635,151
8,3,15635,152
8,3,15635,153
8,3,15635,154
8,3,15635,155
8,3,15635,156
8,3,15635,157
8,3,15635,158
8,3,15635,159
8,3,15635,160
8,3,15635,161
8,3,15635,162
8,3,15635,163
8,3,15635,164
8,3,15635,165
8,3,15635,166
8,3,15635,167
8,3,15635,168
8,3,15635,169
8,3,15635,170
8,3,15635,171
8,3,15635,172
8,3,15635,173
8,3,15635,174
8,3,15635,175
8,3,15635,176
8,3,15635,177
8,3,15635,178
8,3,15635,179
8,3,15635,180
8,3,15635,181
8,3,15635,182
8,3,15635,183
8,3,15635,184
8,3,15635,185
8,3,15635,186
8,3,15635,187
8,3,15635,188
8,3,15635,189
8,3,15635,190
8,3,15635,191
8,3,15635,192
8,3,15635,193
8,3,15635,194
8,3,15635,195
8,3,15635,196
8,3,15635,197
8,3,15635,198
8,3,15635,199
8,5,421795,0
8,5,421795,1
8,5,421795,2
8,5,421795,3
8,5,421795,4
8,5,421795,5
8,5,421795,6
8,5,421795,7
8,5,421795,8
8,5,421795,9
8,5,421795,10
8,5,421795,11
8,5,421795,12
8,5,421795,13
8,5,421795,14
8,5,421795,15
8,5,421795,16
8,5,421795,17
8,5,421795,18
8,5,421795,19
8,5,421795,20
8,5,421795,21
8,5,421795,22
8,5,421795,23
8,5,421795,24
8,5,421795,25
8,5,421795,26
8,5,421795,27
8,5,421795,28
8,5,421795,29
8,5,421795,30
8,5,421795,31
8,5,421795,32
8,5,421795,33
8,5,421795,34
8,5,421795,35
8,5,421795,36
8,5,421795,37
8,5,421795,38
8,5,421795,39
8,5,421795,40
8,5,421795,41
8,5,421795,42
8,5,421795,43
8,5,421795,44
8,5,421795,45
8,5,421795,46
8,5,421795,47
8,5,421795,48
8,5,421795,49
8,5,421795,50
8,5,421795,51
8,5,421795,52
8,5,421795,53
8,5,421795,54
8,5,421795,55
8,5,421795,56
8,5,421795,57
8,5,421795,58
8,5,421795,59
8,5,421795,60
8,5,421795,61
8,5,421795,62
8,5,421795,63
8,5,421795,64
8,5,421795,65
8,5,421795,66
8,5,421795,67
8,5,421795,68
8,5,421795,69
8,5,421795,70
8,5,421795,71
8,5,421795,72
8,5,421795,73
8,5,421795,74
8,5,421795,75
8,5,421795,76
8,5,421795,77
8,5,421795,78
8,5,421795,79
8,5,421795,80
8,5,421795,81
8,5,421795,82
8,5,421795,83
8,5,421795,84
8,5,421795,85
8,5,421795,86
8,5,421795,87
8,5,421795,88
8,5,421795,89
8,5,421795,90
8,5,421795,91
8,5,421795,92
8,5,421795,93
8,5,421795,94
8,5,421795,95
8,5,421795,96
8,5,421795,97
8,5,421795,98
8,5,421795,99
8,5,421795,100
8,5,421795,101
8,5,421795,102
8,5,421795,103
8,5,421795,104
8,5,421795,105
8,5,421795,106
8,5,421795,107
8,5,421795,108
8,5,421795,109
8,5,421795,110
8,5,421795,111
8,5,421795,112
8,5,421795,113
8,5,421795,114
8,5,421795,115
8,5,421795,116
8,5,421795,117
8,5,421795,118
8,5,421795,119
8,5,421795,120
8,5,421795,121
8,5,421795,122
8,5,421795,123
8,5,421795,124
8,5,421795,125
8,5,421795,126
8,5,421795,127
8,5,421795,128
8,5,421795,129
8,5,421795,130
8,5,421795,131
8,5,421795,132
8,5,421795,133
8,5,421795,134
8,5,421795,135
8,5,421795,136
8,5,421795,137
8,5,421795,138
8,5,421795,139
8,5,421795,140
8,5,421795,141
8,5,421795,142
8,5,421795,143
8,5,421795,144
8,5,421795,145
8,5,421795,146
8,5,421795,147
8,5,421795,148
8,5,421795,149
8,5,421795,150
8,5,421795,151
8,5,421795,152
8,5,421795,153
8,5,421795,154
8,5,421795,155
8,5,421795,156
8,5,421795,157
8,5,421795,158
8,5,421795,159
8,5,421795,160
8,5,421795,161
8,5,421795,162
8,5,421795,163
8,5,421795,164
8,5,421795,165
8,5,421795,166
8,5,421795,167
8,5,421795,168
8,5,421795,169
8,5,421795,170
8,5,421795,171
8,5,421795,172
8,5,421795,173
8,5,421795,174
8,5,421795,175
8,5,421795,176
8,5,421795,177
8,5,421795,178
8,5,421795,179
8,5,421795,180
8,5,421795,181
8,5,421795,182
8,5,421795,183
8,5,421795,184
8,5,421795,185
8,5,421795,186
8,5,421795,187
8,5,421795,188
8,5,421795,189
8,5,421795,190
8,5,421795,191
8,5,421795,192
8,5,421795,193
8,5,421795,194
8,5,421795,195
8,5,421795,196
8,5,421795,197
8,5,421795,198
8,5,421795,199
8,9,630405,0
8,9,630405,1
8,9,630405,2
8,9,630405,3
8,9,630405,4
8,9,630405,5
8,9,630405,6
8,9,630405,7
8,9,630405,8
8,9,630405,9
8,9,630405,10
8,9,630405,11
8,9,630405,12
8,9,630405,13
8,9,630405,14
8,9,630405,15
8,9,630405,16
8,9,630405,17
8,9,630405,18
8,9,630405,19
8,9,630405,20
8,9,630405,21
8,9,630405,22
8,9,630405,23
8,9,630405,24
8,9,630405,25
8,9,630405,26
8,9,630405,27
8,9,630405,28
8,9,630405,29
8,9,630405,30
8,9,630405,31
8,9,630405,32
8,9,630405,33
8,9,630405,34
8,9,630405,35
8,9,630405,36
8,9,630405,37
8,9,630405,38
8,9,630405,39
8,9,630405,40
8,9,630405,41
8,9,630405,42
8,9,630405,43
8,9,630405,44
8,9,630405,45
8,9,630405,46
8,9,630405,47
8,9,630405,48
8,9,630405,49
8,9,630405,50
8,9,630405,51
8,9,630405,52
8,9,630405,53
8,9,630405,54
8,9,630405,55
8,9,630405,56
8,9,630405,57
8,9,630405,58
8,9,630405,59
8,9,630405,60
8,9,630405,61
8,9,630405,62
8,9,630405,63
8,9,630405,64
8,9,630405,65
8,9,630405,66
8,9,630405,67
8,9,630405,68
8,9,630405,69
8,9,630405,70
8,9,630405,71
8,9,630405,72
8,9,630405,73
8,9,630405,74
8,9,630405,75
8,9,630405,76
8,9,630405,77
8,9,630405,78
8,9,630405,79
8,9,630405,80
8,9,630405,81
8,9,630405,82
8,9,630405,83
8,9,630405,84
8,9,630405,85
8,9,630405,86
8,9,630405,87
8,9,630405,88
8,9,630405,89
8,9,630405,90
8,9,630405,91
8,9,630405,92
8,9,630405,93
8,9,630405,94
8,9,630405,95
8,9,630405,96
8,9,630405,97
8,9,630405,98
8,9,630405,99
8,9,630405,100
8,9,630405,101
8,9,630405,102
8,9,630405,103
8,9,630405,104
8,9,630405,105
8,9,630405,106
8,9,630405,107
8,9,630405,108
8,9,630405,109
8,9,630405,110
8,9,630405,111
8,9,630405,112
8,9,630405,113
8,9,630405,114
8,9,630405,115
8,9,630405,116
8,9,630405,117
8,9,630405,118
8,9,630405,119
8,9,630405,120
8,9,630405,121
8,9,630405,122
8,9,630405,123
8,9,630405,124
8,9,630405,125
8,9,630405,126
8,9,630405,127
8,9,630405,128
8,9,630405,129
8,9,630405,130
8,9,630405,131
8,9,630405,132
8,9,630405,133
8,9,630405,134
8,9,630405,135
8,9,630405,136
8,9,630405,137
8,9,630405,138
8,9,630405,139
8,9,630405,140
8,9,630405,141
8,9,630405,142
8,9,630405,143
8,9,630405,144
8,9,630405,145
8,9,630405,146
8,9,630405,147
8,9,630405,148
8,9,630405,149
8,9,630405,150
8,9,630405,151
8,9,630405,152
8,9,630405,153
8,9,630405,154
8,9,630405,155
8,9,630405,156
8,9,630405,157
8,9,630405,158
8,9,630405,159
8,9,630405,160
8,9,630405,161
8,9,630405,162
8,9,630405,163
8,9,630405,164
8,9,630405,165
8,9,630405,166
8,9,630405,167
8,9,630405,168
8,9,630405,169
8,9,630405,170
8,9,630405,171
8,9,630405,172
8,9,630405,173
8,9,630405,174
8,9,630405,175
8,9,630405,176
8,9,630405,177
8,9,630405,178
8,9,630405,179
8,9,630405,180
8,9,630405,181
8,9,630405,182
8,9,630405,183
8,9,630405,184
8,9,630405,185
8,9,630405,186
8,9,630405,187
8,9,630405,188
8,9,630405,189
8,9,630405,190
8,9,630405,191
8,9,630405,192
8,9,630405,193
8,9,630405,194
8,9,630405,195
8,9,630405,196
8,9,630405,197
8,9,630405,198
8,9,630405,199
8,21,786215,0
8,21,786215,1
8,21,786215,2
8,21,786215,3
8,21,786215,4
8,21,786215,5
8,21,786215,6
8,21,786215,7
8,21,786215,8
8,21,786215,9
8,21,786215,10
8,21,786215,11
8,21,786215,12
8,21,786215,13
8,21,786215,14
8,21,786215,15
8,21,786215,16
8,21,786215,17
8,21,786215,18
8,21,786215,19
8,21,786215,20
8,21,786215,21
8,21,786215,22
8,21,786215,23
8,21,786215,24
8,21,786215,25
8,21,786215,26
8,21,786215,27
8,21,786215,28
8,21,786215,29
8,21,786215,30
8,21,786215,31
8,21,786215,32
8,21,786215,33
8,21,786215,34
8,21,786215,35
8,21,786215,36
8,21,786215,37
8,21,786215,38
8,21,786215,39
8,21,786215,40
8,21,786215,41
8,21,786215,42
8,21,786215,43
8,21,786215,44
8,21,786215,45
8,21,786215,46
8,21,786215,47
8,21,786215,48
8,21,786215,49
8,21,786215,50
8,21,786215,51
8,21,786215,52
8,21,786215,53
8,21,786215,54
8,21,786215,55
8,21,786215,56
8,21,786215,57
8,21,786215,58
8,21,786215,59
8,21,786215,60
8,21,786215,61
8,21,786215,62
8,21,786215,63
8,21,786215,64
8,21,786215,65
8,21,786215,66
8,21,786215,67
8,21,786215,68
8,21,786215,69
8,21,786215,70
8,21,786215,71
8,21,786215,72
8,21,786215,73
8,21,786215,74
8,21,786215,75
8,21,786215,76
8,21,786215,77
8,21,786215,78
8,21,786215,79
8,21,786215,80
8,21,786215,81
8,21,786215,82
8,21,786215,83
8,21,786215,84
8,21,786215,85
8,21,786215,86
8,21,786215,87
8,21,786215,88
8,21,786215,89
8,21,786215,90
8,21,786215,91
8,21,786215,92
8,21,786215,93
8,21,786215,94
8,21,786215,95
8,21,786215,96
8,21,786215,97
8,21,786215,98
8,21,786215,99
8,21,786215,100
8,21,786215,101
8,21,786215,102
8,21,786215,103
8,21,786215,104
8,21,786215,105
8,21,786215,106
8,21,786215,107
8,21,786215,108
8,21,786215,109
8,21,786215,110
8,21,786215,111
8,21,786215,112
8,21,786215,113
8,21,786215,114
8,21,786215,115
8,21,786215,116
8,21,786215,117
8,21,786215,118
8,21,786215,119
8,21,786215,120
8,21,786215,121
8,21,786215,122
8,21,786215,123
8,21,786215,124
8,21,786215,125
8,21,786215,126
8,21,786215,127
8,21,786215,128
8,21,786215,129
8,21,786215,130
8,21,786215,131
8,21,786215,132
8,21,786215,133
8,21,786215,134
8,21,786215,135
8,21,786215,136
8,21,786215,137
8,21,786215,138
8,21,786215,139
8,21,786215,140
8,21,786215,141
8,21,786215,142
8,21,786215,143
8,21,786215,144
8,21,786215,145
8,21,786215,146
8,21,786215,147
8,21,786215,148
8,21,786215,149
8,21,786215,150
8,21,786215,151
8,21,786215,152
8,21,786215,153
8,21,786215,154
8,21,786215,155
8,21,786215,156
8,21,786215,157
8,21,786215,158
8,21,786215,159
8,21,786215,160
8,21,786215,161
8,21,786215,162
8,21,786215,163
8,21,786215,164
8,21,786215,165
8,21,786215,166
8,21,786215,167
8,21,786215,168
8,21,786215,169
8,21,786215,170
8,21,786215,171
8,21,786215,172
8,21,786215,173
8,21,786215,174
8,21,786215,175
8,21,786215,176
8,21,786215,177
8,21,786215,178
8,21,786215,179
8,21,786215,180
8,21,786215,181
8,21,786215,182
8,21,786215,183
8,21,786215,184
8,21,786215,185
8,21,786215,186
8,21,786215,187
8,21,786215,188
8,21,786215,189
8,21,786215,190
8,21,786215,191
8,21,786215,192
8,21,786215,193
8,21,786215,194
8,21,786215,195
8,21,786215,196
8,21,786215,197
8,21,786215,198
8,21,786215,199
8,12,10705,0
8,12,10705,1
8,12,10705,2
8,12,10705,3
8,12,10705,4
8,12,10705,5
8,12,10705,6
8,12,10705,7
8,12,10705,8
8,12,10705,9
8,12,10705,10
8,12,10705,11
8,12,10705,12
8,12,10705,13
8,12,10705,14
8,12,10705,15
8,12,10705,16
8,12,10705,17
8,12,10705,18
8,12,10705,19
8,12,10705,20
8,12,10705,21
8,12,10705,22
8,12,10705,23
8,12,10705,24
8,12,10705,25
8,12,10705,26
8,12,10705,27
8,12,10705,28
8,12,10705,29
8,12,10705,30
8,12,10705,31
8,12,10705,32
8,12,10705,33
8,12,10705,34
8,12,10705,35
8,12,10705,36
8,12,10705,37
8,12,10705,38
8,12,10705,39
8,12,10705,40
8,12,10705,41
8,12,10705,42
8,12,10705,43
8,12,10705,44
8,12,10705,45
8,12,10705,46
8,12,10705,47
8,12,10705,48
8,12,10705,49
8,12,10705,50
8,12,10705,51
8,12,10705,52
8,12,10705,53
8,12,10705,54
8,12,10705,55
8,12,10705,56
8,12,10705,57
8,12,10705,58
8,12,10705,59
8,12,10705,60
8,12,10705,61
8,12,10705,62
8,12,10705,63
8,12,10705,64
8,12,10705,65
8,12,10705,66
8,12,10705,67
8,12,10705,68
8,12,10705,69
8,12,10705,70
8,12,10705,71
8,12,10705,72
8,12,10705,73
8,12,10705,74
8,12,10705,75
8,12,10705,76
8,12,10705,77
8,12,10705,78
8,12,10705,79
8,12,10705,80
8,12,10705,81
8,12,10705,82
8,12,10705,83
8,12,10705,84
8,12,10705,85
8,12,10705,86
8,12,10705,87
8,12,10705,88
8,12,10705,89
8,12,10705,90
8,12,10705,91
8,12,10705,92
8,12,10705,93
8,12,10705,94
8,12,10705,95
8,12,10705,96
8,12,10705,97
8,12,10705,98
8,12,10705,99
8,12,10705,100
8,12,10705,101
8,12,10705,102
8,12,10705,103
8,12,10705,104
8,12,10705,105
8,12,10705,106
8,12,10705,107
8,12,10705,108
8,12,10705,109
8,12,10705,110
8,12,10705,111
8,12,10705,112
8,12,10705,113
8,12,10705,114
8,12,10705,115
8,12,10705,116
8,12,10705,117
8,12,10705,118
8,12,10705,119
8,12,10705,120
8,12,10705,121
8,12,10705,122
8,12,10705,123
8,12,10705,124
8,12,10705,125
8,12,10705,126
8,12,10705,127
8,12,10705,128
8,12,10705,129
8,12,10705,130
8,12,10705,131
8,12,10705,132
8,12,10705,133
8,12,10705,134
8,12,10705,135
8,12,10705,136
8,12,10705,137
8,12,10705,138
8,12,10705,139
8,12,10705,140
8,12,10705,141
8,12,10705,142
8,12,10705,143
8,12,10705,144
8,12,10705,145
8,12,10705,146
8,12,10705,147
8,12,10705,148
8,12,10705,149
8,12,10705,150
8,12,10705,151
8,12,10705,152
8,12,10705,153
8,12,10705,154
8,12,10705,155
8,12,10705,156
8,12,10705,157
8,12,10705,158
8,12,10705,159
8,12,10705,160
8,12,10705,161
8,12,10705,162
8,12,10705,163
8,12,10705,164
8,12,10705,165
8,12,10705,166
8,12,10705,167
8,12,10705,168
8,12,10705,169
8,12,10705,170
8,12,10705,171
8,12,10705,172
8,12,10705,173
8,12,10705,174
8,12,10705,175
8,12,10705,176
8,12,10705,177
8,12,10705,178
8,12,10705,179
8,12,10705,180
8,12,10705,181
8,12,10705,182
8,12,10705,183
8,12,10705,184
8,12,10705,185
8,12,10705,186
8,12,10705,187
8,12,10705,188
8,12,10705,189
8,12,10705,190
8,12,10705,191
8,12,10705,192
8,12,10705,193
8,12,10705,194
8,12,10705,195
8,12,10705,196
8,12,10705,197
8,12,10705,198
8,12,10705,199
8,14,1467695,0
8,14,1467695,1
8,14,1467695,2
8,14,1467695,3
8,14,1467695,4
8,14,1467695,5
8,14,1467695,6
8,14,1467695,7
8,14,1467695,8
8,14,1467695,9
8,14,1467695,10
8,14,1467695,11
8,14,1467695,12
8,14,1467695,13
8,14,1467695,14
8,14,1467695,15
8,14,1467695,16
8,14,1467695,17
8,14,1467695,18
8,14,1467695,19
8,14,1467695,20
8,14,1467695,21
8,14,1467695,22
8,14,1467695,23
8,14,1467695,24
8,14,1467695,25
8,14,1467695,26
8,14,1467695,27
8,14,1467695,28
8,14,1467695,29
8,14,1467695,30
8,14,1467695,31
8,14,1467695,32
8,14,1467695,33
8,14,1467695,34
8,14,1467695,35
8,14,1467695,36
8,14,1467695,37
8,14,1467695,38
8,14,1467695,39
8,14,1467695,40
8,14,1467695,41
8,14,1467695,42
8,14,1467695,43
8,14,1467695,44
8,14,1467695,45
8,14,1467695,46
8,14,1467695,47
8,14,1467695,48
8,14,1467695,49
8,14,1467695,50
8,14,1467695,51
8,14,1467695,52
8,14,1467695,53
8,14,1467695,54
8,14,1467695,55
8,14,1467695,56
8,14,1467695,57
8,14,1467695,58
8,14,1467695,59
8,14,1467695,60
8,14,1467695,61
8,14,1467695,62
8,14,1467695,63
8,14,1467695,64
8,14,1467695,65
8,14,1467695,66
8,14,1467695,67
8,14,1467695,68
8,14,1467695,69
8,14,1467695,70
8,14,1467695,71
8,14,1467695,72
8,14,1467695,73
8,14,1467695,74
8,14,1467695,75
8,14,1467695,76
8,14,1467695,77
8,14,1467695,78
8,14,1467695,79
8,14,1467695,80
8,14,1467695,81
8,14,1467695,82
8,14,1467695,83
8,14,1467695,84
8,14,1467695,85
8,14,1467695,86
8,14,1467695,87
8,14,1467695,88
8,14,1467695,89
8,14,1467695,90
8,14,1467695,91
8,14,1467695,92
8,14,1467695,93
8,14,1467695,94
8,14,1467695,95
8,14,1467695,96
8,14,1467695,97
8,14,1467695,98
8,14,1467695,99
8,14,1467695,100
8,14,1467695,101
8,14,1467695,102
8,14,1467695,103
8,14,1467695,104
8,14,1467695,105
8,14,1467695,106
8,14,1467695,107
8,14,1467695,108
8,14,1467695,109
8,14,1467695,110
8,14,1467695,111
8,14,1467695,112
8,14,1467695,113
8,14,1467695,114
8,14,1467695,115
8,14,1467695,116
8,14,1467695,117
8,14,1467695,118
8,14,1467695,119
8,14,1467695,120
8,14,1467695,121
8,14,1467695,122
8,14,1467695,123
8,14,1467695,124
8,14,1467695,125
8,14,1467695,126
8,14,1467695,127
8,14,1467695,128
8,14,1467695,129
8,14,1467695,130
8,14,1467695,131
8,14,1467695,132
8,14,1467695,133
8,14,1467695,134
8,14,1467695,135
8,14,1467695,136
8,14,1467695,137
8,14,1467695,138
8,14,1467695,139
8,14,1467695,140
8,14,1467695,141
8,14,1467695,142
8,14,1467695,143
8,14,1467695,144
8,14,1467695,145
8,14,1467695,146
8,14,1467695,147
8,14,1467695,148
8,14,1467695,149
8,14,1467695,150
8,14,1467695,151
8,14,1467695,152
8,14,1467695,153
8,14,1467695,154
8,14,1467695,155
8,14,1467695,156
8,14,1467695,157
8,14,1467695,158
8,14,1467695,159
8,14,1467695,160
8,14,1467695,161
8,14,1467695,162
8,14,1467695,163
8,14,1467695,164
8,14,1467695,165
8,14,1467695,166
8,14,1467695,167
8,14,1467695,168
8,14,1467695,169
8,14,1467695,170
8,14,1467695,171
8,14,1467695,172
8,14,1467695,173
8,14,1467695,174
8,14,1467695,175
8,14,1467695,176
8,14,1467695,177
8,14,1467695,178
8,14,1467695,179
8,14,1467695,180
8,14,1467695,181
8,14,1467695,182
8,14,1467695,183
8,14,1467695,184
8,14,1467695,185
8,14,1467695,186
8,14,1467695,187
8,14,1467695,188
8,14,1467695,189
8,14,1467695,190
8,14,1467695,191
8,14,1467695,192
8,14,1467695,193
8,14,1467695,194
8,14,1467695,195
8,14,1467695,196
8,14,1467695,197
8,14,1467695,198
8,14,1467695,199
8,39,676145,0
8,39,676145,1
8,39,676145,2
8,39,676145,3
8,39,676145,4
8,39,676145,5
8,39,676145,6
8,39,676145,7
8,39,676145,8
8,39,676145,9
8,39,676145,10
8,39,676145,11
8,39,676145,12
8,39,676145,13
8,39,676145,14
8,39,676145,15
8,39,676145,16
8,39,676145,17
8,39,676145,18
8,39,676145,19
8,39,676145,20
8,39,676145,21
8,39,676145,22
8,39,676145,23
8,39,676145,24
8,39,676145,25
8,39,676145,26
8,39,676145,27
8,39,676145,28
8,39,676145,29
8,39,676145,30
8,39,676145,31
8,39,676145,32
8,39,676145,33
8,39,676145,34
8,39,676145,35
8,39,676145,36
8,39,676145,37
8,39,676145,38
8,39,676145,39
8,39,676145,40
8,39,676145,41
8,39,676145,42
8,39,676145,43
8,39,676145,44
8,39,676145,45
8,39,676145,46
8,39,676145,47
8,39,676145,48
8,39,676145,49
8,39,676145,50
8,39,676145,51
8,39,676145,52
8,39,676145,53
8,39,676145,54
8,39,676145,55
8,39,676145,56
8,39,676145,57
8,39,676145,58
8,39,676145,59
8,39,676145,60
8,39,676145,61
8,39,676145,62
8,39,676145,63
8,39,676145,64
8,39,676145,65
8,39,676145,66
8,39,676145,67
8,39,676145,68
8,39,676145,69
8,39,676145,70
8,39,676145,71
8,39,676145,72
8,39,676145,73
8,39,676145,74
8,39,676145,75
8,39,676145,76
8,39,676145,77
8,39,676145,78
8,39,676145,79
8,39,676145,80
8,39,676145,81
8,39,676145,82
8,39,676145,83
8,39,676145,84
8,39,676145,85
8,39,676145,86
8,39,676145,87
8,39,676145,88
8,39,676145,89
8,39,676145,90
8,39,676145,91
8,39,676145,92
8,39,676145,93
8,39,676145,94
8,39,676145,95
8,39,676145,96
8,39,676145,97
8,39,676145,98
8,39,676145,99
8,39,676145,100
8,39,676145,101
8,39,676145,102
8,39,676145,103
8,39,676145,104
8,39,676145,105
8,39,676145,106
8,39,676145,107
8,39,676145,108
8,39,676145,109
8,39,676145,110
8,39,676145,111
8,39,676145,112
8,39,676145,113
8,39,676145,114
8,39,676145,115
8,39,676145,116
8,39,676145,117
8,39,676145,118
8,39,676145,119
8,39,676145,120
8,39,676145,121
8,39,676145,122
8,39,676145,123
8,39,676145,124
8,39,676145,125
8,39,676145,126
8,39,676145,127
8,39,676145,128
8,39,676145,129
8,39,676145,130
8,39,676145,131
8,39,676145,132
8,39,676145,133
8,39,676145,134
8,39,676145,135
8,39,676145,136
8,39,676145,137
8,39,676145,138
8,39,676145,139
8,39,676145,140
8,39,676145,141
8,39,676145,142
8,39,676145,143
8,39,676145,144
8,39,676145,145
8,39,676145,146
8,39,676145,147
8,39,676145,148
8,39,676145,149
8,39,676145,150
8,39,676145,151
8,39,676145,152
8,39,676145,153
8,39,676145,154
8,39,676145,155
8,39,676145,156
8,39,676145,157
8,39,676145,158
8,39,676145,159
8,39,676145,160
8,39,676145,161
8,39,676145,162
8,39,676145,163
8,39,676145,164
8,39,676145,165
8,39,676145,166
8,39,676145,167
8,39,676145,168
8,39,676145,169
8,39,676145,170
8,39,676145,171
8,39,676145,172
8,39,676145,173
8,39,676145,174
8,39,676145,175
8,39,676145,176
8,39,676145,177
8,39,676145,178
8,39,676145,179
8,39,676145,180
8,39,676145,181
8,39,676145,182
8,39,676145,183
8,39,676145,184
8,39,676145,185
8,39,676145,186
8,39,676145,187
8,39,676145,188
8,39,676145,189
8,39,676145,190
8,39,676145,191
8,39,676145,192
8,39,676145,193
8,39,676145,194
8,39,676145,195
8,39,676145,196
8,39,676145,197
8,39,676145,198
8,39,676145,199
8,18,12135,0
8,18,12135,1
8,18,12135,2
8,18,12135,3
8,18,12135,4
8,18,12135,5
8,18,12135,6
8,18,12135,7
8,18,12135,8
8,18,12135,9
8,18,12135,10
8,18,12135,11
8,18,12135,12
8,18,12135,13
8,18,12135,14
8,18,12135,15
8,18,12135,16
8,18,12135,17
8,18,12135,18
8,18,12135,19
8,18,12135,20
8,18,12135,21
8,18,12135,22
8,18,12135,23
8,18,12135,24
8,18,12135,25
8,18,12135,26
8,18,12135,27
8,18,12135,28
8,18,12135,29
8,18,12135,30
8,18,12135,31
8,18,12135,32
8,18,12135,33
8,18,12135,34
8,18,12135,35
8,18,12135,36
8,18,12135,37
8,18,12135,38
8,18,12135,39
8,18,12135,40
8,18,12135,41
8,18,12135,42
8,18,12135,43
8,18,12135,44
8,18,12135,45
8,18,12135,46
8,18,12135,47
8,18,12135,48
8,18,12135,49
8,18,12135,50
8,18,12135,51
8,18,12135,52
8,18,12135,53
8,18,12135,54
8,18,12135,55
8,18,12135,56
8,18,12135,57
8,18,12135,58
8,18,12135,59
8,18,12135,60
8,18,12135,61
8,18,12135,62
8,18,12135,63
8,18,12135,64
8,18,12135,65
8,18,12135,66
8,18,12135,67
8,18,12135,68
8,18,12135,69
8,18,12135,70
8,18,12135,71
8,18,12135,72
8,18,12135,73
8,18,12135,74
8,18,12135,75
8,18,12135,76
8,18,12135,77
8,18,12135,78
8,18,12135,79
8,18,12135,80
8,18,12135,81
8,18,12135,82
8,18,12135,83
8,18,12135,84
8,18,12135,85
8,18,12135,86
8,18,12135,87
8,18,12135,88
8,18,12135,89
8,18,12135,90
8,18,12135,91
8,18,12135,92
8,18,12135,93
8,18,12135,94
8,18,12135,95
8,18,12135,96
8,18,12135,97
8,18,12135,98
8,18,12135,99
8,18,12135,100
8,18,12135,101
8,18,12135,102
8,18,12135,103
8,18,12135,104
8,18,12135,105
8,18,12135,106
8,18,12135,107
8,18,12135,108
8,18,12135,109
8,18,12135,110
8,18,12135,111
8,18,12135,112
8,18,12135,113
8,18,12135,114
8,18,12135,115
8,18,12135,116
8,18,12135,117
8,18,12135,118
8,18,12135,119
8,18,12135,120
8,18,12135,121
8,18,12135,122
8,18,12135,123
8,18,12135,124
8,18,12135,125
8,18,12135,126
8,18,12135,127
8,18,12135,128
8,18,12135,129
8,18,12135,130
8,18,12135,131
8,18,12135,132
8,18,12135,133
8,18,12135,134
8,18,12135,135
8,18,12135,136
8,18,12135,137
8,18,12135,138
8,18,12135,139
8,18,12135,140
8,18,12135,141
8,18,12135,142
8,18,12135,143
8,18,12135,144
8,18,12135,145
8,18,12135,146
8,18,12135,147
8,18,12135,148
8,18,12135,149
8,18,12135,150
8,18,12135,151
8,18,12135,152
8,18,12135,153
8,18,12135,154
8,18,12135,155
8,18,12135,156
8,18,12135,157
8,18,12135,158
8,18,12135,159
8,18,12135,160
8,18,12135,161
8,18,12135,162
8,18,12135,163
8,18,12135,164
8,18,12135,165
8,18,12135,166
8,18,12135,167
8,18,12135,168
8,18,12135,169
8,18,12135,170
8,18,12135,171
8,18,12135,172
8,18,12135,173
8,18,12135,174
8,18,12135,175
8,18,12135,176
8,18,12135,177
8,18,12135,178
8,18,12135,179
8,18,12135,180
8,18,12135,181
8,18,12135,182
8,18,12135,183
8,18,12135,184
8,18,12135,185
8,18,12135,186
8,18,12135,187
8,18,12135,188
8,18,12135,189
8,18,12135,190
8,18,12135,191
8,18,12135,192
8,18,12135,193
8,18,12135,194
8,18,12135,195
8,18,12135,196
8,18,12135,197
8,18,12135,198
8,18,12135,199
8,20,318175,0
8,20,318175,1
8,20,318175,2
8,20,318175,3
8,20,318175,4
8,20,318175,5
8,20,318175,6
8,20,318175,7
8,20,318175,8
8,20,318175,9
8,20,318175,10
8,20,318175,11
8,20,318175,12
8,20,318175,13
8,20,318175,14
8,20,318175,15
8,20,318175,16
8,20,318175,17
8,20,318175,18
8,20,318175,19
8,20,318175,20
8,20,318175,21
8,20,318175,22
8,20,318175,23
8,20,318175,24
8,20,318175,25
8,20,318175,26
8,20,318175,27
8,20,318175,28
8,20,318175,29
8,20,318175,30
8,20,318175,31
8,20,318175,32
8,20,318175,33
8,20,318175,34
8,20,318175,35
8,20,318175,36
8,20,318175,37
8,20,318175,38
8,20,318175,39
8,20,318175,40
8,20,318175,41
8,20,318175,42
8,20,318175,43
8,20,318175,44
8,20,318175,45
8,20,318175,46
8,20,318175,47
8,20,318175,48
8,20,318175,49
8,20,318175,50
8,20,318175,51
8,20,318175,52
8,20,318175,53
8,20,318175,54
8,20,318175,55
8,20,318175,56
8,20,318175,57
8,20,318175,58
8,20,318175,59
8,20,318175,60
8,20,318175,61
8,20,318175,62
8,20,318175,63
8,20,318175,64
8,20,318175,65
8,20,318175,66
8,20,318175,67
8,20,318175,68
8,20,318175,69
8,20,318175,70
8,20,318175,71
8,20,318175,72
8,20,318175,73
8,20,318175,74
8,20,318175,75
8,20,318175,76
8,20,318175,77
8,20,318175,78
8,20,318175,79
8,20,318175,80
8,20,318175,81
8,20,318175,82
8,20,318175,83
8,20,318175,84
8,20,318175,85
8,20,318175,86
8,20,318175,87
8,20,318175,88
8,20,318175,89
8,20,318175,90
8,20,318175,91
8,20,318175,92
8,20,318175,93
8,20,318175,94
8,20,318175,95
8,20,318175,96
8,20,318175,97
8,20,318175,98
8,20,318175,99
8,20,318175,100
8,20,318175,101
8,20,318175,102
8,20,318175,103
8,20,318175,104
8,20,318175,105
8,20,318175,106
8,20,318175,107
8,20,318175,108
8,20,318175,109
8,20,318175,110
8,20,318175,111
8,20,318175,112
8,20,318175,113
8,20,318175,114
8,20,318175,115
8,20,318175,116
8,20,318175,117
8,20,318175,118
8,20,318175,119
8,20,318175,120
8,20,318175,121
8,20,318175,122
8,20,318175,123
8,20,318175,124
8,20,318175,125
8,20,318175,126
8,20,318175,127
8,20,318175,128
8,20,318175,129
8,20,318175,130
8,20,318175,131
8,20,318175,132
8,20,318175,133
8,20,318175,134
8,20,318175,135
8,20,318175,136
8,20,318175,137
8,20,318175,138
8,20,318175,139
8,20,318175,140
8,20,318175,141
8,20,318175,142
8,20,318175,143
8,20,318175,144
8,20,318175,145
8,20,318175,146
8,20,318175,147
8,20,318175,148
8,20,318175,149
8,20,318175,150
8,20,318175,151
8,20,318175,152
8,20,318175,153
8,20,318175,154
8,20,318175,155
8,20,318175,156
8,20,318175,157
8,20,318175,158
8,20,318175,159
8,20,318175,160
8,20,318175,161
8,20,318175,162
8,20,318175,163
8,20,318175,164
8,20,318175,165
8,20,318175,166
8,20,318175,167
8,20,318175,168
8,20,318175,169
8,20,318175,170
8,20,318175,171
8,20,318175,172
8,20,318175,173
8,20,318175,174
8,20,318175,175
8,20,318175,176
8,20,318175,177
8,20,318175,178
8,20,318175,179
8,20,318175,180
8,20,318175,181
8,20,318175,182
8,20,318175,183
8,20,318175,184
8,20,318175,185
8,20,318175,186
8,20,318175,187
8,20,318175,188
8,20,318175,189
8,20,318175,190
8,20,318175,191
8,20,318175,192
8,20,318175,193
8,20,318175,194
8,20,318175,195
8,20,318175,196
8,20,318175,197
8,20,318175,198
8,20,318175,199
8,27,475295,0
8,27,475295,1
8,27,475295,2
8,27,475295,3
8,27,475295,4
8,27,475295,5
8,27,475295,6
8,27,475295,7
8,27,475295,8
8,27,475295,9
8,27,475295,10
8,27,475295,11
8,27,475295,12
8,27,475295,13
8,27,475295,14
8,27,475295,15
8,27,475295,16
8,27,475295,17
8,27,475295,18
8,27,475295,19
8,27,475295,20
8,27,475295,21
8,27,475295,22
8,27,475295,23
8,27,475295,24
8,27,475295,25
8,27,475295,26
8,27,475295,27
8,27,475295,28
8,27,475295,29
8,27,475295,30
8,27,475295,31
8,27,475295,32
8,27,475295,33
8,27,475295,34
8,27,475295,35
8,27,475295,36
8,27,475295,37
8,27,475295,38
8,27,475295,39
8,27,475295,40
8,27,475295,41
8,27,475295,42
8,27,475295,43
8,27,475295,44
8,27,475295,45
8,27,475295,46
8,27,475295,47
8,27,475295,48
8,27,475295,49
8,27,475295,50
8,27,475295,51
8,27,475295,52
8,27,475295,53
8,27,475295,54
8,27,475295,55
8,27,475295,56
8,27,475295,57
8,27,475295,58
8,27,475295,59
8,27,475295,60
8,27,475295,61
8,27,475295,62
8,27,475295,63
8,27,475295,64
8,27,475295,65
8,27,475295,66
8,27,475295,67
8,27,475295,68
8,27,475295,69
8,27,475295,70
8,27,475295,71
8,27,475295,72
8,27,475295,73
8,27,475295,74
8,27,475295,75
8,27,475295,76
8,27,475295,77
8,27,475295,78
8,27,475295,79
8,27,475295,80
8,27,475295,81
8,27,475295,82
8,27,475295,83
8,27,475295,84
8,27,475295,85
8,27,475295,86
8,27,475295,87
8,27,475295,88
8,27,475295,89
8,27,475295,90
8,27,475295,91
8,27,475295,92
8,27,475295,93
8,27,475295,94
8,27,475295,95
8,27,475295,96
8,27,475295,97
8,27,475295,98
8,27,475295,99
8,27,475295,100
8,27,475295,101
8,27,475295,102
8,27,475295,103
8,27,475295,104
8,27,475295,105
8,27,475295,106
8,27,475295,107
8,27,475295,108
8,27,475295,109
8,27,475295,110
8,27,475295,111
8,27,475295,112
8,27,475295,113
8,27,475295,114
8,27,475295,115
8,27,475295,116
8,27,475295,117
8,27,475295,118
8,27,475295,119
8,27,475295,120
8,27,475295,121
8,27,475295,122
8,27,475295,123
8,27,475295,124
8,27,475295,125
8,27,475295,126
8,27,475295,127
8,27,475295,128
8,27,475295,129
8,27,475295,130
8,27,475295,131
8,27,475295,132
8,27,475295,133
8,27,475295,134
8,27,475295,135
8,27,475295,136
8,27,475295,137
8,27,475295,138
8,27,475295,139
8,27,475295,140
8,27,475295,141
8,27,475295,142
8,27,475295,143
8,27,475295,144
8,27,475295,145
8,27,475295,146
8,27,475295,147
8,27,475295,148
8,27,475295,149
8,27,475295,150
8,27,475295,151
8,27,475295,152
8,27,475295,153
8,27,475295,154
8,27,475295,155
8,27,475295,156
8,27,475295,157
8,27,475295,158
8,27,475295,159
8,27,475295,160
8,27,475295,161
8,27,475295,162
8,27,475295,163
8,27,475295,164
8,27,475295,165
8,27,475295,166
8,27,475295,167
8,27,475295,168
8,27,475295,169
8,27,475295,170
8,27,475295,171
8,27,475295,172
8,27,475295,173
8,27,475295,174
8,27,475295,175
8,27,475295,176
8,27,475295,177
8,27,475295,178
8,27,475295,179
8,27,475295,180
8,27,475295,181
8,27,475295,182
8,27,475295,183
8,27,475295,184
8,27,475295,185
8,27,475295,186
8,27,475295,187
8,27,475295,188
8,27,475295,189
8,27,475295,190
8,27,475295,191
8,27,475295,192
8,27,475295,193
8,27,475295,194
8,27,475295,195
8,27,475295,196
8,27,475295,197
8,27,475295,198
8,27,475295,199
8,29,7785,0
8,29,7785,1
8,29,7785,2
8,29,7785,3
8,29,7785,4
8,29,7785,5
8,29,7785,6
8,29,7785,7
8,29,7785,8
8,29,7785,9
8,29,7785,10
8,29,7785,11
8,29,7785,12
8,29,7785,13
8,29,7785,14
8,29,7785,15
8,29,7785,16
8,29,7785,17
8,29,7785,18
8,29,7785,19
8,29,7785,20
8,29,7785,21
8,29,7785,22
8,29,7785,23
8,29,7785,24
8,29,7785,25
8,29,7785,26
8,29,7785,27
8,29,7785,28
8,29,7785,29
8,29,7785,30
8,29,7785,31
8,29,7785,32
8,29,7785,33
8,29,7785,34
8,29,7785,35
8,29,7785,36
8,29,7785,37
8,29,7785,38
8,29,7785,39
8,29,7785,40
8,29,7785,41
8,29,7785,42
8,29,7785,43
8,29,7785,44
8,29,7785,45
8,29,7785,46
8,29,7785,47
8,29,7785,48
8,29,7785,49
8,29,7785,50
8,29,7785,51
8,29,7785,52
8,29,7785,53
8,29,7785,54
8,29,7785,55
8,29,7785,56
8,29,7785,57
8,29,7785,58
8,29,7785,59
8,29,7785,60
8,29,7785,61
8,29,7785,62
8,29,7785,63
8,29,7785,64
8,29,7785,65
8,29,7785,66
8,29,7785,67
8,29,7785,68
8,29,7785,69
8,29,7785,70
8,29,7785,71
8,29,7785,72
8,29,7785,73
8,29,7785,74
8,29,7785,75
8,29,7785,76
8,29,7785,77
8,29,7785,78
8,29,7785,79
8,29,7785,80
8,29,7785,81
8,29,7785,82
8,29,7785,83
8,29,7785,84
8,29,7785,85
8,29,7785,86
8,29,7785,87
8,29,7785,88
8,29,7785,89
8,29,7785,90
8,29,7785,91
8,29,7785,92
8,29,7785,93
8,29,7785,94
8,29,7785,95
8,29,7785,96
8,29,7785,97
8,29,7785,98
8,29,7785,99
8,29,7785,100
8,29,7785,101
8,29,7785,102
8,29,7785,103
8,29,7785,104
8,29,7785,105
8,29,7785,106
8,29,7785,107
8,29,7785,108
8,29,7785,109
8,29,7785,110
8,29,7785,111
8,29,7785,112
8,29,7785,113
8,29,7785,114
8,29,7785,115
8,29,7785,116
8,29,7785,117
8,29,7785,118
8,29,7785,119
8,29,7785,120
8,29,7785,121
8,29,7785,122
8,29,7785,123
8,29,7785,124
8,29,7785,125
8,29,7785,126
8,29,7785,127
8,29,7785,128
8,29,7785,129
8,29,7785,130
8,29,7785,131
8,29,7785,132
8,29,7785,133
8,29,7785,134
8,29,7785,135
8,29,7785,136
8,29,7785,137
8,29,7785,138
8,29,7785,139
8,29,7785,140
8,29,7785,141
8,29,7785,142
8,29,7785,143
8,29,7785,144
8,29,7785,145
8,29,7785,146
8,29,7785,147
8,29,7785,148
8,29,7785,149
8,29,7785,150
8,29,7785,151
8,29,7785,152
8,29,7785,153
8,29,7785,154
8,29,7785,155
8,29,7785,156
8,29,7785,157
8,29,7785,158
8,29,7785,159
8,29,7785,160
8,29,7785,161
8,29,7785,162
8,29,7785,163
8,29,7785,164
8,29,7785,165
8,29,7785,166
8,29,7785,167
8,29,7785,168
8,29,7785,169
8,29,7785,170
8,29,7785,171
8,29,7785,172
8,29,7785,173
8,29,7785,174
8,29,7785,175
8,29,7785,176
8,29,7785,177
8,29,7785,178
8,29,7785,179
8,29,7785,180
8,29,7785,181
8,29,7785,182
8,29,7785,183
8,29,7785,184
8,29,7785,185
8,29,7785,186
8,29,7785,187
8,29,7785,188
8,29,7785,189
8,29,7785,190
8,29,7785,191
8,29,7785,192
8,29,7785,193
8,29,7785,194
8,29,7785,195
8,29,7785,196
8,29,7785,197
8,29,7785,198
8,29,7785,199
9,0,8510,0
9,0,8510,1
9,0,8510,2
9,0,8510,3
9,0,8510,4
9,0,8510,5
9,0,8510,6
9,0,8510,7
9,0,8510,8
9,0,8510,9
9,0,8510,10
9,0,8510,11
9,0,8510,12
9,0,8510,13
9,0,8510,14
9,0,8510,15
9,0,8510,16
9,0,8510,17
9,0,8510,18
9,0,8510,19
9,0,8510,20
9,0,8510,21
9,0,8510,22
9,0,8510,23
9,0,8510,24
9,0,8510,25
9,0,8510,26
9,0,8510,27
9,0,8510,28
9,0,8510,29
9,0,8510,30
9,0,8510,31
9,0,8510,32
9,0,8510,33
9,0,8510,34
9,0,8510,35
9,0,8510,36
9,0,8510,37
9,0,8510,38
9,0,8510,39
9,0,8510,40
9,0,8510,41
9,0,8510,42
9,0,8510,43
9,0,8510,44
9,0,8510,45
9,0,8510,46
9,0,8510,47
9,0,8510,48
9,0,8510,49
9,0,8510,50
9,0,8510,51
9,0,8510,52
9,0,8510,53
9,0,8510,54
9,0,8510,55
9,0,8510,56
9,0,8510,57
9,0,8510,58
9,0,8510,59
9,0,8510,60
9,0,8510,61
9,0,8510,62
9,0,8510,63
9,0,8510,64
9,0,8510,65
9,0,8510,66
9,0,8510,67
9,0,8510,68
9,0,8510,69
9,0,8510,70
9,0,8510,71
9,0,8510,72
9,0,8510,73
9,0,8510,74
9,0,8510,75
9,0,8510,76
9,0,8510,77
9,0,8510,78
9,0,8510,79
9,0,8510,80
9,0,8510,81
9,0,8510,82
9,0,8510,83
9,0,8510,84
9,0,8510,85
9,0,8510,86
9,0,8510,87
9,0,8510,88
9,0,8510,89
9,0,8510,90
9,0,8510,91
9,0,8510,92
9,0,8510,93
9,0,8510,94
9,0,8510,95
9,0,8510,96
9,0,8510,97
9,0,8510,98
9,0,8510,99
9,0,8510,100
9,0,8510,101
9,0,8510,102
9,0,8510,103
9,0,8510,104
9,0,8510,105
9,0,8510,106
9,0,8510,107
9,0,8510,108
9,0,8510,109
9,0,8510,110
9,0,8510,111
9,0,8510,112
9,0,8510,113
9,0,8510,114
9,0,8510,115
9,0,8510,116
9,0,8510,117
9,0,8510,118
9,0,8510,119
9,0,8510,120
9,0,8510,121
9,0,8510,122
9,0,8510,123
9,0,8510,124
9,0,8510,125
9,0,8510,126
9,0,8510,127
9,0,8510,128
9,0,8510,129
9,0,8510,130
9,0,8510,131
9,0,8510,132
9,0,8510,133
9,0,8510,134
9,0,8510,135
9,0,8510,136
9,0,8510,137
9,0,8510,138
9,0,8510,139
9,0,8510,140
9,0,8510,141
9,0,8510,142
9,0,8510,143
9,0,8510,144
9,0,8510,145
9,0,8510,146
9,0,8510,147
9,0,8510,148
9,0,8510,149
9,0,8510,150
9,0,8510,151
9,0,8510,152
9,0,8510,153
9,0,8510,154
9,0,8510,155
9,0,8510,156
9,0,8510,157
9,0,8510,158
9,0,8510,159
9,0,8510,160
9,0,8510,161
9,0,8510,162
9,0,8510,163
9,0,8510,164
9,0,8510,165
9,0,8510,166
9,0,8510,167
9,0,8510,168
9,0,8510,169
9,0,8510,170
9,0,8510,171
9,0,8510,172
9,0,8510,173
9,0,8510,174
9,0,8510,175
9,0,8510,176
9,0,8510,177
9,0,8510,178
9,0,8510,179
9,0,8510,180
9,0,8510,181
9,0,8510,182
9,0,8510,183
9,0,8510,184
9,0,8510,185
9,0,8510,186
9,0,8510,187
9,0,8510,188
9,0,8510,189
9,0,8510,190
9,0,8510,191
9,0,8510,192
9,0,8510,193
9,0,8510,194
9,0,8510,195
9,0,8510,196
9,0,8510,197
9,0,8510,198
9,0,8510,199
9,5,295545,0
9,5,295545,1
9,5,295545,2
9,5,295545,3
9,5,295545,4
9,5,295545,5
9,5,295545,6
9,5,295545,7
9,5,295545,8
9,5,295545,9
9,5,295545,10
9,5,295545,11
9,5,295545,12
9,5,295545,13
9,5,295545,14
9,5,295545,15
9,5,295545,16
9,5,295545,17
9,5,295545,18
9,5,295545,19
9,5,295545,20
9,5,295545,21
9,5,295545,22
9,5,295545,23
9,5,295545,24
9,5,295545,25
9,5,295545,26
9,5,295545,27
9,5,295545,28
9,5,295545,29
9,5,295545,30
9,5,295545,31
9,5,295545,32
9,5,295545,33
9,5,295545,34
9,5,295545,35
9,5,295545,36
9,5,295545,37
9,5,295545,38
9,5,295545,39
9,5,295545,40
9,5,295545,41
9,5,295545,42
9,5,295545,43
9,5,295545,44
9,5,295545,45
9,5,295545,46
9,5,295545,47
9,5,295545,48
9,5,295545,49
9,5,295545,50
9,5,295545,51
9,5,295545,52
9,5,295545,53
9,5,295545,54
9,5,295545,55
9,5,295545,56
9,5,295545,57
9,5,295545,58
9,5,295545,59
9,5,295545,60
9,5,295545,61
9,5,295545,62
9,5,295545,63
9,5,295545,64
9,5,295545,65
9,5,295545,66
9,5,295545,67
9,5,295545,68
9,5,295545,69
9,5,295545,70
9,5,295545,71
9,5,295545,72
9,5,295545,73
9,5,295545,74
9,5,295545,75
9,5,295545,76
9,5,295545,77
9,5,295545,78
9,5,295545,79
9,5,295545,80
9,5,295545,81
9,5,295545,82
9,5,295545,83
9,5,295545,84
9,5,295545,85
9,5,295545,86
9,5,295545,87
9,5,295545,88
9,5,295545,89
9,5,295545,90
9,5,295545,91
9,5,295545,92
9,5,295545,93
9,5,295545,94
9,5,295545,95
9,5,295545,96
9,5,295545,97
9,5,295545,98
9,5,295545,99
9,5,295545,100
9,5,295545,101
9,5,295545,102
9,5,295545,103
9,5,295545,104
9,5,295545,105
9,5,295545,106
9,5,295545,107
9,5,295545,108
9,5,295545,109
9,5,295545,110
9,5,295545,111
9,5,295545,112
9,5,295545,113
9,5,295545,114
9,5,295545,115
9,5,295545,116
9,5,295545,117
9,5,295545,118
9,5,295545,119
9,5,295545,120
9,5,295545,121
9,5,295545,122
9,5,295545,123
9,5,295545,124
9,5,295545,125
9,5,295545,126
9,5,295545,127
9,5,295545,128
9,5,295545,129
9,5,295545,130
9,5,295545,131
9,5,295545,132
9,5,295545,133
9,5,295545,134
9,5,295545,135
9,5,295545,136
9,5,295545,137
9,5,295545,138
9,5,295545,139
9,5,295545,140
9,5,295545,141
9,5,295545,142
9,5,295545,143
9,5,295545,144
9,5,295545,145
9,5,295545,146
9,5,295545,147
9,5,295545,148
9,5,295545,149
9,5,295545,150
9,5,295545,151
9,5,295545,152
9,5,295545,153
9,5,295545,154
9,5,295545,155
9,5,295545,156
9,5,295545,157
9,5,295545,158
9,5,295545,159
9,5,295545,160
9,5,295545,161
9,5,295545,162
9,5,295545,163
9,5,295545,164
9,5,295545,165
9,5,295545,166
9,5,295545,167
9,5,295545,168
9,5,295545,169
9,5,295545,170
9,5,295545,171
9,5,295545,172
9,5,295545,173
9,5,295545,174
9,5,295545,175
9,5,295545,176
9,5,295545,177
9,5,295545,178
9,5,295545,179
9,5,295545,180
9,5,295545,181
9,5,295545,182
9,5,295545,183
9,5,295545,184
9,5,295545,185
9,5,295545,186
9,5,295545,187
9,5,295545,188
9,5,295545,189
9,5,295545,190
9,5,295545,191
9,5,295545,192
9,5,295545,193
9,5,295545,194
9,5,295545,195
9,5,295545,196
9,5,295545,197
9,5,295545,198
9,5,295545,199
9,21,18625,0
9,21,18625,1
9,21,18625,2
9,21,18625,3
9,21,18625,4
9,21,18625,5
9,21,18625,6
9,21,18625,7
9,21,18625,8
9,21,18625,9
9,21,18625,10
9,21,18625,11
9,21,18625,12
9,21,18625,13
9,21,18625,14
9,21,18625,15
9,21,18625,16
9,21,18625,17
9,21,18625,18
9,21,18625,19
9,21,18625,20
9,21,18625,21
9,21,18625,22
9,21,18625,23
9,21,18625,24
9,21,18625,25
9,21,18625,26
9,21,18625,27
9,21,18625,28
9,21,18625,29
9,21,18625,30
9,21,18625,31
9,21,18625,32
9,21,18625,33
9,21,18625,34
9,21,18625,35
9,21,18625,36
9,21,18625,37
9,21,18625,38
9,21,18625,39
9,21,18625,40
9,21,18625,41
9,21,18625,42
9,21,18625,43
9,21,18625,44
9,21,18625,45
9,21,18625,46
9,21,18625,47
9,21,18625,48
9,21,18625,49
9,21,18625,50
9,21,18625,51
9,21,18625,52
9,21,18625,53
9,21,18625,54
9,21,18625,55
9,21,18625,56
9,21,18625,57
9,21,18625,58
9,21,18625,59
9,21,18625,60
9,21,18625,61
9,21,18625,62
9,21,18625,63
9,21,18625,64
9,21,18625,65
9,21,18625,66
9,21,18625,67
9,21,18625,68
9,21,18625,69
9,21,18625,70
9,21,18625,71
9,21,18625,72
9,21,18625,73
9,21,18625,74
9,21,18625,75
9,21,18625,76
9,21,18625,77
9,21,18625,78
9,21,18625,79
9,21,18625,80
9,21,18625,81
9,21,18625,82
9,21,18625,83
9,21,18625,84
9,21,18625,85
9,21,18625,86
9,21,18625,87
9,21,18625,88
9,21,18625,89
9,21,18625,90
9,21,18625,91
9,21,18625,92
9,21,18625,93
9,21,18625,94
9,21,18625,95
9,21,18625,96
9,21,18625,97
9,21,18625,98
9,21,18625,99
9,21,18625,100
9,21,18625,101
9,21,18625,102
9,21,18625,103
9,21,18625,104
9,21,18625,105
9,21,18625,106
9,21,18625,107
9,21,18625,108
9,21,18625,109
9,21,18625,110
9,21,18625,111
9,21,18625,112
9,21,18625,113
9,21,18625,114
9,21,18625,115
9,21,18625,116
9,21,18625,117
9,21,18625,118
9,21,18625,119
9,21,18625,120
9,21,18625,121
9,21,18625,122
9,21,18625,123
9,21,18625,124
9,21,18625,125
9,21,18625,126
9,21,18625,127
9,21,18625,128
9,21,18625,129
9,21,18625,130
9,21,18625,131
9,21,18625,132
9,21,18625,133
9,21,18625,134
9,21,18625,135
9,21,18625,136
9,21,18625,137
9,21,18625,138
9,21,18625,139
9,21,18625,140
9,21,18625,141
9,21,18625,142
9,21,18625,143
9,21,18625,144
9,21,18625,145
9,21,18625,146
9,21,18625,147
9,21,18625,148
9,21,18625,149
9,21,18625,150
9,21,18625,151
9,21,18625,152
9,21,18625,153
9,21,18625,154
9,21,18625,155
9,21,18625,156
9,21,18625,157
9,21,18625,158
9,21,18625,159
9,21,18625,160
9,21,18625,161
9,21,18625,162
9,21,18625,163
9,21,18625,164
9,21,18625,165
9,21,18625,166
9,21,18625,167
9,21,18625,168
9,21,18625,169
9,21,18625,170
9,21,18625,171
9,21,18625,172
9,21,18625,173
9,21,18625,174
9,21,18625,175
9,21,18625,176
9,21,18625,177
9,21,18625,178
9,21,18625,179
9,21,18625,180
9,21,18625,181
9,21,18625,182
9,21,18625,183
9,21,18625,184
9,21,18625,185
9,21,18625,186
9,21,18625,187
9,21,18625,188
9,21,18625,189
9,21,18625,190
9,21,18625,191
9,21,18625,192
9,21,18625,193
9,21,18625,194
9,21,18625,195
9,21,18625,196
9,21,18625,197
9,21,18625,198
9,21,18625,199
9,14,8675,0
9,14,8675,1
9,14,8675,2
9,14,8675,3
9,14,8675,4
9,14,8675,5
9,14,8675,6
9,14,8675,7
9,14,8675,8
9,14,8675,9
9,14,8675,10
9,14,8675,11
9,14,8675,12
9,14,8675,13
9,14,8675,14
9,14,8675,15
9,14,8675,16
9,14,8675,17
9,14,8675,18
9,14,8675,19
9,14,8675,20
9,14,8675,21
9,14,8675,22
9,14,8675,23
9,14,8675,24
9,14,8675,25
9,14,8675,26
9,14,8675,27
9,14,8675,28
9,14,8675,29
9,14,8675,30
9,14,8675,31
9,14,8675,32
9,14,8675,33
9,14,8675,34
9,14,8675,35
9,14,8675,36
9,14,8675,37
9,14,8675,38
9,14,8675,39
9,14,8675,40
9,14,8675,41
9,14,8675,42
9,14,8675,43
9,14,8675,44
9,14,8675,45
9,14,8675,46
9,14,8675,47
9,14,8675,48
9,14,8675,49
9,14,8675,50
9,14,8675,51
9,14,8675,52
9,14,8675,53
9,14,8675,54
9,14,8675,55
9,14,8675,56
9,14,8675,57
9,14,8675,58
9,14,8675,59
9,14,8675,60
9,14,8675,61
9,14,8675,62
9,14,8675,63
9,14,8675,64
9,14,8675,65
9,14,8675,66
9,14,8675,67
9,14,8675,68
9,14,8675,69
9,14,8675,70
9,14,8675,71
9,14,8675,72
9,14,8675,73
9,14,8675,74
9,14,8675,75
9,14,8675,76
9,14,8675,77
9,14,8675,78
9,14,8675,79
9,14,8675,80
9,14,8675,81
9,14,8675,82
9,14,8675,83
9,14,8675,84
9,14,8675,85
9,14,8675,86
9,14,8675,87
9,14,8675,88
9,14,8675,89
9,14,8675,90
9,14,8675,91
9,14,8675,92
9,14,8675,93
9,14,8675,94
9,14,8675,95
9,14,8675,96
9,14,8675,97
9,14,8675,98
9,14,8675,99
9,14,8675,100
9,14,8675,101
9,14,8675,102
9,14,8675,103
9,14,8675,104
9,14,8675,105
9,14,8675,106
9,14,8675,107
9,14,8675,108
9,14,8675,109
9,14,8675,110
9,14,8675,111
9,14,8675,112
9,14,8675,113
9,14,8675,114
9,14,8675,115
9,14,8675,116
9,14,8675,117
9,14,8675,118
9,14,8675,119
9,14,8675,120
9,14,8675,121
9,14,8675,122
9,14,8675,123
9,14,8675,124
9,14,8675,125
9,14,8675,126
9,14,8675,127
9,14,8675,128
9,14,8675,129
9,14,8675,130
9,14,8675,131
9,14,8675,132
9,14,8675,133
9,14,8675,134
9,14,8675,135
9,14,8675,136
9,14,8675,137
9,14,8675,138
9,14,8675,139
9,14,8675,140
9,14,8675,141
9,14,8675,142
9,14,8675,143
9,14,8675,144
9,14,8675,145
9,14,8675,146
9,14,8675,147
9,14,8675,148
9,14,8675,149
9,14,8675,150
9,14,8675,151
9,14,8675,152
9,14,8675,153
9,14,8675,154
9,14,8675,155
9,14,8675,156
9,14,8675,157
9,14,8675,158
9,14,8675,159
9,14,8675,160
9,14,8675,161
9,14,8675,162
9,14,8675,163
9,14,8675,164
9,14,8675,165
9,14,8675,166
9,14,8675,167
9,14,8675,168
9,14,8675,169
9,14,8675,170
9,14,8675,171
9,14,8675,172
9,14,8675,173
9,14,8675,174
9,14,8675,175
9,14,8675,176
9,14,8675,177
9,14,8675,178
9,14,8675,179
9,14,8675,180
9,14,8675,181
9,14,8675,182
9,14,8675,183
9,14,8675,184
9,14,8675,185
9,14,8675,186
9,14,8675,187
9,14,8675,188
9,14,8675,189
9,14,8675,190
9,14,8675,191
9,14,8675,192
9,14,8675,193
9,14,8675,194
9,14,8675,195
9,14,8675,196
9,14,8675,197
9,14,8675,198
9,14,8675,199
9,20,170795,0
9,20,170795,1
9,20,170795,2
9,20,170795,3
9,20,170795,4
9,20,170795,5
9,20,170795,6
9,20,170795,7
9,20,170795,8
9,20,170795,9
9,20,170795,10
9,20,170795,11
9,20,170795,12
9,20,170795,13
9,20,170795,14
9,20,170795,15
9,20,170795,16
9,20,170795,17
9,20,170795,18
9,20,170795,19
9,20,170795,20
9,20,170795,21
9,20,170795,22
9,20,170795,23
9,20,170795,24
9,20,170795,25
9,20,170795,26
9,20,170795,27
9,20,170795,28
9,20,170795,29
9,20,170795,30
9,20,170795,31
9,20,170795,32
9,20,170795,33
9,20,170795,34
9,20,170795,35
9,20,170795,36
9,20,170795,37
9,20,170795,38
9,20,170795,39
9,20,170795,40
9,20,170795,41
9,20,170795,42
9,20,170795,43
9,20,170795,44
9,20,170795,45
9,20,170795,46
9,20,170795,47
9,20,170795,48
9,20,170795,49
9,20,170795,50
9,20,170795,51
9,20,170795,52
9,20,170795,53
9,20,170795,54
9,20,170795,55
9,20,170795,56
9,20,170795,57
9,20,170795,58
9,20,170795,59
9,20,170795,60
9,20,170795,61
9,20,170795,62
9,20,170795,63
9,20,170795,64
9,20,170795,65
9,20,170795,66
9,20,170795,67
9,20,170795,68
9,20,170795,69
9,20,170795,70
9,20,170795,71
9,20,170795,72
9,20,170795,73
9,20,170795,74
9,20,170795,75
9,20,170795,76
9,20,170795,77
9,20,170795,78
9,20,170795,79
9,20,170795,80
9,20,170795,81
9,20,170795,82
9,20,170795,83
9,20,170795,84
9,20,170795,85
9,20,170795,86
9,20,170795,87
9,20,170795,88
9,20,170795,89
9,20,170795,90
9,20,170795,91
9,20,170795,92
9,20,170795,93
9,20,170795,94
9,20,170795,95
9,20,170795,96
9,20,170795,97
9,20,170795,98
9,20,170795,99
9,20,170795,100
9,20,170795,101
9,20,170795,102
9,20,170795,103
9,20,170795,104
9,20,170795,105
9,20,170795,106
9,20,170795,107
9,20,170795,108
9,20,170795,109
9,20,170795,110
9,20,170795,111
9,20,170795,112
9,20,170795,113
9,20,170795,114
9,20,170795,115
9,20,170795,116
9,20,170795,117
9,20,170795,118
9,20,170795,119
9,20,170795,120
9,20,170795,121
9,20,170795,122
9,20,170795,123
9,20,170795,124
9,20,170795,125
9,20,170795,126
9,20,170795,127
9,20,170795,128
9,20,170795,129
9,20,170795,130
9,20,170795,131
9,20,170795,132
9,20,170795,133
9,20,170795,134
9,20,170795,135
9,20,170795,136
9,20,170795,137
9,20,170795,138
9,20,170795,139
9,20,170795,140
9,20,170795,141
9,20,170795,142
9,20,170795,143
9,20,170795,144
9,20,170795,145
9,20,170795,146
9,20,170795,147
9,20,170795,148
9,20,170795,149
9,20,170795,150
9,20,170795,151
9,20,170795,152
9,20,170795,153
9,20,170795,154
9,20,170795,155
9,20,170795,156
9,20,170795,157
9,20,170795,158
9,20,170795,159
9,20,170795,160
9,20,170795,161
9,20,170795,162
9,20,170795,163
9,20,170795,164
9,20,170795,165
9,20,170795,166
9,20,170795,167
9,20,170795,168
9,20,170795,169
9,20,170795,170
9,20,170795,171
9,20,170795,172
9,20,170795,173
9,20,170795,174
9,20,170795,175
9,20,170795,176
9,20,170795,177
9,20,170795,178
9,20,170795,179
9,20,170795,180
9,20,170795,181
9,20,170795,182
9,20,170795,183
9,20,170795,184
9,20,170795,185
9,20,170795,186
9,20,170795,187
9,20,170795,188
9,20,170795,189
9,20,170795,190
9,20,170795,191
9,20,170795,192
9,20,170795,193
9,20,170795,194
9,20,170795,195
9,20,170795,196
9,20,170795,197
9,20,170795,198
9,20,170795,199
9,27,23520,0
9,27,23520,1
9,27,23520,2
9,27,23520,3
9,27,23520,4
9,27,23520,5
9,27,23520,6
9,27,23520,7
9,27,23520,8
9,27,23520,9
9,27,23520,10
9,27,23520,11
9,27,23520,12
9,27,23520,13
9,27,23520,14
9,27,23520,15
9,27,23520,16
9,27,23520,17
9,27,23520,18
9,27,23520,19
9,27,23520,20
9,27,23520,21
9,27,23520,22
9,27,23520,23
9,27,23520,24
9,27,23520,25
9,27,23520,26
9,27,23520,27
9,27,23520,28
9,27,23520,29
9,27,23520,30
9,27,23520,31
9,27,23520,32
9,27,23520,33
9,27,23520,34
9,27,23520,35
9,27,23520,36
9,27,23520,37
9,27,23520,38
9,27,23520,39
9,27,23520,40
9,27,23520,41
9,27,23520,42
9,27,23520,43
9,27,23520,44
9,27,23520,45
9,27,23520,46
9,27,23520,47
9,27,23520,48
9,27,23520,49
9,27,23520,50
9,27,23520,51
9,27,23520,52
9,27,23520,53
9,27,23520,54
9,27,23520,55
9,27,23520,56
9,27,23520,57
9,27,23520,58
9,27,23520,59
9,27,23520,60
9,27,23520,61
9,27,23520,62
9,27,23520,63
9,27,23520,64
9,27,23520,65
9,27,23520,66
9,27,23520,67
9,27,23520,68
9,27,23520,69
9,27,23520,70
9,27,23520,71
9,27,23520,72
9,27,23520,73
9,27,23520,74
9,27,23520,75
9,27,23520,76
9,27,23520,77
9,27,23520,78
9,27,23520,79
9,27,23520,80
9,27,23520,81
9,27,23520,82
9,27,23520,83
9,27,23520,84
9,27,23520,85
9,27,23520,86
9,27,23520,87
9,27,23520,88
9,27,23520,89
9,27,23520,90
9,27,23520,91
9,27,23520,92
9,27,23520,93
9,27,23520,94
9,27,23520,95
9,27,23520,96
9,27,23520,97
9,27,23520,98
9,27,23520,99
9,27,23520,100
9,27,23520,101
9,27,23520,102
9,27,23520,103
9,27,23520,104
9,27,23520,105
9,27,23520,106
9,27,23520,107
9,27,23520,108
9,27,23520,109
9,27,23520,110
9,27,23520,111
9,27,23520,112
9,27,23520,113
9,27,23520,114
9,27,23520,115
9,27,23520,116
9,27,23520,117
9,27,23520,118
9,27,23520,119
9,27,23520,120
9,27,23520,121
9,27,23520,122
9,27,23520,123
9,27,23520,124
9,27,23520,125
9,27,23520,126
9,27,23520,127
9,27,23520,128
9,27,23520,129
9,27,23520,130
9,27,23520,131
9,27,23520,132
9,27,23520,133
9,27,23520,134
9,27,23520,135
9,27,23520,136
9,27,23520,137
9,27,23520,138
9,27,23520,139
9,27,23520,140
9,27,23520,141
9,27,23520,142
9,27,23520,143
9,27,23520,144
9,27,23520,145
9,27,23520,146
9,27,23520,147
9,27,23520,148
9,27,23520,149
9,27,23520,150
9,27,23520,151
9,27,23520,152
9,27,23520,153
9,27,23520,154
9,27,23520,155
9,27,23520,156
9,27,23520,157
9,27,23520,158
9,27,23520,159
9,27,23520,160
9,27,23520,161
9,27,23520,162
9,27,23520,163
9,27,23520,164
9,27,23520,165
9,27,23520,166
9,27,23520,167
9,27,23520,168
9,27,23520,169
9,27,23520,170
9,27,23520,171
9,27,23520,172
9,27,23520,173
9,27,23520,174
9,27,23520,175
9,27,23520,176
9,27,23520,177
9,27,23520,178
9,27,23520,179
9,27,23520,180
9,27,23520,181
9,27,23520,182
9,27,23520,183
9,27,23520,184
9,27,23520,185
9,27,23520,186
9,27,23520,187
9,27,23520,188
9,27,23520,189
9,27,23520,190
9,27,23520,191
9,27,23520,192
9,27,23520,193
9,27,23520,194
9,27,23520,195
9,27,23520,196
9,27,23520,197
9,27,23520,198
9,27,23520,199
21,0,138810,0
21,0,138810,1
21,0,138810,2
21,0,138810,3
21,0,138810,4
21,0,138810,5
21,0,138810,6
21,0,138810,7
21,0,138810,8
21,0,138810,9
21,0,138810,10
21,0,138810,11
21,0,138810,12
21,0,138810,13
21,0,138810,14
21,0,138810,15
21,0,138810,16
21,0,138810,17
21,0,138810,18
21,0,138810,19
21,0,138810,20
21,0,138810,21
21,0,138810,22
21,0,138810,23
21,0,138810,24
21,0,138810,25
21,0,138810,26
21,0,138810,27
21,0,138810,28
21,0,138810,29
21,0,138810,30
21,0,138810,31
21,0,138810,32
21,0,138810,33
21,0,138810,34
21,0,138810,35
21,0,138810,36
21,0,138810,37
21,0,138810,38
21,0,138810,39
21,0,138810,40
21,0,138810,41
21,0,138810,42
21,0,138810,43
21,0,138810,44
21,0,138810,45
21,0,138810,46
21,0,138810,47
21,0,138810,48
21,0,138810,49
21,0,138810,50
21,0,138810,51
21,0,138810,52
21,0,138810,53
21,0,138810,54
21,0,138810,55
21,0,138810,56
21,0,138810,57
21,0,138810,58
21,0,138810,59
21,0,138810,60
21,0,138810,61
21,0,138810,62
21,0,138810,63
21,0,138810,64
21,0,138810,65
21,0,138810,66
21,0,138810,67
21,0,138810,68
21,0,138810,69
21,0,138810,70
21,0,138810,71
21,0,138810,72
21,0,138810,73
21,0,138810,74
21,0,138810,75
21,0,138810,76
21,0,138810,77
21,0,138810,78
21,0,138810,79
21,0,138810,80
21,0,138810,81
21,0,138810,82
21,0,138810,83
21,0,138810,84
21,0,138810,85
21,0,138810,86
21,0,138810,87
21,0,138810,88
21,0,138810,89
21,0,138810,90
21,0,138810,91
21,0,138810,92
21,0,138810,93
21,0,138810,94
21,0,138810,95
21,0,138810,96
21,0,138810,97
21,0,138810,98
21,0,138810,99
21,0,138810,100
21,0,138810,101
21,0,138810,102
21,0,138810,103
21,0,138810,104
21,0,138810,105
21,0,138810,106
21,0,138810,107
21,0,138810,108
21,0,138810,109
21,0,138810,110
21,0,138810,111
21,0,138810,112
21,0,138810,113
21,0,138810,114
21,0,138810,115
21,0,138810,116
21,0,138810,117
21,0,138810,118
21,0,138810,119
21,0,138810,120
21,0,138810,121
21,0,138810,122
21,0,138810,123
21,0,138810,124
21,0,138810,125
21,0,138810,126
21,0,138810,127
21,0,138810,128
21,0,138810,129
21,0,138810,130
21,0,138810,131
21,0,138810,132
21,0,138810,133
21,0,138810,134
21,0,138810,135
21,0,138810,136
21,0,138810,137
21,0,138810,138
21,0,138810,139
21,0,138810,140
21,0,138810,141
21,0,138810,142
21,0,138810,143
21,0,138810,144
21,0,138810,145
21,0,138810,146
21,0,138810,147
21,0,138810,148
21,0,138810,149
21,0,138810,150
21,0,138810,151
21,0,138810,152
21,0,138810,153
21,0,138810,154
21,0,138810,155
21,0,138810,156
21,0,138810,157
21,0,138810,158
21,0,138810,159
21,0,138810,160
21,0,138810,161
21,0,138810,162
21,0,138810,163
21,0,138810,164
21,0,138810,165
21,0,138810,166
21,0,138810,167
21,0,138810,168
21,0,138810,169
21,0,138810,170
21,0,138810,171
21,0,138810,172
21,0,138810,173
21,0,138810,174
21,0,138810,175
21,0,138810,176
21,0,138810,177
21,0,138810,178
21,0,138810,179
21,0,138810,180
21,0,138810,181
21,0,138810,182
21,0,138810,183
21,0,138810,184
21,0,138810,185
21,0,138810,186
21,0,138810,187
21,0,138810,188
21,0,138810,189
21,0,138810,190
21,0,138810,191
21,0,138810,192
21,0,138810,193
21,0,138810,194
21,0,138810,195
21,0,138810,196
21,0,138810,197
21,0,138810,198
21,0,138810,199
21,26,95045,0
21,26,95045,1
21,26,95045,2
21,26,95045,3
21,26,95045,4
21,26,95045,5
21,26,95045,6
21,26,95045,7
21,26,95045,8
21,26,95045,9
21,26,95045,10
21,26,95045,11
21,26,95045,12
21,26,95045,13
21,26,95045,14
21,26,95045,15
21,26,95045,16
21,26,95045,17
21,26,95045,18
21,26,95045,19
21,26,95045,20
21,26,95045,21
21,26,95045,22
21,26,95045,23
21,26,95045,24
21,26,95045,25
21,26,95045,26
21,26,95045,27
21,26,95045,28
21,26,95045,29
21,26,95045,30
21,26,95045,31
21,26,95045,32
21,26,95045,33
21,26,95045,34
21,26,95045,35
21,26,95045,36
21,26,95045,37
21,26,95045,38
21,26,95045,39
21,26,95045,40
21,26,95045,41
21,26,95045,42
21,26,95045,43
21,26,95045,44
21,26,95045,45
21,26,95045,46
21,26,95045,47
21,26,95045,48
21,26,95045,49
21,26,95045,50
21,26,95045,51
21,26,95045,52
21,26,95045,53
21,26,95045,54
21,26,95045,55
21,26,95045,56
21,26,95045,57
21,26,95045,58
21,26,95045,59
21,26,95045,60
21,26,95045,61
21,26,95045,62
21,26,95045,63
21,26,95045,64
21,26,95045,65
21,26,95045,66
21,26,95045,67
21,26,95045,68
21,26,95045,69
21,26,95045,70
21,26,95045,71
21,26,95045,72
21,26,95045,73
21,26,95045,74
21,26,95045,75
21,26,95045,76
21,26,95045,77
21,26,95045,78
21,26,95045,79
21,26,95045,80
21,26,95045,81
21,26,95045,82
21,26,95045,83
21,26,95045,84
21,26,95045,85
21,26,95045,86
21,26,95045,87
21,26,95045,88
21,26,95045,89
21,26,95045,90
21,26,95045,91
21,26,95045,92
21,26,95045,93
21,26,95045,94
21,26,95045,95
21,26,95045,96
21,26,95045,97
21,26,95045,98
21,26,95045,99
21,26,95045,100
21,26,95045,101
21,26,95045,102
21,26,95045,103
21,26,95045,104
21,26,95045,105
21,26,95045,106
21,26,95045,107
21,26,95045,108
21,26,95045,109
21,26,95045,110
21,26,95045,111
21,26,95045,112
21,26,95045,113
21,26,95045,114
21,26,95045,115
21,26,95045,116
21,26,95045,117
21,26,95045,118
21,26,95045,119
21,26,95045,120
21,26,95045,121
21,26,95045,122
21,26,95045,123
21,26,95045,124
21,26,95045,125
21,26,95045,126
21,26,95045,127
21,26,95045,128
21,26,95045,129
21,26,95045,130
21,26,95045,131
21,26,95045,132
21,26,95045,133
21,26,95045,134
21,26,95045,135
21,26,95045,136
21,26,95045,137
21,26,95045,138
21,26,95045,139
21,26,95045,140
21,26,95045,141
21,26,95045,142
21,26,95045,143
21,26,95045,144
21,26,95045,145
21,26,95045,146
21,26,95045,147
21,26,95045,148
21,26,95045,149
21,26,95045,150
21,26,95045,151
21,26,95045,152
21,26,95045,153
21,26,95045,154
21,26,95045,155
21,26,95045,156
21,26,95045,157
21,26,95045,158
21,26,95045,159
21,26,95045,160
21,26,95045,161
21,26,95045,162
21,26,95045,163
21,26,95045,164
21,26,95045,165
21,26,95045,166
21,26,95045,167
21,26,95045,168
21,26,95045,169
21,26,95045,170
21,26,95045,171
21,26,95045,172
21,26,95045,173
21,26,95045,174
21,26,95045,175
21,26,95045,176
21,26,95045,177
21,26,95045,178
21,26,95045,179
21,26,95045,180
21,26,95045,181
21,26,95045,182
21,26,95045,183
21,26,95045,184
21,26,95045,185
21,26,95045,186
21,26,95045,187
21,26,95045,188
21,26,95045,189
21,26,95045,190
21,26,95045,191
21,26,95045,192
21,26,95045,193
21,26,95045,194
21,26,95045,195
21,26,95045,196
21,26,95045,197
21,26,95045,198
21,26,95045,199
21,1,290475,0
21,1,290475,1
21,1,290475,2
21,1,290475,3
21,1,290475,4
21,1,290475,5
21,1,290475,6
21,1,290475,7
21,1,290475,8
21,1,290475,9
21,1,290475,10
21,1,290475,11
21,1,290475,12
21,1,290475,13
21,1,290475,14
21,1,290475,15
21,1,290475,16
21,1,290475,17
21,1,290475,18
21,1,290475,19
21,1,290475,20
21,1,290475,21
21,1,290475,22
21,1,290475,23
21,1,290475,24
21,1,290475,25
21,1,290475,26
21,1,290475,27
21,1,290475,28
21,1,290475,29
21,1,290475,30
21,1,290475,31
21,1,290475,32
21,1,290475,33
21,1,290475,34
21,1,290475,35
21,1,290475,36
21,1,290475,37
21,1,290475,38
21,1,290475,39
21,1,290475,40
21,1,290475,41
21,1,290475,42
21,1,290475,43
21,1,290475,44
21,1,290475,45
21,1,290475,46
21,1,290475,47
21,1,290475,48
21,1,290475,49
21,1,290475,50
21,1,290475,51
21,1,290475,52
21,1,290475,53
21,1,290475,54
21,1,290475,55
21,1,290475,56
21,1,290475,57
21,1,290475,58
21,1,290475,59
21,1,290475,60
21,1,290475,61
21,1,290475,62
21,1,290475,63
21,1,290475,64
21,1,290475,65
21,1,290475,66
21,1,290475,67
21,1,290475,68
21,1,290475,69
21,1,290475,70
21,1,290475,71
21,1,290475,72
21,1,290475,73
21,1,290475,74
21,1,290475,75
21,1,290475,76
21,1,290475,77
21,1,290475,78
21,1,290475,79
21,1,290475,80
21,1,290475,81
21,1,290475,82
21,1,290475,83
21,1,290475,84
21,1,290475,85
21,1,290475,86
21,1,290475,87
21,1,290475,88
21,1,290475,89
21,1,290475,90
21,1,290475,91
21,1,290475,92
21,1,290475,93
21,1,290475,94
21,1,290475,95
21,1,290475,96
21,1,290475,97
21,1,290475,98
21,1,290475,99
21,1,290475,100
21,1,290475,101
21,1,290475,102
21,1,290475,103
21,1,290475,104
21,1,290475,105
21,1,290475,106
21,1,290475,107
21,1,290475,108
21,1,290475,109
21,1,290475,110
21,1,290475,111
21,1,290475,112
21,1,290475,113
21,1,290475,114
21,1,290475,115
21,1,290475,116
21,1,290475,117
21,1,290475,118
21,1,290475,119
21,1,290475,120
21,1,290475,121
21,1,290475,122
21,1,290475,123
21,1,290475,124
21,1,290475,125
21,1,290475,126
21,1,290475,127
21,1,290475,128
21,1,290475,129
21,1,290475,130
21,1,290475,131
21,1,290475,132
21,1,290475,133
21,1,290475,134
21,1,290475,135
21,1,290475,136
21,1,290475,137
21,1,290475,138
21,1,290475,139
21,1,290475,140
21,1,290475,141
21,1,290475,142
21,1,290475,143
21,1,290475,144
21,1,290475,145
21,1,290475,146
21,1,290475,147
21,1,290475,148
21,1,290475,149
21,1,290475,150
21,1,290475,151
21,1,290475,152
21,1,290475,153
21,1,290475,154
21,1,290475,155
21,1,290475,156
21,1,290475,157
21,1,290475,158
21,1,290475,159
21,1,290475,160
21,1,290475,161
21,1,290475,162
21,1,290475,163
21,1,290475,164
21,1,290475,165
21,1,290475,166
21,1,290475,167
21,1,290475,168
21,1,290475,169
21,1,290475,170
21,1,290475,171
21,1,290475,172
21,1,290475,173
21,1,290475,174
21,1,290475,175
21,1,290475,176
21,1,290475,177
21,1,290475,178
21,1,290475,179
21,1,290475,180
21,1,290475,181
21,1,290475,182
21,1,290475,183
21,1,290475,184
21,1,290475,185
21,1,290475,186
21,1,290475,187
21,1,290475,188
21,1,290475,189
21,1,290475,190
21,1,290475,191
21,1,290475,192
21,1,290475,193
21,1,290475,194
21,1,290475,195
21,1,290475,196
21,1,290475,197
21,1,290475,198
21,1,290475,199
21,19,129400,0
21,19,129400,1
21,19,129400,2
21,19,129400,3
21,19,129400,4
21,19,129400,5
21,19,129400,6
21,19,129400,7
21,19,129400,8
21,19,129400,9
21,19,129400,10
21,19,129400,11
21,19,129400,12
21,19,129400,13
21,19,129400,14
21,19,129400,15
21,19,129400,16
21,19,129400,17
21,19,129400,18
21,19,129400,19
21,19,129400,20
21,19,129400,21
21,19,129400,22
21,19,129400,23
21,19,129400,24
21,19,129400,25
21,19,129400,26
21,19,129400,27
21,19,129400,28
21,19,129400,29
21,19,129400,30
21,19,129400,31
21,19,129400,32
21,19,129400,33
21,19,129400,34
21,19,129400,35
21,19,129400,36
21,19,129400,37
21,19,129400,38
21,19,129400,39
21,19,129400,40
21,19,129400,41
21,19,129400,42
21,19,129400,43
21,19,129400,44
21,19,129400,45
21,19,129400,46
21,19,129400,47
21,19,129400,48
21,19,129400,49
21,19,129400,50
21,19,129400,51
21,19,129400,52
21,19,129400,53
21,19,129400,54
21,19,129400,55
21,19,129400,56
21,19,129400,57
21,19,129400,58
21,19,129400,59
21,19,129400,60
21,19,129400,61
21,19,129400,62
21,19,129400,63
21,19,129400,64
21,19,129400,65
21,19,129400,66
21,19,129400,67
21,19,129400,68
21,19,129400,69
21,19,129400,70
21,19,129400,71
21,19,129400,72
21,19,129400,73
21,19,129400,74
21,19,129400,75
21,19,129400,76
21,19,129400,77
21,19,129400,78
21,19,129400,79
21,19,129400,80
21,19,129400,81
21,19,129400,82
21,19,129400,83
21,19,129400,84
21,19,129400,85
21,19,129400,86
21,19,129400,87
21,19,129400,88
21,19,129400,89
21,19,129400,90
21,19,129400,91
21,19,129400,92
21,19,129400,93
21,19,129400,94
21,19,129400,95
21,19,129400,96
21,19,129400,97
21,19,129400,98
21,19,129400,99
21,19,129400,100
21,19,129400,101
21,19,129400,102
21,19,129400,103
21,19,129400,104
21,19,129400,105
21,19,129400,106
21,19,129400,107
21,19,129400,108
21,19,129400,109
21,19,129400,110
21,19,129400,111
21,19,129400,112
21,19,129400,113
21,19,129400,114
21,19,129400,115
21,19,129400,116
21,19,129400,117
21,19,129400,118
21,19,129400,119
21,19,129400,120
21,19,129400,121
21,19,129400,122
21,19,129400,123
21,19,129400,124
21,19,129400,125
21,19,129400,126
21,19,129400,127
21,19,129400,128
21,19,129400,129
21,19,129400,130
21,19,129400,131
21,19,129400,132
21,19,129400,133
21,19,129400,134
21,19,129400,135
21,19,129400,136
21,19,129400,137
21,19,129400,138
21,19,129400,139
21,19,129400,140
21,19,129400,141
21,19,129400,142
21,19,129400,143
21,19,129400,144
21,19,129400,145
21,19,129400,146
21,19,129400,147
21,19,129400,148
21,19,129400,149
21,19,129400,150
21,19,129400,151
21,19,129400,152
21,19,129400,153
21,19,129400,154
21,19,129400,155
21,19,129400,156
21,19,129400,157
21,19,129400,158
21,19,129400,159
21,19,129400,160
21,19,129400,161
21,19,129400,162
21,19,129400,163
21,19,129400,164
21,19,129400,165
21,19,129400,166
21,19,129400,167
21,19,129400,168
21,19,129400,169
21,19,129400,170
21,19,129400,171
21,19,129400,172
21,19,129400,173
21,19,129400,174
21,19,129400,175
21,19,129400,176
21,19,129400,177
21,19,129400,178
21,19,129400,179
21,19,129400,180
21,19,129400,181
21,19,129400,182
21,19,129400,183
21,19,129400,184
21,19,129400,185
21,19,129400,186
21,19,129400,187
21,19,129400,188
21,19,129400,189
21,19,129400,190
21,19,129400,191
21,19,129400,192
21,19,129400,193
21,19,129400,194
21,19,129400,195
21,19,129400,196
21,19,129400,197
21,19,129400,198
21,19,129400,199
21,17,97470,0
21,17,97470,1
21,17,97470,2
21,17,97470,3
21,17,97470,4
21,17,97470,5
21,17,97470,6
21,17,97470,7
21,17,97470,8
21,17,97470,9
21,17,97470,10
21,17,97470,11
21,17,97470,12
21,17,97470,13
21,17,97470,14
21,17,97470,15
21,17,97470,16
21,17,97470,17
21,17,97470,18
21,17,97470,19
21,17,97470,20
21,17,97470,21
21,17,97470,22
21,17,97470,23
21,17,97470,24
21,17,97470,25
21,17,97470,26
21,17,97470,27
21,17,97470,28
21,17,97470,29
21,17,97470,30
21,17,97470,31
21,17,97470,32
21,17,97470,33
21,17,97470,34
21,17,97470,35
21,17,97470,36
21,17,97470,37
21,17,97470,38
21,17,97470,39
21,17,97470,40
21,17,97470,41
21,17,97470,42
21,17,97470,43
21,17,97470,44
21,17,97470,45
21,17,97470,46
21,17,97470,47
21,17,97470,48
21,17,97470,49
21,17,97470,50
21,17,97470,51
21,17,97470,52
21,17,97470,53
21,17,97470,54
21,17,97470,55
21,17,97470,56
21,17,97470,57
21,17,97470,58
21,17,97470,59
21,17,97470,60
21,17,97470,61
21,17,97470,62
21,17,97470,63
21,17,97470,64
21,17,97470,65
21,17,97470,66
21,17,97470,67
21,17,97470,68
21,17,97470,69
21,17,97470,70
21,17,97470,71
21,17,97470,72
21,17,97470,73
21,17,97470,74
21,17,97470,75
21,17,97470,76
21,17,97470,77
21,17,97470,78
21,17,97470,79
21,17,97470,80
21,17,97470,81
21,17,97470,82
21,17,97470,83
21,17,97470,84
21,17,97470,85
21,17,97470,86
21,17,97470,87
21,17,97470,88
21,17,97470,89
21,17,97470,90
21,17,97470,91
21,17,97470,92
21,17,97470,93
21,17,97470,94
21,17,97470,95
21,17,97470,96
21,17,97470,97
21,17,97470,98
21,17,97470,99
21,17,97470,100
21,17,97470,101
21,17,97470,102
21,17,97470,103
21,17,97470,104
21,17,97470,105
21,17,97470,106
21,17,97470,107
21,17,97470,108
21,17,97470,109
21,17,97470,110
21,17,97470,111
21,17,97470,112
21,17,97470,113
21,17,97470,114
21,17,97470,115
21,17,97470,116
21,17,97470,117
21,17,97470,118
21,17,97470,119
21,17,97470,120
21,17,97470,121
21,17,97470,122
21,17,97470,123
21,17,97470,124
21,17,97470,125
21,17,97470,126
21,17,97470,127
21,17,97470,128
21,17,97470,129
21,17,97470,130
21,17,97470,131
21,17,97470,132
21,17,97470,133
21,17,97470,134
21,17,97470,135
21,17,97470,136
21,17,97470,137
21,17,97470,138
21,17,97470,139
21,17,97470,140
21,17,97470,141
21,17,97470,142
21,17,97470,143
21,17,97470,144
21,17,97470,145
21,17,97470,146
21,17,97470,147
21,17,97470,148
21,17,97470,149
21,17,97470,150
21,17,97470,151
21,17,97470,152
21,17,97470,153
21,17,97470,154
21,17,97470,155
21,17,97470,156
21,17,97470,157
21,17,97470,158
21,17,97470,159
21,17,97470,160
21,17,97470,161
21,17,97470,162
21,17,97470,163
21,17,97470,164
21,17,97470,165
21,17,97470,166
21,17,97470,167
21,17,97470,168
21,17,97470,169
21,17,97470,170
21,17,97470,171
21,17,97470,172
21,17,97470,173
21,17,97470,174
21,17,97470,175
21,17,97470,176
21,17,97470,177
21,17,97470,178
21,17,97470,179
21,17,97470,180
21,17,97470,181
21,17,97470,182
21,17,97470,183
21,17,97470,184
21,17,97470,185
21,17,97470,186
21,17,97470,187
21,17,97470,188
21,17,97470,189
21,17,97470,190
21,17,97470,191
21,17,97470,192
21,17,97470,193
21,17,97470,194
21,17,97470,195
21,17,97470,196
21,17,97470,197
21,17,97470,198
21,17,97470,199
21,3,11645,0
21,3,11645,1
21,3,11645,2
21,3,11645,3
21,3,11645,4
21,3,11645,5
21,3,11645,6
21,3,11645,7
21,3,11645,8
21,3,11645,9
21,3,11645,10
21,3,11645,11
21,3,11645,12
21,3,11645,13
21,3,11645,14
21,3,11645,15
21,3,11645,16
21,3,11645,17
21,3,11645,18
21,3,11645,19
21,3,11645,20
21,3,11645,21
21,3,11645,22
21,3,11645,23
21,3,11645,24
21,3,11645,25
21,3,11645,26
21,3,11645,27
21,3,11645,28
21,3,11645,29
21,3,11645,30
21,3,11645,31
21,3,11645,32
21,3,11645,33
21,3,11645,34
21,3,11645,35
21,3,11645,36
21,3,11645,37
21,3,11645,38
21,3,11645,39
21,3,11645,40
21,3,11645,41
21,3,11645,42
21,3,11645,43
21,3,11645,44
21,3,11645,45
21,3,11645,46
21,3,11645,47
21,3,11645,48
21,3,11645,49
21,3,11645,50
21,3,11645,51
21,3,11645,52
21,3,11645,53
21,3,11645,54
21,3,11645,55
21,3,11645,56
21,3,11645,57
21,3,11645,58
21,3,11645,59
21,3,11645,60
21,3,11645,61
21,3,11645,62
21,3,11645,63
21,3,11645,64
21,3,11645,65
21,3,11645,66
21,3,11645,67
21,3,11645,68
21,3,11645,69
21,3,11645,70
21,3,11645,71
21,3,11645,72
21,3,11645,73
21,3,11645,74
21,3,11645,75
21,3,11645,76
21,3,11645,77
21,3,11645,78
21,3,11645,79
21,3,11645,80
21,3,11645,81
21,3,11645,82
21,3,11645,83
21,3,11645,84
21,3,11645,85
21,3,11645,86
21,3,11645,87
21,3,11645,88
21,3,11645,89
21,3,11645,90
21,3,11645,91
21,3,11645,92
21,3,11645,93
21,3,11645,94
21,3,11645,95
21,3,11645,96
21,3,11645,97
21,3,11645,98
21,3,11645,99
21,3,11645,100
21,3,11645,101
21,3,11645,102
21,3,11645,103
21,3,11645,104
21,3,11645,105
21,3,11645,106
21,3,11645,107
21,3,11645,108
21,3,11645,109
21,3,11645,110
21,3,11645,111
21,3,11645,112
21,3,11645,113
21,3,11645,114
21,3,11645,115
21,3,11645,116
21,3,11645,117
21,3,11645,118
21,3,11645,119
21,3,11645,120
21,3,11645,121
21,3,11645,122
21,3,11645,123
21,3,11645,124
21,3,11645,125
21,3,11645,126
21,3,11645,127
21,3,11645,128
21,3,11645,129
21,3,11645,130
21,3,11645,131
21,3,11645,132
21,3,11645,133
21,3,11645,134
21,3,11645,135
21,3,11645,136
21,3,11645,137
21,3,11645,138
21,3,11645,139
21,3,11645,140
21,3,11645,141
21,3,11645,142
21,3,11645,143
21,3,11645,144
21,3,11645,145
21,3,11645,146
21,3,11645,147
21,3,11645,148
21,3,11645,149
21,3,11645,150
21,3,11645,151
21,3,11645,152
21,3,11645,153
21,3,11645,154
21,3,11645,155
21,3,11645,156
21,3,11645,157
21,3,11645,158
21,3,11645,159
21,3,11645,160
21,3,11645,161
21,3,11645,162
21,3,11645,163
21,3,11645,164
21,3,11645,165
21,3,11645,166
21,3,11645,167
21,3,11645,168
21,3,11645,169
21,3,11645,170
21,3,11645,171
21,3,11645,172
21,3,11645,173
21,3,11645,174
21,3,11645,175
21,3,11645,176
21,3,11645,177
21,3,11645,178
21,3,11645,179
21,3,11645,180
21,3,11645,181
21,3,11645,182
21,3,11645,183
21,3,11645,184
21,3,11645,185
21,3,11645,186
21,3,11645,187
21,3,11645,188
21,3,11645,189
21,3,11645,190
21,3,11645,191
21,3,11645,192
21,3,11645,193
21,3,11645,194
21,3,11645,195
21,3,11645,196
21,3,11645,197
21,3,11645,198
21,3,11645,199
21,5,483035,0
21,5,483035,1
21,5,483035,2
21,5,483035,3
21,5,483035,4
21,5,483035,5
21,5,483035,6
21,5,483035,7
21,5,483035,8
21,5,483035,9
21,5,483035,10
21,5,483035,11
21,5,483035,12
21,5,483035,13
21,5,483035,14
21,5,483035,15
21,5,483035,16
21,5,483035,17
21,5,483035,18
21,5,483035,19
21,5,483035,20
21,5,483035,21
21,5,483035,22
21,5,483035,23
21,5,483035,24
21,5,483035,25
21,5,483035,26
21,5,483035,27
21,5,483035,28
21,5,483035,29
21,5,483035,30
21,5,483035,31
21,5,483035,32
21,5,483035,33
21,5,483035,34
21,5,483035,35
21,5,483035,36
21,5,483035,37
21,5,483035,38
21,5,483035,39
21,5,483035,40
21,5,483035,41
21,5,483035,42
21,5,483035,43
21,5,483035,44
21,5,483035,45
21,5,483035,46
21,5,483035,47
21,5,483035,48
21,5,483035,49
21,5,483035,50
21,5,483035,51
21,5,483035,52
21,5,483035,53
21,5,483035,54
21,5,483035,55
21,5,483035,56
21,5,483035,57
21,5,483035,58
21,5,483035,59
21,5,483035,60
21,5,483035,61
21,5,483035,62
21,5,483035,63
21,5,483035,64
21,5,483035,65
21,5,483035,66
21,5,483035,67
21,5,483035,68
21,5,483035,69
21,5,483035,70
21,5,483035,71
21,5,483035,72
21,5,483035,73
21,5,483035,74
21,5,483035,75
21,5,483035,76
21,5,483035,77
21,5,483035,78
21,5,483035,79
21,5,483035,80
21,5,483035,81
21,5,483035,82
21,5,483035,83
21,5,483035,84
21,5,483035,85
21,5,483035,86
21,5,483035,87
21,5,483035,88
21,5,483035,89
21,5,483035,90
21,5,483035,91
21,5,483035,92
21,5,483035,93
21,5,483035,94
21,5,483035,95
21,5,483035,96
21,5,483035,97
21,5,483035,98
21,5,483035,99
21,5,483035,100
21,5,483035,101
21,5,483035,102
21,5,483035,103
21,5,483035,104
21,5,483035,105
21,5,483035,106
21,5,483035,107
21,5,483035,108
21,5,483035,109
21,5,483035,110
21,5,483035,111
21,5,483035,112
21,5,483035,113
21,5,483035,114
21,5,483035,115
21,5,483035,116
21,5,483035,117
21,5,483035,118
21,5,483035,119
21,5,483035,120
21,5,483035,121
21,5,483035,122
21,5,483035,123
21,5,483035,124
21,5,483035,125
21,5,483035,126
21,5,483035,127
21,5,483035,128
21,5,483035,129
21,5,483035,130
21,5,483035,131
21,5,483035,132
21,5,483035,133
21,5,483035,134
21,5,483035,135
21,5,483035,136
21,5,483035,137
21,5,483035,138
21,5,483035,139
21,5,483035,140
21,5,483035,141
21,5,483035,142
21,5,483035,143
21,5,483035,144
21,5,483035,145
21,5,483035,146
21,5,483035,147
21,5,483035,148
21,5,483035,149
21,5,483035,150
21,5,483035,151
21,5,483035,152
21,5,483035,153
21,5,483035,154
21,5,483035,155
21,5,483035,156
21,5,483035,157
21,5,483035,158
21,5,483035,159
21,5,483035,160
21,5,483035,161
21,5,483035,162
21,5,483035,163
21,5,483035,164
21,5,483035,165
21,5,483035,166
21,5,483035,167
21,5,483035,168
21,5,483035,169
21,5,483035,170
21,5,483035,171
21,5,483035,172
21,5,483035,173
21,5,483035,174
21,5,483035,175
21,5,483035,176
21,5,483035,177
21,5,483035,178
21,5,483035,179
21,5,483035,180
21,5,483035,181
21,5,483035,182
21,5,483035,183
21,5,483035,184
21,5,483035,185
21,5,483035,186
21,5,483035,187
21,5,483035,188
21,5,483035,189
21,5,483035,190
21,5,483035,191
21,5,483035,192
21,5,483035,193
21,5,483035,194
21,5,483035,195
21,5,483035,196
21,5,483035,197
21,5,483035,198
21,5,483035,199
21,8,9890,0
21,8,9890,1
21,8,9890,2
21,8,9890,3
21,8,9890,4
21,8,9890,5
21,8,9890,6
21,8,9890,7
21,8,9890,8
21,8,9890,9
21,8,9890,10
21,8,9890,11
21,8,9890,12
21,8,9890,13
21,8,9890,14
21,8,9890,15
21,8,9890,16
21,8,9890,17
21,8,9890,18
21,8,9890,19
21,8,9890,20
21,8,9890,21
21,8,9890,22
21,8,9890,23
21,8,9890,24
21,8,9890,25
21,8,9890,26
21,8,9890,27
21,8,9890,28
21,8,9890,29
21,8,9890,30
21,8,9890,31
21,8,9890,32
21,8,9890,33
21,8,9890,34
21,8,9890,35
21,8,9890,36
21,8,9890,37
21,8,9890,38
21,8,9890,39
21,8,9890,40
21,8,9890,41
21,8,9890,42
21,8,9890,43
21,8,9890,44
21,8,9890,45
21,8,9890,46
21,8,9890,47
21,8,9890,48
21,8,9890,49
21,8,9890,50
21,8,9890,51
21,8,9890,52
21,8,9890,53
21,8,9890,54
21,8,9890,55
21,8,9890,56
21,8,9890,57
21,8,9890,58
21,8,9890,59
21,8,9890,60
21,8,9890,61
21,8,9890,62
21,8,9890,63
21,8,9890,64
21,8,9890,65
21,8,9890,66
21,8,9890,67
21,8,9890,68
21,8,9890,69
21,8,9890,70
21,8,9890,71
21,8,9890,72
21,8,9890,73
21,8,9890,74
21,8,9890,75
21,8,9890,76
21,8,9890,77
21,8,9890,78
21,8,9890,79
21,8,9890,80
21,8,9890,81
21,8,9890,82
21,8,9890,83
21,8,9890,84
21,8,9890,85
21,8,9890,86
21,8,9890,87
21,8,9890,88
21,8,9890,89
21,8,9890,90
21,8,9890,91
21,8,9890,92
21,8,9890,93
21,8,9890,94
21,8,9890,95
21,8,9890,96
21,8,9890,97
21,8,9890,98
21,8,9890,99
21,8,9890,100
21,8,9890,101
21,8,9890,102
21,8,9890,103
21,8,9890,104
21,8,9890,105
21,8,9890,106
21,8,9890,107
21,8,9890,108
21,8,9890,109
21,8,9890,110
21,8,9890,111
21,8,9890,112
21,8,9890,113
21,8,9890,114
21,8,9890,115
21,8,9890,116
21,8,9890,117
21,8,9890,118
21,8,9890,119
21,8,9890,120
21,8,9890,121
21,8,9890,122
21,8,9890,123
21,8,9890,124
21,8,9890,125
21,8,9890,126
21,8,9890,127
21,8,9890,128
21,8,9890,129
21,8,9890,130
21,8,9890,131
21,8,9890,132
21,8,9890,133
21,8,9890,134
21,8,9890,135
21,8,9890,136
21,8,9890,137
21,8,9890,138
21,8,9890,139
21,8,9890,140
21,8,9890,141
21,8,9890,142
21,8,9890,143
21,8,9890,144
21,8,9890,145
21,8,9890,146
21,8,9890,147
21,8,9890,148
21,8,9890,149
21,8,9890,150
21,8,9890,151
21,8,9890,152
21,8,9890,153
21,8,9890,154
21,8,9890,155
21,8,9890,156
21,8,9890,157
21,8,9890,158
21,8,9890,159
21,8,9890,160
21,8,9890,161
21,8,9890,162
21,8,9890,163
21,8,9890,164
21,8,9890,165
21,8,9890,166
21,8,9890,167
21,8,9890,168
21,8,9890,169
21,8,9890,170
21,8,9890,171
21,8,9890,172
21,8,9890,173
21,8,9890,174
21,8,9890,175
21,8,9890,176
21,8,9890,177
21,8,9890,178
21,8,9890,179
21,8,9890,180
21,8,9890,181
21,8,9890,182
21,8,9890,183
21,8,9890,184
21,8,9890,185
21,8,9890,186
21,8,9890,187
21,8,9890,188
21,8,9890,189
21,8,9890,190
21,8,9890,191
21,8,9890,192
21,8,9890,193
21,8,9890,194
21,8,9890,195
21,8,9890,196
21,8,9890,197
21,8,9890,198
21,8,9890,199
21,9,765995,0
21,9,765995,1
21,9,765995,2
21,9,765995,3
21,9,765995,4
21,9,765995,5
21,9,765995,6
21,9,765995,7
21,9,765995,8
21,9,765995,9
21,9,765995,10
21,9,765995,11
21,9,765995,12
21,9,765995,13
21,9,765995,14
21,9,765995,15
21,9,765995,16
21,9,765995,17
21,9,765995,18
21,9,765995,19
21,9,765995,20
21,9,765995,21
21,9,765995,22
21,9,765995,23
21,9,765995,24
21,9,765995,25
21,9,765995,26
21,9,765995,27
21,9,765995,28
21,9,765995,29
21,9,765995,30
21,9,765995,31
21,9,765995,32
21,9,765995,33
21,9,765995,34
21,9,765995,35
21,9,765995,36
21,9,765995,37
21,9,765995,38
21,9,765995,39
21,9,765995,40
21,9,765995,41
21,9,765995,42
21,9,765995,43
21,9,765995,44
21,9,765995,45
21,9,765995,46
21,9,765995,47
21,9,765995,48
21,9,765995,49
21,9,765995,50
21,9,765995,51
21,9,765995,52
21,9,765995,53
21,9,765995,54
21,9,765995,55
21,9,765995,56
21,9,765995,57
21,9,765995,58
21,9,765995,59
21,9,765995,60
21,9,765995,61
21,9,765995,62
21,9,765995,63
21,9,765995,64
21,9,765995,65
21,9,765995,66
21,9,765995,67
21,9,765995,68
21,9,765995,69
21,9,765995,70
21,9,765995,71
21,9,765995,72
21,9,765995,73
21,9,765995,74
21,9,765995,75
21,9,765995,76
21,9,765995,77
21,9,765995,78
21,9,765995,79
21,9,765995,80
21,9,765995,81
21,9,765995,82
21,9,765995,83
21,9,765995,84
21,9,765995,85
21,9,765995,86
21,9,765995,87
21,9,765995,88
21,9,765995,89
21,9,765995,90
21,9,765995,91
21,9,765995,92
21,9,765995,93
21,9,765995,94
21,9,765995,95
21,9,765995,96
21,9,765995,97
21,9,765995,98
21,9,765995,99
21,9,765995,100
21,9,765995,101
21,9,765995,102
21,9,765995,103
21,9,765995,104
21,9,765995,105
21,9,765995,106
21,9,765995,107
21,9,765995,108
21,9,765995,109
21,9,765995,110
21,9,765995,111
21,9,765995,112
21,9,765995,113
21,9,765995,114
21,9,765995,115
21,9,765995,116
21,9,765995,117
21,9,765995,118
21,9,765995,119
21,9,765995,120
21,9,765995,121
21,9,765995,122
21,9,765995,123
21,9,765995,124
21,9,765995,125
21,9,765995,126
21,9,765995,127
21,9,765995,128
21,9,765995,129
21,9,765995,130
21,9,765995,131
21,9,765995,132
21,9,765995,133
21,9,765995,134
21,9,765995,135
21,9,765995,136
21,9,765995,137
21,9,765995,138
21,9,765995,139
21,9,765995,140
21,9,765995,141
21,9,765995,142
21,9,765995,143
21,9,765995,144
21,9,765995,145
21,9,765995,146
21,9,765995,147
21,9,765995,148
21,9,765995,149
21,9,765995,150
21,9,765995,151
21,9,765995,152
21,9,765995,153
21,9,765995,154
21,9,765995,155
21,9,765995,156
21,9,765995,157
21,9,765995,158
21,9,765995,159
21,9,765995,160
21,9,765995,161
21,9,765995,162
21,9,765995,163
21,9,765995,164
21,9,765995,165
21,9,765995,166
21,9,765995,167
21,9,765995,168
21,9,765995,169
21,9,765995,170
21,9,765995,171
21,9,765995,172
21,9,765995,173
21,9,765995,174
21,9,765995,175
21,9,765995,176
21,9,765995,177
21,9,765995,178
21,9,765995,179
21,9,765995,180
21,9,765995,181
21,9,765995,182
21,9,765995,183
21,9,765995,184
21,9,765995,185
21,9,765995,186
21,9,765995,187
21,9,765995,188
21,9,765995,189
21,9,765995,190
21,9,765995,191
21,9,765995,192
21,9,765995,193
21,9,765995,194
21,9,765995,195
21,9,765995,196
21,9,765995,197
21,9,765995,198
21,9,765995,199
21,12,8125,0
21,12,8125,1
21,12,8125,2
21,12,8125,3
21,12,8125,4
21,12,8125,5
21,12,8125,6
21,12,8125,7
21,12,8125,8
21,12,8125,9
21,12,8125,10
21,12,8125,11
21,12,8125,12
21,12,8125,13
21,12,8125,14
21,12,8125,15
21,12,8125,16
21,12,8125,17
21,12,8125,18
21,12,8125,19
21,12,8125,20
21,12,8125,21
21,12,8125,22
21,12,8125,23
21,12,8125,24
21,12,8125,25
21,12,8125,26
21,12,8125,27
21,12,8125,28
21,12,8125,29
21,12,8125,30
21,12,8125,31
21,12,8125,32
21,12,8125,33
21,12,8125,34
21,12,8125,35
21,12,8125,36
21,12,8125,37
21,12,8125,38
21,12,8125,39
21,12,8125,40
21,12,8125,41
21,12,8125,42
21,12,8125,43
21,12,8125,44
21,12,8125,45
21,12,8125,46
21,12,8125,47
21,12,8125,48
21,12,8125,49
21,12,8125,50
21,12,8125,51
21,12,8125,52
21,12,8125,53
21,12,8125,54
21,12,8125,55
21,12,8125,56
21,12,8125,57
21,12,8125,58
21,12,8125,59
21,12,8125,60
21,12,8125,61
21,12,8125,62
21,12,8125,63
21,12,8125,64
21,12,8125,65
21,12,8125,66
21,12,8125,67
21,12,8125,68
21,12,8125,69
21,12,8125,70
21,12,8125,71
21,12,8125,72
21,12,8125,73
21,12,8125,74
21,12,8125,75
21,12,8125,76
21,12,8125,77
21,12,8125,78
21,12,8125,79
21,12,8125,80
21,12,8125,81
21,12,8125,82
21,12,8125,83
21,12,8125,84
21,12,8125,85
21,12,8125,86
21,12,8125,87
21,12,8125,88
21,12,8125,89
21,12,8125,90
21,12,8125,91
21,12,8125,92
21,12,8125,93
21,12,8125,94
21,12,8125,95
21,12,8125,96
21,12,8125,97
21,12,8125,98
21,12,8125,99
21,12,8125,100
21,12,8125,101
21,12,8125,102
21,12,8125,103
21,12,8125,104
21,12,8125,105
21,12,8125,106
21,12,8125,107
21,12,8125,108
21,12,8125,109
21,12,8125,110
21,12,8125,111
21,12,8125,112
21,12,8125,113
21,12,8125,114
21,12,8125,115
21,12,8125,116
21,12,8125,117
21,12,8125,118
21,12,8125,119
21,12,8125,120
21,12,8125,121
21,12,8125,122
21,12,8125,123
21,12,8125,124
21,12,8125,125
21,12,8125,126
21,12,8125,127
21,12,8125,128
21,12,8125,129
21,12,8125,130
21,12,8125,131
21,12,8125,132
21,12,8125,133
21,12,8125,134
21,12,8125,135
21,12,8125,136
21,12,8125,137
21,12,8125,138
21,12,8125,139
21,12,8125,140
21,12,8125,141
21,12,8125,142
21,12,8125,143
21,12,8125,144
21,12,8125,145
21,12,8125,146
21,12,8125,147
21,12,8125,148
21,12,8125,149
21,12,8125,150
21,12,8125,151
21,12,8125,152
21,12,8125,153
21,12,8125,154
21,12,8125,155
21,12,8125,156
21,12,8125,157
21,12,8125,158
21,12,8125,159
21,12,8125,160
21,12,8125,161
21,12,8125,162
21,12,8125,163
21,12,8125,164
21,12,8125,165
21,12,8125,166
21,12,8125,167
21,12,8125,168
21,12,8125,169
21,12,8125,170
21,12,8125,171
21,12,8125,172
21,12,8125,173
21,12,8125,174
21,12,8125,175
21,12,8125,176
21,12,8125,177
21,12,8125,178
21,12,8125,179
21,12,8125,180
21,12,8125,181
21,12,8125,182
21,12,8125,183
21,12,8125,184
21,12,8125,185
21,12,8125,186
21,12,8125,187
21,12,8125,188
21,12,8125,189
21,12,8125,190
21,12,8125,191
21,12,8125,192
21,12,8125,193
21,12,8125,194
21,12,8125,195
21,12,8125,196
21,12,8125,197
21,12,8125,198
21,12,8125,199
21,14,798575,0
21,14,798575,1
21,14,798575,2
21,14,798575,3
21,14,798575,4
21,14,798575,5
21,14,798575,6
21,14,798575,7
21,14,798575,8
21,14,798575,9
21,14,798575,10
21,14,798575,11
21,14,798575,12
21,14,798575,13
21,14,798575,14
21,14,798575,15
21,14,798575,16
21,14,798575,17
21,14,798575,18
21,14,798575,19
21,14,798575,20
21,14,798575,21
21,14,798575,22
21,14,798575,23
21,14,798575,24
21,14,798575,25
21,14,798575,26
21,14,798575,27
21,14,798575,28
21,14,798575,29
21,14,798575,30
21,14,798575,31
21,14,798575,32
21,14,798575,33
21,14,798575,34
21,14,798575,35
21,14,798575,36
21,14,798575,37
21,14,798575,38
21,14,798575,39
21,14,798575,40
21,14,798575,41
21,14,798575,42
21,14,798575,43
21,14,798575,44
21,14,798575,45
21,14,798575,46
21,14,798575,47
21,14,798575,48
21,14,798575,49
21,14,798575,50
21,14,798575,51
21,14,798575,52
21,14,798575,53
21,14,798575,54
21,14,798575,55
21,14,798575,56
21,14,798575,57
21,14,798575,58
21,14,798575,59
21,14,798575,60
21,14,798575,61
21,14,798575,62
21,14,798575,63
21,14,798575,64
21,14,798575,65
21,14,798575,66
21,14,798575,67
21,14,798575,68
21,14,798575,69
21,14,798575,70
21,14,798575,71
21,14,798575,72
21,14,798575,73
21,14,798575,74
21,14,798575,75
21,14,798575,76
21,14,798575,77
21,14,798575,78
21,14,798575,79
21,14,798575,80
21,14,798575,81
21,14,798575,82
21,14,798575,83
21,14,798575,84
21,14,798575,85
21,14,798575,86
21,14,798575,87
21,14,798575,88
21,14,798575,89
21,14,798575,90
21,14,798575,91
21,14,798575,92
21,14,798575,93
21,14,798575,94
21,14,798575,95
21,14,798575,96
21,14,798575,97
21,14,798575,98
21,14,798575,99
21,14,798575,100
21,14,798575,101
21,14,798575,102
21,14,798575,103
21,14,798575,104
21,14,798575,105
21,14,798575,106
21,14,798575,107
21,14,798575,108
21,14,798575,109
21,14,798575,110
21,14,798575,111
21,14,798575,112
21,14,798575,113
21,14,798575,114
21,14,798575,115
21,14,798575,116
21,14,798575,117
21,14,798575,118
21,14,798575,119
21,14,798575,120
21,14,798575,121
21,14,798575,122
21,14,798575,123
21,14,798575,124
21,14,798575,125
21,14,798575,126
21,14,798575,127
21,14,798575,128
21,14,798575,129
21,14,798575,130
21,14,798575,131
21,14,798575,132
21,14,798575,133
21,14,798575,134
21,14,798575,135
21,14,798575,136
21,14,798575,137
21,14,798575,138
21,14,798575,139
21,14,798575,140
21,14,798575,141
21,14,798575,142
21,14,798575,143
21,14,798575,144
21,14,798575,145
21,14,798575,146
21,14,798575,147
21,14,798575,148
21,14,798575,149
21,14,798575,150
21,14,798575,151
21,14,798575,152
21,14,798575,153
21,14,798575,154
21,14,798575,155
21,14,798575,156
21,14,798575,157
21,14,798575,158
21,14,798575,159
21,14,798575,160
21,14,798575,161
21,14,798575,162
21,14,798575,163
21,14,798575,164
21,14,798575,165
21,14,798575,166
21,14,798575,167
21,14,798575,168
21,14,798575,169
21,14,798575,170
21,14,798575,171
21,14,798575,172
21,14,798575,173
21,14,798575,174
21,14,798575,175
21,14,798575,176
21,14,798575,177
21,14,798575,178
21,14,798575,179
21,14,798575,180
21,14,798575,181
21,14,798575,182
21,14,798575,183
21,14,798575,184
21,14,798575,185
21,14,798575,186
21,14,798575,187
21,14,798575,188
21,14,798575,189
21,14,798575,190
21,14,798575,191
21,14,798575,192
21,14,798575,193
21,14,798575,194
21,14,798575,195
21,14,798575,196
21,14,798575,197
21,14,798575,198
21,14,798575,199
21,39,451085,0
21,39,451085,1
21,39,451085,2
21,39,451085,3
21,39,451085,4
21,39,451085,5
21,39,451085,6
21,39,451085,7
21,39,451085,8
21,39,451085,9
21,39,451085,10
21,39,451085,11
21,39,451085,12
21,39,451085,13
21,39,451085,14
21,39,451085,15
21,39,451085,16
21,39,451085,17
21,39,451085,18
21,39,451085,19
21,39,451085,20
21,39,451085,21
21,39,451085,22
21,39,451085,23
21,39,451085,24
21,39,451085,25
21,39,451085,26
21,39,451085,27
21,39,451085,28
21,39,451085,29
21,39,451085,30
21,39,451085,31
21,39,451085,32
21,39,451085,33
21,39,451085,34
21,39,451085,35
21,39,451085,36
21,39,451085,37
21,39,451085,38
21,39,451085,39
21,39,451085,40
21,39,451085,41
21,39,451085,42
21,39,451085,43
21,39,451085,44
21,39,451085,45
21,39,451085,46
21,39,451085,47
21,39,451085,48
21,39,451085,49
21,39,451085,50
21,39,451085,51
21,39,451085,52
21,39,451085,53
21,39,451085,54
21,39,451085,55
21,39,451085,56
21,39,451085,57
21,39,451085,58
21,39,451085,59
21,39,451085,60
21,39,451085,61
21,39,451085,62
21,39,451085,63
21,39,451085,64
21,39,451085,65
21,39,451085,66
21,39,451085,67
21,39,451085,68
21,39,451085,69
21,39,451085,70
21,39,451085,71
21,39,451085,72
21,39,451085,73
21,39,451085,74
21,39,451085,75
21,39,451085,76
21,39,451085,77
21,39,451085,78
21,39,451085,79
21,39,451085,80
21,39,451085,81
21,39,451085,82
21,39,451085,83
21,39,451085,84
21,39,451085,85
21,39,451085,86
21,39,451085,87
21,39,451085,88
21,39,451085,89
21,39,451085,90
21,39,451085,91
21,39,451085,92
21,39,451085,93
21,39,451085,94
21,39,451085,95
21,39,451085,96
21,39,451085,97
21,39,451085,98
21,39,451085,99
21,39,451085,100
21,39,451085,101
21,39,451085,102
21,39,451085,103
21,39,451085,104
21,39,451085,105
21,39,451085,106
21,39,451085,107
21,39,451085,108
21,39,451085,109
21,39,451085,110
21,39,451085,111
21,39,451085,112
21,39,451085,113
21,39,451085,114
21,39,451085,115
21,39,451085,116
21,39,451085,117
21,39,451085,118
21,39,451085,119
21,39,451085,120
21,39,451085,121
21,39,451085,122
21,39,451085,123
21,39,451085,124
21,39,451085,125
21,39,451085,126
21,39,451085,127
21,39,451085,128
21,39,451085,129
21,39,451085,130
21,39,451085,131
21,39,451085,132
21,39,451085,133
21,39,451085,134
21,39,451085,135
21,39,451085,136
21,39,451085,137
21,39,451085,138
21,39,451085,139
21,39,451085,140
21,39,451085,141
21,39,451085,142
21,39,451085,143
21,39,451085,144
21,39,451085,145
21,39,451085,146
21,39,451085,147
21,39,451085,148
21,39,451085,149
21,39,451085,150
21,39,451085,151
21,39,451085,152
21,39,451085,153
21,39,451085,154
21,39,451085,155
21,39,451085,156
21,39,451085,157
21,39,451085,158
21,39,451085,159
21,39,451085,160
21,39,451085,161
21,39,451085,162
21,39,451085,163
21,39,451085,164
21,39,451085,165
21,39,451085,166
21,39,451085,167
21,39,451085,168
21,39,451085,169
21,39,451085,170
21,39,451085,171
21,39,451085,172
21,39,451085,173
21,39,451085,174
21,39,451085,175
21,39,451085,176
21,39,451085,177
21,39,451085,178
21,39,451085,179
21,39,451085,180
21,39,451085,181
21,39,451085,182
21,39,451085,183
21,39,451085,184
21,39,451085,185
21,39,451085,186
21,39,451085,187
21,39,451085,188
21,39,451085,189
21,39,451085,190
21,39,451085,191
21,39,451085,192
21,39,451085,193
21,39,451085,194
21,39,451085,195
21,39,451085,196
21,39,451085,197
21,39,451085,198
21,39,451085,199
21,18,8895,0
21,18,8895,1
21,18,8895,2
21,18,8895,3
21,18,8895,4
21,18,8895,5
21,18,8895,6
21,18,8895,7
21,18,8895,8
21,18,8895,9
21,18,8895,10
21,18,8895,11
21,18,8895,12
21,18,8895,13
21,18,8895,14
21,18,8895,15
21,18,8895,16
21,18,8895,17
21,18,8895,18
21,18,8895,19
21,18,8895,20
21,18,8895,21
21,18,8895,22
21,18,8895,23
21,18,8895,24
21,18,8895,25
21,18,8895,26
21,18,8895,27
21,18,8895,28
21,18,8895,29
21,18,8895,30
21,18,8895,31
21,18,8895,32
21,18,8895,33
21,18,8895,34
21,18,8895,35
21,18,8895,36
21,18,8895,37
21,18,8895,38
21,18,8895,39
21,18,8895,40
21,18,8895,41
21,18,8895,42
21,18,8895,43
21,18,8895,44
21,18,8895,45
21,18,8895,46
21,18,8895,47
21,18,8895,48
21,18,8895,49
21,18,8895,50
21,18,8895,51
21,18,8895,52
21,18,8895,53
21,18,8895,54
21,18,8895,55
21,18,8895,56
21,18,8895,57
21,18,8895,58
21,18,8895,59
21,18,8895,60
21,18,8895,61
21,18,8895,62
21,18,8895,63
21,18,8895,64
21,18,8895,65
21,18,8895,66
21,18,8895,67
21,18,8895,68
21,18,8895,69
21,18,8895,70
21,18,8895,71
21,18,8895,72
21,18,8895,73
21,18,8895,74
21,18,8895,75
21,18,8895,76
21,18,8895,77
21,18,8895,78
21,18,8895,79
21,18,8895,80
21,18,8895,81
21,18,8895,82
21,18,8895,83
21,18,8895,84
21,18,8895,85
21,18,8895,86
21,18,8895,87
21,18,8895,88
21,18,8895,89
21,18,8895,90
21,18,8895,91
21,18,8895,92
21,18,8895,93
21,18,8895,94
21,18,8895,95
21,18,8895,96
21,18,8895,97
21,18,8895,98
21,18,8895,99
21,18,8895,100
21,18,8895,101
21,18,8895,102
21,18,8895,103
21,18,8895,104
21,18,8895,105
21,18,8895,106
21,18,8895,107
21,18,8895,108
21,18,8895,109
21,18,8895,110
21,18,8895,111
21,18,8895,112
21,18,8895,113
21,18,8895,114
21,18,8895,115
21,18,8895,116
21,18,8895,117
21,18,8895,118
21,18,8895,119
21,18,8895,120
21,18,8895,121
21,18,8895,122
21,18,8895,123
21,18,8895,124
21,18,8895,125
21,18,8895,126
21,18,8895,127
21,18,8895,128
21,18,8895,129
21,18,8895,130
21,18,8895,131
21,18,8895,132
21,18,8895,133
21,18,8895,134
21,18,8895,135
21,18,8895,136
21,18,8895,137
21,18,8895,138
21,18,8895,139
21,18,8895,140
21,18,8895,141
21,18,8895,142
21,18,8895,143
21,18,8895,144
21,18,8895,145
21,18,8895,146
21,18,8895,147
21,18,8895,148
21,18,8895,149
21,18,8895,150
21,18,8895,151
21,18,8895,152
21,18,8895,153
21,18,8895,154
21,18,8895,155
21,18,8895,156
21,18,8895,157
21,18,8895,158
21,18,8895,159
21,18,8895,160
21,18,8895,161
21,18,8895,162
21,18,8895,163
21,18,8895,164
21,18,8895,165
21,18,8895,166
21,18,8895,167
21,18,8895,168
21,18,8895,169
21,18,8895,170
21,18,8895,171
21,18,8895,172
21,18,8895,173
21,18,8895,174
21,18,8895,175
21,18,8895,176
21,18,8895,177
21,18,8895,178
21,18,8895,179
21,18,8895,180
21,18,8895,181
21,18,8895,182
21,18,8895,183
21,18,8895,184
21,18,8895,185
21,18,8895,186
21,18,8895,187
21,18,8895,188
21,18,8895,189
21,18,8895,190
21,18,8895,191
21,18,8895,192
21,18,8895,193
21,18,8895,194
21,18,8895,195
21,18,8895,196
21,18,8895,197
21,18,8895,198
21,18,8895,199
21,20,410235,0
21,20,410235,1
21,20,410235,2
21,20,410235,3
21,20,410235,4
21,20,410235,5
21,20,410235,6
21,20,410235,7
21,20,410235,8
21,20,410235,9
21,20,410235,10
21,20,410235,11
21,20,410235,12
21,20,410235,13
21,20,410235,14
21,20,410235,15
21,20,410235,16
21,20,410235,17
21,20,410235,18
21,20,410235,19
21,20,410235,20
21,20,410235,21
21,20,410235,22
21,20,410235,23
21,20,410235,24
21,20,410235,25
21,20,410235,26
21,20,410235,27
21,20,410235,28
21,20,410235,29
21,20,410235,30
21,20,410235,31
21,20,410235,32
21,20,410235,33
21,20,410235,34
21,20,410235,35
21,20,410235,36
21,20,410235,37
21,20,410235,38
21,20,410235,39
21,20,410235,40
21,20,410235,41
21,20,410235,42
21,20,410235,43
21,20,410235,44
21,20,410235,45
21,20,410235,46
21,20,410235,47
21,20,410235,48
21,20,410235,49
21,20,410235,50
21,20,410235,51
21,20,410235,52
21,20,410235,53
21,20,410235,54
21,20,410235,55
21,20,410235,56
21,20,410235,57
21,20,410235,58
21,20,410235,59
21,20,410235,60
21,20,410235,61
21,20,410235,62
21,20,410235,63
21,20,410235,64
21,20,410235,65
21,20,410235,66
21,20,410235,67
21,20,410235,68
21,20,410235,69
21,20,410235,70
21,20,410235,71
21,20,410235,72
21,20,410235,73
21,20,410235,74
21,20,410235,75
21,20,410235,76
21,20,410235,77
21,20,410235,78
21,20,410235,79
21,20,410235,80
21,20,410235,81
21,20,410235,82
21,20,410235,83
21,20,410235,84
21,20,410235,85
21,20,410235,86
21,20,410235,87
21,20,410235,88
21,20,410235,89
21,20,410235,90
21,20,410235,91
21,20,410235,92
21,20,410235,93
21,20,410235,94
21,20,410235,95
21,20,410235,96
21,20,410235,97
21,20,410235,98
21,20,410235,99
21,20,410235,100
21,20,410235,101
21,20,410235,102
21,20,410235,103
21,20,410235,104
21,20,410235,105
21,20,410235,106
21,20,410235,107
21,20,410235,108
21,20,410235,109
21,20,410235,110
21,20,410235,111
21,20,410235,112
21,20,410235,113
21,20,410235,114
21,20,410235,115
21,20,410235,116
21,20,410235,117
21,20,410235,118
21,20,410235,119
21,20,410235,120
21,20,410235,121
21,20,410235,122
21,20,410235,123
21,20,410235,124
21,20,410235,125
21,20,410235,126
21,20,410235,127
21,20,410235,128
21,20,410235,129
21,20,410235,130
21,20,410235,131
21,20,410235,132
21,20,410235,133
21,20,410235,134
21,20,410235,135
21,20,410235,136
21,20,410235,137
21,20,410235,138
21,20,410235,139
21,20,410235,140
21,20,410235,141
21,20,410235,142
21,20,410235,143
21,20,410235,144
21,20,410235,145
21,20,410235,146
21,20,410235,147
21,20,410235,148
21,20,410235,149
21,20,410235,150
21,20,410235,151
21,20,410235,152
21,20,410235,153
21,20,410235,154
21,20,410235,155
21,20,410235,156
21,20,410235,157
21,20,410235,158
21,20,410235,159
21,20,410235,160
21,20,410235,161
21,20,410235,162
21,20,410235,163
21,20,410235,164
21,20,410235,165
21,20,410235,166
21,20,410235,167
21,20,410235,168
21,20,410235,169
21,20,410235,170
21,20,410235,171
21,20,410235,172
21,20,410235,173
21,20,410235,174
21,20,410235,175
21,20,410235,176
21,20,410235,177
21,20,410235,178
21,20,410235,179
21,20,410235,180
21,20,410235,181
21,20,410235,182
21,20,410235,183
21,20,410235,184
21,20,410235,185
21,20,410235,186
21,20,410235,187
21,20,410235,188
21,20,410235,189
21,20,410235,190
21,20,410235,191
21,20,410235,192
21,20,410235,193
21,20,410235,194
21,20,410235,195
21,20,410235,196
21,20,410235,197
21,20,410235,198
21,20,410235,199
21,27,728190,0
21,27,728190,1
21,27,728190,2
21,27,728190,3
21,27,728190,4
21,27,728190,5
21,27,728190,6
21,27,728190,7
21,27,728190,8
21,27,728190,9
21,27,728190,10
21,27,728190,11
21,27,728190,12
21,27,728190,13
21,27,728190,14
21,27,728190,15
21,27,728190,16
21,27,728190,17
21,27,728190,18
21,27,728190,19
21,27,728190,20
21,27,728190,21
21,27,728190,22
21,27,728190,23
21,27,728190,24
21,27,728190,25
21,27,728190,26
21,27,728190,27
21,27,728190,28
21,27,728190,29
21,27,728190,30
21,27,728190,31
21,27,728190,32
21,27,728190,33
21,27,728190,34
21,27,728190,35
21,27,728190,36
21,27,728190,37
21,27,728190,38
21,27,728190,39
21,27,728190,40
21,27,728190,41
21,27,728190,42
21,27,728190,43
21,27,728190,44
21,27,728190,45
21,27,728190,46
21,27,728190,47
21,27,728190,48
21,27,728190,49
21,27,728190,50
21,27,728190,51
21,27,728190,52
21,27,728190,53
21,27,728190,54
21,27,728190,55
21,27,728190,56
21,27,728190,57
21,27,728190,58
21,27,728190,59
21,27,728190,60
21,27,728190,61
21,27,728190,62
21,27,728190,63
21,27,728190,64
21,27,728190,65
21,27,728190,66
21,27,728190,67
21,27,728190,68
21,27,728190,69
21,27,728190,70
21,27,728190,71
21,27,728190,72
21,27,728190,73
21,27,728190,74
21,27,728190,75
21,27,728190,76
21,27,728190,77
21,27,728190,78
21,27,728190,79
21,27,728190,80
21,27,728190,81
21,27,728190,82
21,27,728190,83
21,27,728190,84
21,27,728190,85
21,27,728190,86
21,27,728190,87
21,27,728190,88
21,27,728190,89
21,27,728190,90
21,27,728190,91
21,27,728190,92
21,27,728190,93
21,27,728190,94
21,27,728190,95
21,27,728190,96
21,27,728190,97
21,27,728190,98
21,27,728190,99
21,27,728190,100
21,27,728190,101
21,27,728190,102
21,27,728190,103
21,27,728190,104
21,27,728190,105
21,27,728190,106
21,27,728190,107
21,27,728190,108
21,27,728190,109
21,27,728190,110
21,27,728190,111
21,27,728190,112
21,27,728190,113
21,27,728190,114
21,27,728190,115
21,27,728190,116
21,27,728190,117
21,27,728190,118
21,27,728190,119
21,27,728190,120
21,27,728190,121
21,27,728190,122
21,27,728190,123
21,27,728190,124
21,27,728190,125
21,27,728190,126
21,27,728190,127
21,27,728190,128
21,27,728190,129
21,27,728190,130
21,27,728190,131
21,27,728190,132
21,27,728190,133
21,27,728190,134
21,27,728190,135
21,27,728190,136
21,27,728190,137
21,27,728190,138
21,27,728190,139
21,27,728190,140
21,27,728190,141
21,27,728190,142
21,27,728190,143
21,27,728190,144
21,27,728190,145
21,27,728190,146
21,27,728190,147
21,27,728190,148
21,27,728190,149
21,27,728190,150
21,27,728190,151
21,27,728190,152
21,27,728190,153
21,27,728190,154
21,27,728190,155
21,27,728190,156
21,27,728190,157
21,27,728190,158
21,27,728190,159
21,27,728190,160
21,27,728190,161
21,27,728190,162
21,27,728190,163
21,27,728190,164
21,27,728190,165
21,27,728190,166
21,27,728190,167
21,27,728190,168
21,27,728190,169
21,27,728190,170
21,27,728190,171
21,27,728190,172
21,27,728190,173
21,27,728190,174
21,27,728190,175
21,27,728190,176
21,27,728190,177
21,27,728190,178
21,27,728190,179
21,27,728190,180
21,27,728190,181
21,27,728190,182
21,27,728190,183
21,27,728190,184
21,27,728190,185
21,27,728190,186
21,27,728190,187
21,27,728190,188
21,27,728190,189
21,27,728190,190
21,27,728190,191
21,27,728190,192
21,27,728190,193
21,27,728190,194
21,27,728190,195
21,27,728190,196
21,27,728190,197
21,27,728190,198
21,27,728190,199
12,0,13915,0
12,0,13915,1
12,0,13915,2
12,0,13915,3
12,0,13915,4
12,0,13915,5
12,0,13915,6
12,0,13915,7
12,0,13915,8
12,0,13915,9
12,0,13915,10
12,0,13915,11
12,0,13915,12
12,0,13915,13
12,0,13915,14
12,0,13915,15
12,0,13915,16
12,0,13915,17
12,0,13915,18
12,0,13915,19
12,0,13915,20
12,0,13915,21
12,0,13915,22
12,0,13915,23
12,0,13915,24
12,0,13915,25
12,0,13915,26
12,0,13915,27
12,0,13915,28
12,0,13915,29
12,0,13915,30
12,0,13915,31
12,0,13915,32
12,0,13915,33
12,0,13915,34
12,0,13915,35
12,0,13915,36
12,0,13915,37
12,0,13915,38
12,0,13915,39
12,0,13915,40
12,0,13915,41
12,0,13915,42
12,0,13915,43
12,0,13915,44
12,0,13915,45
12,0,13915,46
12,0,13915,47
12,0,13915,48
12,0,13915,49
12,0,13915,50
12,0,13915,51
12,0,13915,52
12,0,13915,53
12,0,13915,54
12,0,13915,55
12,0,13915,56
12,0,13915,57
12,0,13915,58
12,0,13915,59
12,0,13915,60
12,0,13915,61
12,0,13915,62
12,0,13915,63
12,0,13915,64
12,0,13915,65
12,0,13915,66
12,0,13915,67
12,0,13915,68
12,0,13915,69
12,0,13915,70
12,0,13915,71
12,0,13915,72
12,0,13915,73
12,0,13915,74
12,0,13915,75
12,0,13915,76
12,0,13915,77
12,0,13915,78
12,0,13915,79
12,0,13915,80
12,0,13915,81
12,0,13915,82
12,0,13915,83
12,0,13915,84
12,0,13915,85
12,0,13915,86
12,0,13915,87
12,0,13915,88
12,0,13915,89
12,0,13915,90
12,0,13915,91
12,0,13915,92
12,0,13915,93
12,0,13915,94
12,0,13915,95
12,0,13915,96
12,0,13915,97
12,0,13915,98
12,0,13915,99
12,0,13915,100
12,0,13915,101
12,0,13915,102
12,0,13915,103
12,0,13915,104
12,0,13915,105
12,0,13915,106
12,0,13915,107
12,0,13915,108
12,0,13915,109
12,0,13915,110
12,0,13915,111
12,0,13915,112
12,0,13915,113
12,0,13915,114
12,0,13915,115
12,0,13915,116
12,0,13915,117
12,0,13915,118
12,0,13915,119
12,0,13915,120
12,0,13915,121
12,0,13915,122
12,0,13915,123
12,0,13915,124
12,0,13915,125
12,0,13915,126
12,0,13915,127
12,0,13915,128
12,0,13915,129
12,0,13915,130
12,0,13915,131
12,0,13915,132
12,0,13915,133
12,0,13915,134
12,0,13915,135
12,0,13915,136
12,0,13915,137
12,0,13915,138
12,0,13915,139
12,0,13915,140
12,0,13915,141
12,0,13915,142
12,0,13915,143
12,0,13915,144
12,0,13915,145
12,0,13915,146
12,0,13915,147
12,0,13915,148
12,0,13915,149
12,0,13915,150
12,0,13915,151
12,0,13915,152
12,0,13915,153
12,0,13915,154
12,0,13915,155
12,0,13915,156
12,0,13915,157
12,0,13915,158
12,0,13915,159
12,0,13915,160
12,0,13915,161
12,0,13915,162
12,0,13915,163
12,0,13915,164
12,0,13915,165
12,0,13915,166
12,0,13915,167
12,0,13915,168
12,0,13915,169
12,0,13915,170
12,0,13915,171
12,0,13915,172
12,0,13915,173
12,0,13915,174
12,0,13915,175
12,0,13915,176
12,0,13915,177
12,0,13915,178
12,0,13915,179
12,0,13915,180
12,0,13915,181
12,0,13915,182
12,0,13915,183
12,0,13915,184
12,0,13915,185
12,0,13915,186
12,0,13915,187
12,0,13915,188
12,0,13915,189
12,0,13915,190
12,0,13915,191
12,0,13915,192
12,0,13915,193
12,0,13915,194
12,0,13915,195
12,0,13915,196
12,0,13915,197
12,0,13915,198
12,0,13915,199
12,26,17435,0
12,26,17435,1
12,26,17435,2
12,26,17435,3
12,26,17435,4
12,26,17435,5
12,26,17435,6
12,26,17435,7
12,26,17435,8
12,26,17435,9
12,26,17435,10
12,26,17435,11
12,26,17435,12
12,26,17435,13
12,26,17435,14
12,26,17435,15
12,26,17435,16
12,26,17435,17
12,26,17435,18
12,26,17435,19
12,26,17435,20
12,26,17435,21
12,26,17435,22
12,26,17435,23
12,26,17435,24
12,26,17435,25
12,26,17435,26
12,26,17435,27
12,26,17435,28
12,26,17435,29
12,26,17435,30
12,26,17435,31
12,26,17435,32
12,26,17435,33
12,26,17435,34
12,26,17435,35
12,26,17435,36
12,26,17435,37
12,26,17435,38
12,26,17435,39
12,26,17435,40
12,26,17435,41
12,26,17435,42
12,26,17435,43
12,26,17435,44
12,26,17435,45
12,26,17435,46
12,26,17435,47
12,26,17435,48
12,26,17435,49
12,26,17435,50
12,26,17435,51
12,26,17435,52
12,26,17435,53
12,26,17435,54
12,26,17435,55
12,26,17435,56
12,26,17435,57
12,26,17435,58
12,26,17435,59
12,26,17435,60
12,26,17435,61
12,26,17435,62
12,26,17435,63
12,26,17435,64
12,26,17435,65
12,26,17435,66
12,26,17435,67
12,26,17435,68
12,26,17435,69
12,26,17435,70
12,26,17435,71
12,26,17435,72
12,26,17435,73
12,26,17435,74
12,26,17435,75
12,26,17435,76
12,26,17435,77
12,26,17435,78
12,26,17435,79
12,26,17435,80
12,26,17435,81
12,26,17435,82
12,26,17435,83
12,26,17435,84
12,26,17435,85
12,26,17435,86
12,26,17435,87
12,26,17435,88
12,26,17435,89
12,26,17435,90
12,26,17435,91
12,26,17435,92
12,26,17435,93
12,26,17435,94
12,26,17435,95
12,26,17435,96
12,26,17435,97
12,26,17435,98
12,26,17435,99
12,26,17435,100
12,26,17435,101
12,26,17435,102
12,26,17435,103
12,26,17435,104
12,26,17435,105
12,26,17435,106
12,26,17435,107
12,26,17435,108
12,26,17435,109
12,26,17435,110
12,26,17435,111
12,26,17435,112
12,26,17435,113
12,26,17435,114
12,26,17435,115
12,26,17435,116
12,26,17435,117
12,26,17435,118
12,26,17435,119
12,26,17435,120
12,26,17435,121
12,26,17435,122
12,26,17435,123
12,26,17435,124
12,26,17435,125
12,26,17435,126
12,26,17435,127
12,26,17435,128
12,26,17435,129
12,26,17435,130
12,26,17435,131
12,26,17435,132
12,26,17435,133
12,26,17435,134
12,26,17435,135
12,26,17435,136
12,26,17435,137
12,26,17435,138
12,26,17435,139
12,26,17435,140
12,26,17435,141
12,26,17435,142
12,26,17435,143
12,26,17435,144
12,26,17435,145
12,26,17435,146
12,26,17435,147
12,26,17435,148
12,26,17435,149
12,26,17435,150
12,26,17435,151
12,26,17435,152
12,26,17435,153
12,26,17435,154
12,26,17435,155
12,26,17435,156
12,26,17435,157
12,26,17435,158
12,26,17435,159
12,26,17435,160
12,26,17435,161
12,26,17435,162
12,26,17435,163
12,26,17435,164
12,26,17435,165
12,26,17435,166
12,26,17435,167
12,26,17435,168
12,26,17435,169
12,26,17435,170
12,26,17435,171
12,26,17435,172
12,26,17435,173
12,26,17435,174
12,26,17435,175
12,26,17435,176
12,26,17435,177
12,26,17435,178
12,26,17435,179
12,26,17435,180
12,26,17435,181
12,26,17435,182
12,26,17435,183
12,26,17435,184
12,26,17435,185
12,26,17435,186
12,26,17435,187
12,26,17435,188
12,26,17435,189
12,26,17435,190
12,26,17435,191
12,26,17435,192
12,26,17435,193
12,26,17435,194
12,26,17435,195
12,26,17435,196
12,26,17435,197
12,26,17435,198
12,26,17435,199
12,1,16135,0
12,1,16135,1
12,1,16135,2
12,1,16135,3
12,1,16135,4
12,1,16135,5
12,1,16135,6
12,1,16135,7
12,1,16135,8
12,1,16135,9
12,1,16135,10
12,1,16135,11
12,1,16135,12
12,1,16135,13
12,1,16135,14
12,1,16135,15
12,1,16135,16
12,1,16135,17
12,1,16135,18
12,1,16135,19
12,1,16135,20
12,1,16135,21
12,1,16135,22
12,1,16135,23
12,1,16135,24
12,1,16135,25
12,1,16135,26
12,1,16135,27
12,1,16135,28
12,1,16135,29
12,1,16135,30
12,1,16135,31
12,1,16135,32
12,1,16135,33
12,1,16135,34
12,1,16135,35
12,1,16135,36
12,1,16135,37
12,1,16135,38
12,1,16135,39
12,1,16135,40
12,1,16135,41
12,1,16135,42
12,1,16135,43
12,1,16135,44
12,1,16135,45
12,1,16135,46
12,1,16135,47
12,1,16135,48
12,1,16135,49
12,1,16135,50
12,1,16135,51
12,1,16135,52
12,1,16135,53
12,1,16135,54
12,1,16135,55
12,1,16135,56
12,1,16135,57
12,1,16135,58
12,1,16135,59
12,1,16135,60
12,1,16135,61
12,1,16135,62
12,1,16135,63
12,1,16135,64
12,1,16135,65
12,1,16135,66
12,1,16135,67
12,1,16135,68
12,1,16135,69
12,1,16135,70
12,1,16135,71
12,1,16135,72
12,1,16135,73
12,1,16135,74
12,1,16135,75
12,1,16135,76
12,1,16135,77
12,1,16135,78
12,1,16135,79
12,1,16135,80
12,1,16135,81
12,1,16135,82
12,1,16135,83
12,1,16135,84
12,1,16135,85
12,1,16135,86
12,1,16135,87
12,1,16135,88
12,1,16135,89
12,1,16135,90
12,1,16135,91
12,1,16135,92
12,1,16135,93
12,1,16135,94
12,1,16135,95
12,1,16135,96
12,1,16135,97
12,1,16135,98
12,1,16135,99
12,1,16135,100
12,1,16135,101
12,1,16135,102
12,1,16135,103
12,1,16135,104
12,1,16135,105
12,1,16135,106
12,1,16135,107
12,1,16135,108
12,1,16135,109
12,1,16135,110
12,1,16135,111
12,1,16135,112
12,1,16135,113
12,1,16135,114
12,1,16135,115
12,1,16135,116
12,1,16135,117
12,1,16135,118
12,1,16135,119
12,1,16135,120
12,1,16135,121
12,1,16135,122
12,1,16135,123
12,1,16135,124
12,1,16135,125
12,1,16135,126
12,1,16135,127
12,1,16135,128
12,1,16135,129
12,1,16135,130
12,1,16135,131
12,1,16135,132
12,1,16135,133
12,1,16135,134
12,1,16135,135
12,1,16135,136
12,1,16135,137
12,1,16135,138
12,1,16135,139
12,1,16135,140
12,1,16135,141
12,1,16135,142
12,1,16135,143
12,1,16135,144
12,1,16135,145
12,1,16135,146
12,1,16135,147
12,1,16135,148
12,1,16135,149
12,1,16135,150
12,1,16135,151
12,1,16135,152
12,1,16135,153
12,1,16135,154
12,1,16135,155
12,1,16135,156
12,1,16135,157
12,1,16135,158
12,1,16135,159
12,1,16135,160
12,1,16135,161
12,1,16135,162
12,1,16135,163
12,1,16135,164
12,1,16135,165
12,1,16135,166
12,1,16135,167
12,1,16135,168
12,1,16135,169
12,1,16135,170
12,1,16135,171
12,1,16135,172
12,1,16135,173
12,1,16135,174
12,1,16135,175
12,1,16135,176
12,1,16135,177
12,1,16135,178
12,1,16135,179
12,1,16135,180
12,1,16135,181
12,1,16135,182
12,1,16135,183
12,1,16135,184
12,1,16135,185
12,1,16135,186
12,1,16135,187
12,1,16135,188
12,1,16135,189
12,1,16135,190
12,1,16135,191
12,1,16135,192
12,1,16135,193
12,1,16135,194
12,1,16135,195
12,1,16135,196
12,1,16135,197
12,1,16135,198
12,1,16135,199
12,19,11635,0
12,19,11635,1
12,19,11635,2
12,19,11635,3
12,19,11635,4
12,19,11635,5
12,19,11635,6
12,19,11635,7
12,19,11635,8
12,19,11635,9
12,19,11635,10
12,19,11635,11
12,19,11635,12
12,19,11635,13
12,19,11635,14
12,19,11635,15
12,19,11635,16
12,19,11635,17
12,19,11635,18
12,19,11635,19
12,19,11635,20
12,19,11635,21
12,19,11635,22
12,19,11635,23
12,19,11635,24
12,19,11635,25
12,19,11635,26
12,19,11635,27
12,19,11635,28
12,19,11635,29
12,19,11635,30
12,19,11635,31
12,19,11635,32
12,19,11635,33
12,19,11635,34
12,19,11635,35
12,19,11635,36
12,19,11635,37
12,19,11635,38
12,19,11635,39
12,19,11635,40
12,19,11635,41
12,19,11635,42
12,19,11635,43
12,19,11635,44
12,19,11635,45
12,19,11635,46
12,19,11635,47
12,19,11635,48
12,19,11635,49
12,19,11635,50
12,19,11635,51
12,19,11635,52
12,19,11635,53
12,19,11635,54
12,19,11635,55
12,19,11635,56
12,19,11635,57
12,19,11635,58
12,19,11635,59
12,19,11635,60
12,19,11635,61
12,19,11635,62
12,19,11635,63
12,19,11635,64
12,19,11635,65
12,19,11635,66
12,19,11635,67
12,19,11635,68
12,19,11635,69
12,19,11635,70
12,19,11635,71
12,19,11635,72
12,19,11635,73
12,19,11635,74
12,19,11635,75
12,19,11635,76
12,19,11635,77
12,19,11635,78
12,19,11635,79
12,19,11635,80
12,19,11635,81
12,19,11635,82
12,19,11635,83
12,19,11635,84
12,19,11635,85
12,19,11635,86
12,19,11635,87
12,19,11635,88
12,19,11635,89
12,19,11635,90
12,19,11635,91
12,19,11635,92
12,19,11635,93
12,19,11635,94
12,19,11635,95
12,19,11635,96
12,19,11635,97
12,19,11635,98
12,19,11635,99
12,19,11635,100
12,19,11635,101
12,19,11635,102
12,19,11635,103
12,19,11635,104
12,19,11635,105
12,19,11635,106
12,19,11635,107
12,19,11635,108
12,19,11635,109
12,19,11635,110
12,19,11635,111
12,19,11635,112
12,19,11635,113
12,19,11635,114
12,19,11635,115
12,19,11635,116
12,19,11635,117
12,19,11635,118
12,19,11635,119
12,19,11635,120
12,19,11635,121
12,19,11635,122
12,19,11635,123
12,19,11635,124
12,19,11635,125
12,19,11635,126
12,19,11635,127
12,19,11635,128
12,19,11635,129
12,19,11635,130
12,19,11635,131
12,19,11635,132
12,19,11635,133
12,19,11635,134
12,19,11635,135
12,19,11635,136
12,19,11635,137
12,19,11635,138
12,19,11635,139
12,19,11635,140
12,19,11635,141
12,19,11635,142
12,19,11635,143
12,19,11635,144
12,19,11635,145
12,19,11635,146
12,19,11635,147
12,19,11635,148
12,19,11635,149
12,19,11635,150
12,19,11635,151
12,19,11635,152
12,19,11635,153
12,19,11635,154
12,19,11635,155
12,19,11635,156
12,19,11635,157
12,19,11635,158
12,19,11635,159
12,19,11635,160
12,19,11635,161
12,19,11635,162
12,19,11635,163
12,19,11635,164
12,19,11635,165
12,19,11635,166
12,19,11635,167
12,19,11635,168
12,19,11635,169
12,19,11635,170
12,19,11635,171
12,19,11635,172
12,19,11635,173
12,19,11635,174
12,19,11635,175
12,19,11635,176
12,19,11635,177
12,19,11635,178
12,19,11635,179
12,19,11635,180
12,19,11635,181
12,19,11635,182
12,19,11635,183
12,19,11635,184
12,19,11635,185
12,19,11635,186
12,19,11635,187
12,19,11635,188
12,19,11635,189
12,19,11635,190
12,19,11635,191
12,19,11635,192
12,19,11635,193
12,19,11635,194
12,19,11635,195
12,19,11635,196
12,19,11635,197
12,19,11635,198
12,19,11635,199
12,17,11875,0
12,17,11875,1
12,17,11875,2
12,17,11875,3
12,17,11875,4
12,17,11875,5
12,17,11875,6
12,17,11875,7
12,17,11875,8
12,17,11875,9
12,17,11875,10
12,17,11875,11
12,17,11875,12
12,17,11875,13
12,17,11875,14
12,17,11875,15
12,17,11875,16
12,17,11875,17
12,17,11875,18
12,17,11875,19
12,17,11875,20
12,17,11875,21
12,17,11875,22
12,17,11875,23
12,17,11875,24
12,17,11875,25
12,17,11875,26
12,17,11875,27
12,17,11875,28
12,17,11875,29
12,17,11875,30
12,17,11875,31
12,17,11875,32
12,17,11875,33
12,17,11875,34
12,17,11875,35
12,17,11875,36
12,17,11875,37
12,17,11875,38
12,17,11875,39
12,17,11875,40
12,17,11875,41
12,17,11875,42
12,17,11875,43
12,17,11875,44
12,17,11875,45
12,17,11875,46
12,17,11875,47
12,17,11875,48
12,17,11875,49
12,17,11875,50
12,17,11875,51
12,17,11875,52
12,17,11875,53
12,17,11875,54
12,17,11875,55
12,17,11875,56
12,17,11875,57
12,17,11875,58
12,17,11875,59
12,17,11875,60
12,17,11875,61
12,17,11875,62
12,17,11875,63
12,17,11875,64
12,17,11875,65
12,17,11875,66
12,17,11875,67
12,17,11875,68
12,17,11875,69
12,17,11875,70
12,17,11875,71
12,17,11875,72
12,17,11875,73
12,17,11875,74
12,17,11875,75
12,17,11875,76
12,17,11875,77
12,17,11875,78
12,17,11875,79
12,17,11875,80
12,17,11875,81
12,17,11875,82
12,17,11875,83
12,17,11875,84
12,17,11875,85
12,17,11875,86
12,17,11875,87
12,17,11875,88
12,17,11875,89
12,17,11875,90
12,17,11875,91
12,17,11875,92
12,17,11875,93
12,17,11875,94
12,17,11875,95
12,17,11875,96
12,17,11875,97
12,17,11875,98
12,17,11875,99
12,17,11875,100
12,17,11875,101
12,17,11875,102
12,17,11875,103
12,17,11875,104
12,17,11875,105
12,17,11875,106
12,17,11875,107
12,17,11875,108
12,17,11875,109
12,17,11875,110
12,17,11875,111
12,17,11875,112
12,17,11875,113
12,17,11875,114
12,17,11875,115
12,17,11875,116
12,17,11875,117
12,17,11875,118
12,17,11875,119
12,17,11875,120
12,17,11875,121
12,17,11875,122
12,17,11875,123
12,17,11875,124
12,17,11875,125
12,17,11875,126
12,17,11875,127
12,17,11875,128
12,17,11875,129
12,17,11875,130
12,17,11875,131
12,17,11875,132
12,17,11875,133
12,17,11875,134
12,17,11875,135
12,17,11875,136
12,17,11875,137
12,17,11875,138
12,17,11875,139
12,17,11875,140
12,17,11875,141
12,17,11875,142
12,17,11875,143
12,17,11875,144
12,17,11875,145
12,17,11875,146
12,17,11875,147
12,17,11875,148
12,17,11875,149
12,17,11875,150
12,17,11875,151
12,17,11875,152
12,17,11875,153
12,17,11875,154
12,17,11875,155
12,17,11875,156
12,17,11875,157
12,17,11875,158
12,17,11875,159
12,17,11875,160
12,17,11875,161
12,17,11875,162
12,17,11875,163
12,17,11875,164
12,17,11875,165
12,17,11875,166
12,17,11875,167
12,17,11875,168
12,17,11875,169
12,17,11875,170
12,17,11875,171
12,17,11875,172
12,17,11875,173
12,17,11875,174
12,17,11875,175
12,17,11875,176
12,17,11875,177
12,17,11875,178
12,17,11875,179
12,17,11875,180
12,17,11875,181
12,17,11875,182
12,17,11875,183
12,17,11875,184
12,17,11875,185
12,17,11875,186
12,17,11875,187
12,17,11875,188
12,17,11875,189
12,17,11875,190
12,17,11875,191
12,17,11875,192
12,17,11875,193
12,17,11875,194
12,17,11875,195
12,17,11875,196
12,17,11875,197
12,17,11875,198
12,17,11875,199
12,3,83805,0
12,3,83805,1
12,3,83805,2
12,3,83805,3
12,3,83805,4
12,3,83805,5
12,3,83805,6
12,3,83805,7
12,3,83805,8
12,3,83805,9
12,3,83805,10
12,3,83805,11
12,3,83805,12
12,3,83805,13
12,3,83805,14
12,3,83805,15
12,3,83805,16
12,3,83805,17
12,3,83805,18
12,3,83805,19
12,3,83805,20
12,3,83805,21
12,3,83805,22
12,3,83805,23
12,3,83805,24
12,3,83805,25
12,3,83805,26
12,3,83805,27
12,3,83805,28
12,3,83805,29
12,3,83805,30
12,3,83805,31
12,3,83805,32
12,3,83805,33
12,3,83805,34
12,3,83805,35
12,3,83805,36
12,3,83805,37
12,3,83805,38
12,3,83805,39
12,3,83805,40
12,3,83805,41
12,3,83805,42
12,3,83805,43
12,3,83805,44
12,3,83805,45
12,3,83805,46
12,3,83805,47
12,3,83805,48
12,3,83805,49
12,3,83805,50
12,3,83805,51
12,3,83805,52
12,3,83805,53
12,3,83805,54
12,3,83805,55
12,3,83805,56
12,3,83805,57
12,3,83805,58
12,3,83805,59
12,3,83805,60
12,3,83805,61
12,3,83805,62
12,3,83805,63
12,3,83805,64
12,3,83805,65
12,3,83805,66
12,3,83805,67
12,3,83805,68
12,3,83805,69
12,3,83805,70
12,3,83805,71
12,3,83805,72
12,3,83805,73
12,3,83805,74
12,3,83805,75
12,3,83805,76
12,3,83805,77
12,3,83805,78
12,3,83805,79
12,3,83805,80
12,3,83805,81
12,3,83805,82
12,3,83805,83
12,3,83805,84
12,3,83805,85
12,3,83805,86
12,3,83805,87
12,3,83805,88
12,3,83805,89
12,3,83805,90
12,3,83805,91
12,3,83805,92
12,3,83805,93
12,3,83805,94
12,3,83805,95
12,3,83805,96
12,3,83805,97
12,3,83805,98
12,3,83805,99
12,3,83805,100
12,3,83805,101
12,3,83805,102
12,3,83805,103
12,3,83805,104
12,3,83805,105
12,3,83805,106
12,3,83805,107
12,3,83805,108
12,3,83805,109
12,3,83805,110
12,3,83805,111
12,3,83805,112
12,3,83805,113
12,3,83805,114
12,3,83805,115
12,3,83805,116
12,3,83805,117
12,3,83805,118
12,3,83805,119
12,3,83805,120
12,3,83805,121
12,3,83805,122
12,3,83805,123
12,3,83805,124
12,3,83805,125
12,3,83805,126
12,3,83805,127
12,3,83805,128
12,3,83805,129
12,3,83805,130
12,3,83805,131
12,3,83805,132
12,3,83805,133
12,3,83805,134
12,3,83805,135
12,3,83805,136
12,3,83805,137
12,3,83805,138
12,3,83805,139
12,3,83805,140
12,3,83805,141
12,3,83805,142
12,3,83805,143
12,3,83805,144
12,3,83805,145
12,3,83805,146
12,3,83805,147
12,3,83805,148
12,3,83805,149
12,3,83805,150
12,3,83805,151
12,3,83805,152
12,3,83805,153
12,3,83805,154
12,3,83805,155
12,3,83805,156
12,3,83805,157
12,3,83805,158
12,3,83805,159
12,3,83805,160
12,3,83805,161
12,3,83805,162
12,3,83805,163
12,3,83805,164
12,3,83805,165
12,3,83805,166
12,3,83805,167
12,3,83805,168
12,3,83805,169
12,3,83805,170
12,3,83805,171
12,3,83805,172
12,3,83805,173
12,3,83805,174
12,3,83805,175
12,3,83805,176
12,3,83805,177
12,3,83805,178
12,3,83805,179
12,3,83805,180
12,3,83805,181
12,3,83805,182
12,3,83805,183
12,3,83805,184
12,3,83805,185
12,3,83805,186
12,3,83805,187
12,3,83805,188
12,3,83805,189
12,3,83805,190
12,3,83805,191
12,3,83805,192
12,3,83805,193
12,3,83805,194
12,3,83805,195
12,3,83805,196
12,3,83805,197
12,3,83805,198
12,3,83805,199
12,5,326580,0
12,5,326580,1
12,5,326580,2
12,5,326580,3
12,5,326580,4
12,5,326580,5
12,5,326580,6
12,5,326580,7
12,5,326580,8
12,5,326580,9
12,5,326580,10
12,5,326580,11
12,5,326580,12
12,5,326580,13
12,5,326580,14
12,5,326580,15
12,5,326580,16
12,5,326580,17
12,5,326580,18
12,5,326580,19
12,5,326580,20
12,5,326580,21
12,5,326580,22
12,5,326580,23
12,5,326580,24
12,5,326580,25
12,5,326580,26
12,5,326580,27
12,5,326580,28
12,5,326580,29
12,5,326580,30
12,5,326580,31
12,5,326580,32
12,5,326580,33
12,5,326580,34
12,5,326580,35
12,5,326580,36
12,5,326580,37
12,5,326580,38
12,5,326580,39
12,5,326580,40
12,5,326580,41
12,5,326580,42
12,5,326580,43
12,5,326580,44
12,5,326580,45
12,5,326580,46
12,5,326580,47
12,5,326580,48
12,5,326580,49
12,5,326580,50
12,5,326580,51
12,5,326580,52
12,5,326580,53
12,5,326580,54
12,5,326580,55
12,5,326580,56
12,5,326580,57
12,5,326580,58
12,5,326580,59
12,5,326580,60
12,5,326580,61
12,5,326580,62
12,5,326580,63
12,5,326580,64
12,5,326580,65
12,5,326580,66
12,5,326580,67
12,5,326580,68
12,5,326580,69
12,5,326580,70
12,5,326580,71
12,5,326580,72
12,5,326580,73
12,5,326580,74
12,5,326580,75
12,5,326580,76
12,5,326580,77
12,5,326580,78
12,5,326580,79
12,5,326580,80
12,5,326580,81
12,5,326580,82
12,5,326580,83
12,5,326580,84
12,5,326580,85
12,5,326580,86
12,5,326580,87
12,5,326580,88
12,5,326580,89
12,5,326580,90
12,5,326580,91
12,5,326580,92
12,5,326580,93
12,5,326580,94
12,5,326580,95
12,5,326580,96
12,5,326580,97
12,5,326580,98
12,5,326580,99
12,5,326580,100
12,5,326580,101
12,5,326580,102
12,5,326580,103
12,5,326580,104
12,5,326580,105
12,5,326580,106
12,5,326580,107
12,5,326580,108
12,5,326580,109
12,5,326580,110
12,5,326580,111
12,5,326580,112
12,5,326580,113
12,5,326580,114
12,5,326580,115
12,5,326580,116
12,5,326580,117
12,5,326580,118
12,5,326580,119
12,5,326580,120
12,5,326580,121
12,5,326580,122
12,5,326580,123
12,5,326580,124
12,5,326580,125
12,5,326580,126
12,5,326580,127
12,5,326580,128
12,5,326580,129
12,5,326580,130
12,5,326580,131
12,5,326580,132
12,5,326580,133
12,5,326580,134
12,5,326580,135
12,5,326580,136
12,5,326580,137
12,5,326580,138
12,5,326580,139
12,5,326580,140
12,5,326580,141
12,5,326580,142
12,5,326580,143
12,5,326580,144
12,5,326580,145
12,5,326580,146
12,5,326580,147
12,5,326580,148
12,5,326580,149
12,5,326580,150
12,5,326580,151
12,5,326580,152
12,5,326580,153
12,5,326580,154
12,5,326580,155
12,5,326580,156
12,5,326580,157
12,5,326580,158
12,5,326580,159
12,5,326580,160
12,5,326580,161
12,5,326580,162
12,5,326580,163
12,5,326580,164
12,5,326580,165
12,5,326580,166
12,5,326580,167
12,5,326580,168
12,5,326580,169
12,5,326580,170
12,5,326580,171
12,5,326580,172
12,5,326580,173
12,5,326580,174
12,5,326580,175
12,5,326580,176
12,5,326580,177
12,5,326580,178
12,5,326580,179
12,5,326580,180
12,5,326580,181
12,5,326580,182
12,5,326580,183
12,5,326580,184
12,5,326580,185
12,5,326580,186
12,5,326580,187
12,5,326580,188
12,5,326580,189
12,5,326580,190
12,5,326580,191
12,5,326580,192
12,5,326580,193
12,5,326580,194
12,5,326580,195
12,5,326580,196
12,5,326580,197
12,5,326580,198
12,5,326580,199
12,9,246185,0
12,9,246185,1
12,9,246185,2
12,9,246185,3
12,9,246185,4
12,9,246185,5
12,9,246185,6
12,9,246185,7
12,9,246185,8
12,9,246185,9
12,9,246185,10
12,9,246185,11
12,9,246185,12
12,9,246185,13
12,9,246185,14
12,9,246185,15
12,9,246185,16
12,9,246185,17
12,9,246185,18
12,9,246185,19
12,9,246185,20
12,9,246185,21
12,9,246185,22
12,9,246185,23
12,9,246185,24
12,9,246185,25
12,9,246185,26
12,9,246185,27
12,9,246185,28
12,9,246185,29
12,9,246185,30
12,9,246185,31
12,9,246185,32
12,9,246185,33
12,9,246185,34
12,9,246185,35
12,9,246185,36
12,9,246185,37
12,9,246185,38
12,9,246185,39
12,9,246185,40
12,9,246185,41
12,9,246185,42
12,9,246185,43
12,9,246185,44
12,9,246185,45
12,9,246185,46
12,9,246185,47
12,9,246185,48
12,9,246185,49
12,9,246185,50
12,9,246185,51
12,9,246185,52
12,9,246185,53
12,9,246185,54
12,9,246185,55
12,9,246185,56
12,9,246185,57
12,9,246185,58
12,9,246185,59
12,9,246185,60
12,9,246185,61
12,9,246185,62
12,9,246185,63
12,9,246185,64
12,9,246185,65
12,9,246185,66
12,9,246185,67
12,9,246185,68
12,9,246185,69
12,9,246185,70
12,9,246185,71
12,9,246185,72
12,9,246185,73
12,9,246185,74
12,9,246185,75
12,9,246185,76
12,9,246185,77
12,9,246185,78
12,9,246185,79
12,9,246185,80
12,9,246185,81
12,9,246185,82
12,9,246185,83
12,9,246185,84
12,9,246185,85
12,9,246185,86
12,9,246185,87
12,9,246185,88
12,9,246185,89
12,9,246185,90
12,9,246185,91
12,9,246185,92
12,9,246185,93
12,9,246185,94
12,9,246185,95
12,9,246185,96
12,9,246185,97
12,9,246185,98
12,9,246185,99
12,9,246185,100
12,9,246185,101
12,9,246185,102
12,9,246185,103
12,9,246185,104
12,9,246185,105
12,9,246185,106
12,9,246185,107
12,9,246185,108
12,9,246185,109
12,9,246185,110
12,9,246185,111
12,9,246185,112
12,9,246185,113
12,9,246185,114
12,9,246185,115
12,9,246185,116
12,9,246185,117
12,9,246185,118
12,9,246185,119
12,9,246185,120
12,9,246185,121
12,9,246185,122
12,9,246185,123
12,9,246185,124
12,9,246185,125
12,9,246185,126
12,9,246185,127
12,9,246185,128
12,9,246185,129
12,9,246185,130
12,9,246185,131
12,9,246185,132
12,9,246185,133
12,9,246185,134
12,9,246185,135
12,9,246185,136
12,9,246185,137
12,9,246185,138
12,9,246185,139
12,9,246185,140
12,9,246185,141
12,9,246185,142
12,9,246185,143
12,9,246185,144
12,9,246185,145
12,9,246185,146
12,9,246185,147
12,9,246185,148
12,9,246185,149
12,9,246185,150
12,9,246185,151
12,9,246185,152
12,9,246185,153
12,9,246185,154
12,9,246185,155
12,9,246185,156
12,9,246185,157
12,9,246185,158
12,9,246185,159
12,9,246185,160
12,9,246185,161
12,9,246185,162
12,9,246185,163
12,9,246185,164
12,9,246185,165
12,9,246185,166
12,9,246185,167
12,9,246185,168
12,9,246185,169
12,9,246185,170
12,9,246185,171
12,9,246185,172
12,9,246185,173
12,9,246185,174
12,9,246185,175
12,9,246185,176
12,9,246185,177
12,9,246185,178
12,9,246185,179
12,9,246185,180
12,9,246185,181
12,9,246185,182
12,9,246185,183
12,9,246185,184
12,9,246185,185
12,9,246185,186
12,9,246185,187
12,9,246185,188
12,9,246185,189
12,9,246185,190
12,9,246185,191
12,9,246185,192
12,9,246185,193
12,9,246185,194
12,9,246185,195
12,9,246185,196
12,9,246185,197
12,9,246185,198
12,9,246185,199
12,21,27965,0
12,21,27965,1
12,21,27965,2
12,21,27965,3
12,21,27965,4
12,21,27965,5
12,21,27965,6
12,21,27965,7
12,21,27965,8
12,21,27965,9
12,21,27965,10
12,21,27965,11
12,21,27965,12
12,21,27965,13
12,21,27965,14
12,21,27965,15
12,21,27965,16
12,21,27965,17
12,21,27965,18
12,21,27965,19
12,21,27965,20
12,21,27965,21
12,21,27965,22
12,21,27965,23
12,21,27965,24
12,21,27965,25
12,21,27965,26
12,21,27965,27
12,21,27965,28
12,21,27965,29
12,21,27965,30
12,21,27965,31
12,21,27965,32
12,21,27965,33
12,21,27965,34
12,21,27965,35
12,21,27965,36
12,21,27965,37
12,21,27965,38
12,21,27965,39
12,21,27965,40
12,21,27965,41
12,21,27965,42
12,21,27965,43
12,21,27965,44
12,21,27965,45
12,21,27965,46
12,21,27965,47
12,21,27965,48
12,21,27965,49
12,21,27965,50
12,21,27965,51
12,21,27965,52
12,21,27965,53
12,21,27965,54
12,21,27965,55
12,21,27965,56
12,21,27965,57
12,21,27965,58
12,21,27965,59
12,21,27965,60
12,21,27965,61
12,21,27965,62
12,21,27965,63
12,21,27965,64
12,21,27965,65
12,21,27965,66
12,21,27965,67
12,21,27965,68
12,21,27965,69
12,21,27965,70
12,21,27965,71
12,21,27965,72
12,21,27965,73
12,21,27965,74
12,21,27965,75
12,21,27965,76
12,21,27965,77
12,21,27965,78
12,21,27965,79
12,21,27965,80
12,21,27965,81
12,21,27965,82
12,21,27965,83
12,21,27965,84
12,21,27965,85
12,21,27965,86
12,21,27965,87
12,21,27965,88
12,21,27965,89
12,21,27965,90
12,21,27965,91
12,21,27965,92
12,21,27965,93
12,21,27965,94
12,21,27965,95
12,21,27965,96
12,21,27965,97
12,21,27965,98
12,21,27965,99
12,21,27965,100
12,21,27965,101
12,21,27965,102
12,21,27965,103
12,21,27965,104
12,21,27965,105
12,21,27965,106
12,21,27965,107
12,21,27965,108
12,21,27965,109
12,21,27965,110
12,21,27965,111
12,21,27965,112
12,21,27965,113
12,21,27965,114
12,21,27965,115
12,21,27965,116
12,21,27965,117
12,21,27965,118
12,21,27965,119
12,21,27965,120
12,21,27965,121
12,21,27965,122
12,21,27965,123
12,21,27965,124
12,21,27965,125
12,21,27965,126
12,21,27965,127
12,21,27965,128
12,21,27965,129
12,21,27965,130
12,21,27965,131
12,21,27965,132
12,21,27965,133
12,21,27965,134
12,21,27965,135
12,21,27965,136
12,21,27965,137
12,21,27965,138
12,21,27965,139
12,21,27965,140
12,21,27965,141
12,21,27965,142
12,21,27965,143
12,21,27965,144
12,21,27965,145
12,21,27965,146
12,21,27965,147
12,21,27965,148
12,21,27965,149
12,21,27965,150
12,21,27965,151
12,21,27965,152
12,21,27965,153
12,21,27965,154
12,21,27965,155
12,21,27965,156
12,21,27965,157
12,21,27965,158
12,21,27965,159
12,21,27965,160
12,21,27965,161
12,21,27965,162
12,21,27965,163
12,21,27965,164
12,21,27965,165
12,21,27965,166
12,21,27965,167
12,21,27965,168
12,21,27965,169
12,21,27965,170
12,21,27965,171
12,21,27965,172
12,21,27965,173
12,21,27965,174
12,21,27965,175
12,21,27965,176
12,21,27965,177
12,21,27965,178
12,21,27965,179
12,21,27965,180
12,21,27965,181
12,21,27965,182
12,21,27965,183
12,21,27965,184
12,21,27965,185
12,21,27965,186
12,21,27965,187
12,21,27965,188
12,21,27965,189
12,21,27965,190
12,21,27965,191
12,21,27965,192
12,21,27965,193
12,21,27965,194
12,21,27965,195
12,21,27965,196
12,21,27965,197
12,21,27965,198
12,21,27965,199
12,14,16730,0
12,14,16730,1
12,14,16730,2
12,14,16730,3
12,14,16730,4
12,14,16730,5
12,14,16730,6
12,14,16730,7
12,14,16730,8
12,14,16730,9
12,14,16730,10
12,14,16730,11
12,14,16730,12
12,14,16730,13
12,14,16730,14
12,14,16730,15
12,14,16730,16
12,14,16730,17
12,14,16730,18
12,14,16730,19
12,14,16730,20
12,14,16730,21
12,14,16730,22
12,14,16730,23
12,14,16730,24
12,14,16730,25
12,14,16730,26
12,14,16730,27
12,14,16730,28
12,14,16730,29
12,14,16730,30
12,14,16730,31
12,14,16730,32
12,14,16730,33
12,14,16730,34
12,14,16730,35
12,14,16730,36
12,14,16730,37
12,14,16730,38
12,14,16730,39
12,14,16730,40
12,14,16730,41
12,14,16730,42
12,14,16730,43
12,14,16730,44
12,14,16730,45
12,14,16730,46
12,14,16730,47
12,14,16730,48
12,14,16730,49
12,14,16730,50
12,14,16730,51
12,14,16730,52
12,14,16730,53
12,14,16730,54
12,14,16730,55
12,14,16730,56
12,14,16730,57
12,14,16730,58
12,14,16730,59
12,14,16730,60
12,14,16730,61
12,14,16730,62
12,14,16730,63
12,14,16730,64
12,14,16730,65
12,14,16730,66
12,14,16730,67
12,14,16730,68
12,14,16730,69
12,14,16730,70
12,14,16730,71
12,14,16730,72
12,14,16730,73
12,14,16730,74
12,14,16730,75
12,14,16730,76
12,14,16730,77
12,14,16730,78
12,14,16730,79
12,14,16730,80
12,14,16730,81
12,14,16730,82
12,14,16730,83
12,14,16730,84
12,14,16730,85
12,14,16730,86
12,14,16730,87
12,14,16730,88
12,14,16730,89
12,14,16730,90
12,14,16730,91
12,14,16730,92
12,14,16730,93
12,14,16730,94
12,14,16730,95
12,14,16730,96
12,14,16730,97
12,14,16730,98
12,14,16730,99
12,14,16730,100
12,14,16730,101
12,14,16730,102
12,14,16730,103
12,14,16730,104
12,14,16730,105
12,14,16730,106
12,14,16730,107
12,14,16730,108
12,14,16730,109
12,14,16730,110
12,14,16730,111
12,14,16730,112
12,14,16730,113
12,14,16730,114
12,14,16730,115
12,14,16730,116
12,14,16730,117
12,14,16730,118
12,14,16730,119
12,14,16730,120
12,14,16730,121
12,14,16730,122
12,14,16730,123
12,14,16730,124
12,14,16730,125
12,14,16730,126
12,14,16730,127
12,14,16730,128
12,14,16730,129
12,14,16730,130
12,14,16730,131
12,14,16730,132
12,14,16730,133
12,14,16730,134
12,14,16730,135
12,14,16730,136
12,14,16730,137
12,14,16730,138
12,14,16730,139
12,14,16730,140
12,14,16730,141
12,14,16730,142
12,14,16730,143
12,14,16730,144
12,14,16730,145
12,14,16730,146
12,14,16730,147
12,14,16730,148
12,14,16730,149
12,14,16730,150
12,14,16730,151
12,14,16730,152
12,14,16730,153
12,14,16730,154
12,14,16730,155
12,14,16730,156
12,14,16730,157
12,14,16730,158
12,14,16730,159
12,14,16730,160
12,14,16730,161
12,14,16730,162
12,14,16730,163
12,14,16730,164
12,14,16730,165
12,14,16730,166
12,14,16730,167
12,14,16730,168
12,14,16730,169
12,14,16730,170
12,14,16730,171
12,14,16730,172
12,14,16730,173
12,14,16730,174
12,14,16730,175
12,14,16730,176
12,14,16730,177
12,14,16730,178
12,14,16730,179
12,14,16730,180
12,14,16730,181
12,14,16730,182
12,14,16730,183
12,14,16730,184
12,14,16730,185
12,14,16730,186
12,14,16730,187
12,14,16730,188
12,14,16730,189
12,14,16730,190
12,14,16730,191
12,14,16730,192
12,14,16730,193
12,14,16730,194
12,14,16730,195
12,14,16730,196
12,14,16730,197
12,14,16730,198
12,14,16730,199
12,39,13135,0
12,39,13135,1
12,39,13135,2
12,39,13135,3
12,39,13135,4
12,39,13135,5
12,39,13135,6
12,39,13135,7
12,39,13135,8
12,39,13135,9
12,39,13135,10
12,39,13135,11
12,39,13135,12
12,39,13135,13
12,39,13135,14
12,39,13135,15
12,39,13135,16
12,39,13135,17
12,39,13135,18
12,39,13135,19
12,39,13135,20
12,39,13135,21
12,39,13135,22
12,39,13135,23
12,39,13135,24
12,39,13135,25
12,39,13135,26
12,39,13135,27
12,39,13135,28
12,39,13135,29
12,39,13135,30
12,39,13135,31
12,39,13135,32
12,39,13135,33
12,39,13135,34
12,39,13135,35
12,39,13135,36
12,39,13135,37
12,39,13135,38
12,39,13135,39
12,39,13135,40
12,39,13135,41
12,39,13135,42
12,39,13135,43
12,39,13135,44
12,39,13135,45
12,39,13135,46
12,39,13135,47
12,39,13135,48
12,39,13135,49
12,39,13135,50
12,39,13135,51
12,39,13135,52
12,39,13135,53
12,39,13135,54
12,39,13135,55
12,39,13135,56
12,39,13135,57
12,39,13135,58
12,39,13135,59
12,39,13135,60
12,39,13135,61
12,39,13135,62
12,39,13135,63
12,39,13135,64
12,39,13135,65
12,39,13135,66
12,39,13135,67
12,39,13135,68
12,39,13135,69
12,39,13135,70
12,39,13135,71
12,39,13135,72
12,39,13135,73
12,39,13135,74
12,39,13135,75
12,39,13135,76
12,39,13135,77
12,39,13135,78
12,39,13135,79
12,39,13135,80
12,39,13135,81
12,39,13135,82
12,39,13135,83
12,39,13135,84
12,39,13135,85
12,39,13135,86
12,39,13135,87
12,39,13135,88
12,39,13135,89
12,39,13135,90
12,39,13135,91
12,39,13135,92
12,39,13135,93
12,39,13135,94
12,39,13135,95
12,39,13135,96
12,39,13135,97
12,39,13135,98
12,39,13135,99
12,39,13135,100
12,39,13135,101
12,39,13135,102
12,39,13135,103
12,39,13135,104
12,39,13135,105
12,39,13135,106
12,39,13135,107
12,39,13135,108
12,39,13135,109
12,39,13135,110
12,39,13135,111
12,39,13135,112
12,39,13135,113
12,39,13135,114
12,39,13135,115
12,39,13135,116
12,39,13135,117
12,39,13135,118
12,39,13135,119
12,39,13135,120
12,39,13135,121
12,39,13135,122
12,39,13135,123
12,39,13135,124
12,39,13135,125
12,39,13135,126
12,39,13135,127
12,39,13135,128
12,39,13135,129
12,39,13135,130
12,39,13135,131
12,39,13135,132
12,39,13135,133
12,39,13135,134
12,39,13135,135
12,39,13135,136
12,39,13135,137
12,39,13135,138
12,39,13135,139
12,39,13135,140
12,39,13135,141
12,39,13135,142
12,39,13135,143
12,39,13135,144
12,39,13135,145
12,39,13135,146
12,39,13135,147
12,39,13135,148
12,39,13135,149
12,39,13135,150
12,39,13135,151
12,39,13135,152
12,39,13135,153
12,39,13135,154
12,39,13135,155
12,39,13135,156
12,39,13135,157
12,39,13135,158
12,39,13135,159
12,39,13135,160
12,39,13135,161
12,39,13135,162
12,39,13135,163
12,39,13135,164
12,39,13135,165
12,39,13135,166
12,39,13135,167
12,39,13135,168
12,39,13135,169
12,39,13135,170
12,39,13135,171
12,39,13135,172
12,39,13135,173
12,39,13135,174
12,39,13135,175
12,39,13135,176
12,39,13135,177
12,39,13135,178
12,39,13135,179
12,39,13135,180
12,39,13135,181
12,39,13135,182
12,39,13135,183
12,39,13135,184
12,39,13135,185
12,39,13135,186
12,39,13135,187
12,39,13135,188
12,39,13135,189
12,39,13135,190
12,39,13135,191
12,39,13135,192
12,39,13135,193
12,39,13135,194
12,39,13135,195
12,39,13135,196
12,39,13135,197
12,39,13135,198
12,39,13135,199
12,18,48665,0
12,18,48665,1
12,18,48665,2
12,18,48665,3
12,18,48665,4
12,18,48665,5
12,18,48665,6
12,18,48665,7
12,18,48665,8
12,18,48665,9
12,18,48665,10
12,18,48665,11
12,18,48665,12
12,18,48665,13
12,18,48665,14
12,18,48665,15
12,18,48665,16
12,18,48665,17
12,18,48665,18
12,18,48665,19
12,18,48665,20
12,18,48665,21
12,18,48665,22
12,18,48665,23
12,18,48665,24
12,18,48665,25
12,18,48665,26
12,18,48665,27
12,18,48665,28
12,18,48665,29
12,18,48665,30
12,18,48665,31
12,18,48665,32
12,18,48665,33
12,18,48665,34
12,18,48665,35
12,18,48665,36
12,18,48665,37
12,18,48665,38
12,18,48665,39
12,18,48665,40
12,18,48665,41
12,18,48665,42
12,18,48665,43
12,18,48665,44
12,18,48665,45
12,18,48665,46
12,18,48665,47
12,18,48665,48
12,18,48665,49
12,18,48665,50
12,18,48665,51
12,18,48665,52
12,18,48665,53
12,18,48665,54
12,18,48665,55
12,18,48665,56
12,18,48665,57
12,18,48665,58
12,18,48665,59
12,18,48665,60
12,18,48665,61
12,18,48665,62
12,18,48665,63
12,18,48665,64
12,18,48665,65
12,18,48665,66
12,18,48665,67
12,18,48665,68
12,18,48665,69
12,18,48665,70
12,18,48665,71
12,18,48665,72
12,18,48665,73
12,18,48665,74
12,18,48665,75
12,18,48665,76
12,18,48665,77
12,18,48665,78
12,18,48665,79
12,18,48665,80
12,18,48665,81
12,18,48665,82
12,18,48665,83
12,18,48665,84
12,18,48665,85
12,18,48665,86
12,18,48665,87
12,18,48665,88
12,18,48665,89
12,18,48665,90
12,18,48665,91
12,18,48665,92
12,18,48665,93
12,18,48665,94
12,18,48665,95
12,18,48665,96
12,18,48665,97
12,18,48665,98
12,18,48665,99
12,18,48665,100
12,18,48665,101
12,18,48665,102
12,18,48665,103
12,18,48665,104
12,18,48665,105
12,18,48665,106
12,18,48665,107
12,18,48665,108
12,18,48665,109
12,18,48665,110
12,18,48665,111
12,18,48665,112
12,18,48665,113
12,18,48665,114
12,18,48665,115
12,18,48665,116
12,18,48665,117
12,18,48665,118
12,18,48665,119
12,18,48665,120
12,18,48665,121
12,18,48665,122
12,18,48665,123
12,18,48665,124
12,18,48665,125
12,18,48665,126
12,18,48665,127
12,18,48665,128
12,18,48665,129
12,18,48665,130
12,18,48665,131
12,18,48665,132
12,18,48665,133
12,18,48665,134
12,18,48665,135
12,18,48665,136
12,18,48665,137
12,18,48665,138
12,18,48665,139
12,18,48665,140
12,18,48665,141
12,18,48665,142
12,18,48665,143
12,18,48665,144
12,18,48665,145
12,18,48665,146
12,18,48665,147
12,18,48665,148
12,18,48665,149
12,18,48665,150
12,18,48665,151
12,18,48665,152
12,18,48665,153
12,18,48665,154
12,18,48665,155
12,18,48665,156
12,18,48665,157
12,18,48665,158
12,18,48665,159
12,18,48665,160
12,18,48665,161
12,18,48665,162
12,18,48665,163
12,18,48665,164
12,18,48665,165
12,18,48665,166
12,18,48665,167
12,18,48665,168
12,18,48665,169
12,18,48665,170
12,18,48665,171
12,18,48665,172
12,18,48665,173
12,18,48665,174
12,18,48665,175
12,18,48665,176
12,18,48665,177
12,18,48665,178
12,18,48665,179
12,18,48665,180
12,18,48665,181
12,18,48665,182
12,18,48665,183
12,18,48665,184
12,18,48665,185
12,18,48665,186
12,18,48665,187
12,18,48665,188
12,18,48665,189
12,18,48665,190
12,18,48665,191
12,18,48665,192
12,18,48665,193
12,18,48665,194
12,18,48665,195
12,18,48665,196
12,18,48665,197
12,18,48665,198
12,18,48665,199
12,20,156455,0
12,20,156455,1
12,20,156455,2
12,20,156455,3
12,20,156455,4
12,20,156455,5
12,20,156455,6
12,20,156455,7
12,20,156455,8
12,20,156455,9
12,20,156455,10
12,20,156455,11
12,20,156455,12
12,20,156455,13
12,20,156455,14
12,20,156455,15
12,20,156455,16
12,20,156455,17
12,20,156455,18
12,20,156455,19
12,20,156455,20
12,20,156455,21
12,20,156455,22
12,20,156455,23
12,20,156455,24
12,20,156455,25
12,20,156455,26
12,20,156455,27
12,20,156455,28
12,20,156455,29
12,20,156455,30
12,20,156455,31
12,20,156455,32
12,20,156455,33
12,20,156455,34
12,20,156455,35
12,20,156455,36
12,20,156455,37
12,20,156455,38
12,20,156455,39
12,20,156455,40
12,20,156455,41
12,20,156455,42
12,20,156455,43
12,20,156455,44
12,20,156455,45
12,20,156455,46
12,20,156455,47
12,20,156455,48
12,20,156455,49
12,20,156455,50
12,20,156455,51
12,20,156455,52
12,20,156455,53
12,20,156455,54
12,20,156455,55
12,20,156455,56
12,20,156455,57
12,20,156455,58
12,20,156455,59
12,20,156455,60
12,20,156455,61
12,20,156455,62
12,20,156455,63
12,20,156455,64
12,20,156455,65
12,20,156455,66
12,20,156455,67
12,20,156455,68
12,20,156455,69
12,20,156455,70
12,20,156455,71
12,20,156455,72
12,20,156455,73
12,20,156455,74
12,20,156455,75
12,20,156455,76
12,20,156455,77
12,20,156455,78
12,20,156455,79
12,20,156455,80
12,20,156455,81
12,20,156455,82
12,20,156455,83
12,20,156455,84
12,20,156455,85
12,20,156455,86
12,20,156455,87
12,20,156455,88
12,20,156455,89
12,20,156455,90
12,20,156455,91
12,20,156455,92
12,20,156455,93
12,20,156455,94
12,20,156455,95
12,20,156455,96
12,20,156455,97
12,20,156455,98
12,20,156455,99
12,20,156455,100
12,20,156455,101
12,20,156455,102
12,20,156455,103
12,20,156455,104
12,20,156455,105
12,20,156455,106
12,20,156455,107
12,20,156455,108
12,20,156455,109
12,20,156455,110
12,20,156455,111
12,20,156455,112
12,20,156455,113
12,20,156455,114
12,20,156455,115
12,20,156455,116
12,20,156455,117
12,20,156455,118
12,20,156455,119
12,20,156455,120
12,20,156455,121
12,20,156455,122
12,20,156455,123
12,20,156455,124
12,20,156455,125
12,20,156455,126
12,20,156455,127
12,20,156455,128
12,20,156455,129
12,20,156455,130
12,20,156455,131
12,20,156455,132
12,20,156455,133
12,20,156455,134
12,20,156455,135
12,20,156455,136
12,20,156455,137
12,20,156455,138
12,20,156455,139
12,20,156455,140
12,20,156455,141
12,20,156455,142
12,20,156455,143
12,20,156455,144
12,20,156455,145
12,20,156455,146
12,20,156455,147
12,20,156455,148
12,20,156455,149
12,20,156455,150
12,20,156455,151
12,20,156455,152
12,20,156455,153
12,20,156455,154
12,20,156455,155
12,20,156455,156
12,20,156455,157
12,20,156455,158
12,20,156455,159
12,20,156455,160
12,20,156455,161
12,20,156455,162
12,20,156455,163
12,20,156455,164
12,20,156455,165
12,20,156455,166
12,20,156455,167
12,20,156455,168
12,20,156455,169
12,20,156455,170
12,20,156455,171
12,20,156455,172
12,20,156455,173
12,20,156455,174
12,20,156455,175
12,20,156455,176
12,20,156455,177
12,20,156455,178
12,20,156455,179
12,20,156455,180
12,20,156455,181
12,20,156455,182
12,20,156455,183
12,20,156455,184
12,20,156455,185
12,20,156455,186
12,20,156455,187
12,20,156455,188
12,20,156455,189
12,20,156455,190
12,20,156455,191
12,20,156455,192
12,20,156455,193
12,20,156455,194
12,20,156455,195
12,20,156455,196
12,20,156455,197
12,20,156455,198
12,20,156455,199
12,27,30090,0
12,27,30090,1
12,27,30090,2
12,27,30090,3
12,27,30090,4
12,27,30090,5
12,27,30090,6
12,27,30090,7
12,27,30090,8
12,27,30090,9
12,27,30090,10
12,27,30090,11
12,27,30090,12
12,27,30090,13
12,27,30090,14
12,27,30090,15
12,27,30090,16
12,27,30090,17
12,27,30090,18
12,27,30090,19
12,27,30090,20
12,27,30090,21
12,27,30090,22
12,27,30090,23
12,27,30090,24
12,27,30090,25
12,27,30090,26
12,27,30090,27
12,27,30090,28
12,27,30090,29
12,27,30090,30
12,27,30090,31
12,27,30090,32
12,27,30090,33
12,27,30090,34
12,27,30090,35
12,27,30090,36
12,27,30090,37
12,27,30090,38
12,27,30090,39
12,27,30090,40
12,27,30090,41
12,27,30090,42
12,27,30090,43
12,27,30090,44
12,27,30090,45
12,27,30090,46
12,27,30090,47
12,27,30090,48
12,27,30090,49
12,27,30090,50
12,27,30090,51
12,27,30090,52
12,27,30090,53
12,27,30090,54
12,27,30090,55
12,27,30090,56
12,27,30090,57
12,27,30090,58
12,27,30090,59
12,27,30090,60
12,27,30090,61
12,27,30090,62
12,27,30090,63
12,27,30090,64
12,27,30090,65
12,27,30090,66
12,27,30090,67
12,27,30090,68
12,27,30090,69
12,27,30090,70
12,27,30090,71
12,27,30090,72
12,27,30090,73
12,27,30090,74
12,27,30090,75
12,27,30090,76
12,27,30090,77
12,27,30090,78
12,27,30090,79
12,27,30090,80
12,27,30090,81
12,27,30090,82
12,27,30090,83
12,27,30090,84
12,27,30090,85
12,27,30090,86
12,27,30090,87
12,27,30090,88
12,27,30090,89
12,27,30090,90
12,27,30090,91
12,27,30090,92
12,27,30090,93
12,27,30090,94
12,27,30090,95
12,27,30090,96
12,27,30090,97
12,27,30090,98
12,27,30090,99
12,27,30090,100
12,27,30090,101
12,27,30090,102
12,27,30090,103
12,27,30090,104
12,27,30090,105
12,27,30090,106
12,27,30090,107
12,27,30090,108
12,27,30090,109
12,27,30090,110
12,27,30090,111
12,27,30090,112
12,27,30090,113
12,27,30090,114
12,27,30090,115
12,27,30090,116
12,27,30090,117
12,27,30090,118
12,27,30090,119
12,27,30090,120
12,27,30090,121
12,27,30090,122
12,27,30090,123
12,27,30090,124
12,27,30090,125
12,27,30090,126
12,27,30090,127
12,27,30090,128
12,27,30090,129
12,27,30090,130
12,27,30090,131
12,27,30090,132
12,27,30090,133
12,27,30090,134
12,27,30090,135
12,27,30090,136
12,27,30090,137
12,27,30090,138
12,27,30090,139
12,27,30090,140
12,27,30090,141
12,27,30090,142
12,27,30090,143
12,27,30090,144
12,27,30090,145
12,27,30090,146
12,27,30090,147
12,27,30090,148
12,27,30090,149
12,27,30090,150
12,27,30090,151
12,27,30090,152
12,27,30090,153
12,27,30090,154
12,27,30090,155
12,27,30090,156
12,27,30090,157
12,27,30090,158
12,27,30090,159
12,27,30090,160
12,27,30090,161
12,27,30090,162
12,27,30090,163
12,27,30090,164
12,27,30090,165
12,27,30090,166
12,27,30090,167
12,27,30090,168
12,27,30090,169
12,27,30090,170
12,27,30090,171
12,27,30090,172
12,27,30090,173
12,27,30090,174
12,27,30090,175
12,27,30090,176
12,27,30090,177
12,27,30090,178
12,27,30090,179
12,27,30090,180
12,27,30090,181
12,27,30090,182
12,27,30090,183
12,27,30090,184
12,27,30090,185
12,27,30090,186
12,27,30090,187
12,27,30090,188
12,27,30090,189
12,27,30090,190
12,27,30090,191
12,27,30090,192
12,27,30090,193
12,27,30090,194
12,27,30090,195
12,27,30090,196
12,27,30090,197
12,27,30090,198
12,27,30090,199
12,29,21905,0
12,29,21905,1
12,29,21905,2
12,29,21905,3
12,29,21905,4
12,29,21905,5
12,29,21905,6
12,29,21905,7
12,29,21905,8
12,29,21905,9
12,29,21905,10
12,29,21905,11
12,29,21905,12
12,29,21905,13
12,29,21905,14
12,29,21905,15
12,29,21905,16
12,29,21905,17
12,29,21905,18
12,29,21905,19
12,29,21905,20
12,29,21905,21
12,29,21905,22
12,29,21905,23
12,29,21905,24
12,29,21905,25
12,29,21905,26
12,29,21905,27
12,29,21905,28
12,29,21905,29
12,29,21905,30
12,29,21905,31
12,29,21905,32
12,29,21905,33
12,29,21905,34
12,29,21905,35
12,29,21905,36
12,29,21905,37
12,29,21905,38
12,29,21905,39
12,29,21905,40
12,29,21905,41
12,29,21905,42
12,29,21905,43
12,29,21905,44
12,29,21905,45
12,29,21905,46
12,29,21905,47
12,29,21905,48
12,29,21905,49
12,29,21905,50
12,29,21905,51
12,29,21905,52
12,29,21905,53
12,29,21905,54
12,29,21905,55
12,29,21905,56
12,29,21905,57
12,29,21905,58
12,29,21905,59
12,29,21905,60
12,29,21905,61
12,29,21905,62
12,29,21905,63
12,29,21905,64
12,29,21905,65
12,29,21905,66
12,29,21905,67
12,29,21905,68
12,29,21905,69
12,29,21905,70
12,29,21905,71
12,29,21905,72
12,29,21905,73
12,29,21905,74
12,29,21905,75
12,29,21905,76
12,29,21905,77
12,29,21905,78
12,29,21905,79
12,29,21905,80
12,29,21905,81
12,29,21905,82
12,29,21905,83
12,29,21905,84
12,29,21905,85
12,29,21905,86
12,29,21905,87
12,29,21905,88
12,29,21905,89
12,29,21905,90
12,29,21905,91
12,29,21905,92
12,29,21905,93
12,29,21905,94
12,29,21905,95
12,29,21905,96
12,29,21905,97
12,29,21905,98
12,29,21905,99
12,29,21905,100
12,29,21905,101
12,29,21905,102
12,29,21905,103
12,29,21905,104
12,29,21905,105
12,29,21905,106
12,29,21905,107
12,29,21905,108
12,29,21905,109
12,29,21905,110
12,29,21905,111
12,29,21905,112
12,29,21905,113
12,29,21905,114
12,29,21905,115
12,29,21905,116
12,29,21905,117
12,29,21905,118
12,29,21905,119
12,29,21905,120
12,29,21905,121
12,29,21905,122
12,29,21905,123
12,29,21905,124
12,29,21905,125
12,29,21905,126
12,29,21905,127
12,29,21905,128
12,29,21905,129
12,29,21905,130
12,29,21905,131
12,29,21905,132
12,29,21905,133
12,29,21905,134
12,29,21905,135
12,29,21905,136
12,29,21905,137
12,29,21905,138
12,29,21905,139
12,29,21905,140
12,29,21905,141
12,29,21905,142
12,29,21905,143
12,29,21905,144
12,29,21905,145
12,29,21905,146
12,29,21905,147
12,29,21905,148
12,29,21905,149
12,29,21905,150
12,29,21905,151
12,29,21905,152
12,29,21905,153
12,29,21905,154
12,29,21905,155
12,29,21905,156
12,29,21905,157
12,29,21905,158
12,29,21905,159
12,29,21905,160
12,29,21905,161
12,29,21905,162
12,29,21905,163
12,29,21905,164
12,29,21905,165
12,29,21905,166
12,29,21905,167
12,29,21905,168
12,29,21905,169
12,29,21905,170
12,29,21905,171
12,29,21905,172
12,29,21905,173
12,29,21905,174
12,29,21905,175
12,29,21905,176
12,29,21905,177
12,29,21905,178
12,29,21905,179
12,29,21905,180
12,29,21905,181
12,29,21905,182
12,29,21905,183
12,29,21905,184
12,29,21905,185
12,29,21905,186
12,29,21905,187
12,29,21905,188
12,29,21905,189
12,29,21905,190
12,29,21905,191
12,29,21905,192
12,29,21905,193
12,29,21905,194
12,29,21905,195
12,29,21905,196
12,29,21905,197
12,29,21905,198
12,29,21905,199
16,0,78650,0
16,0,78650,1
16,0,78650,2
16,0,78650,3
16,0,78650,4
16,0,78650,5
16,0,78650,6
16,0,78650,7
16,0,78650,8
16,0,78650,9
16,0,78650,10
16,0,78650,11
16,0,78650,12
16,0,78650,13
16,0,78650,14
16,0,78650,15
16,0,78650,16
16,0,78650,17
16,0,78650,18
16,0,78650,19
16,0,78650,20
16,0,78650,21
16,0,78650,22
16,0,78650,23
16,0,78650,24
16,0,78650,25
16,0,78650,26
16,0,78650,27
16,0,78650,28
16,0,78650,29
16,0,78650,30
16,0,78650,31
16,0,78650,32
16,0,78650,33
16,0,78650,34
16,0,78650,35
16,0,78650,36
16,0,78650,37
16,0,78650,38
16,0,78650,39
16,0,78650,40
16,0,78650,41
16,0,78650,42
16,0,78650,43
16,0,78650,44
16,0,78650,45
16,0,78650,46
16,0,78650,47
16,0,78650,48
16,0,78650,49
16,0,78650,50
16,0,78650,51
16,0,78650,52
16,0,78650,53
16,0,78650,54
16,0,78650,55
16,0,78650,56
16,0,78650,57
16,0,78650,58
16,0,78650,59
16,0,78650,60
16,0,78650,61
16,0,78650,62
16,0,78650,63
16,0,78650,64
16,0,78650,65
16,0,78650,66
16,0,78650,67
16,0,78650,68
16,0,78650,69
16,0,78650,70
16,0,78650,71
16,0,78650,72
16,0,78650,73
16,0,78650,74
16,0,78650,75
16,0,78650,76
16,0,78650,77
16,0,78650,78
16,0,78650,79
16,0,78650,80
16,0,78650,81
16,0,78650,82
16,0,78650,83
16,0,78650,84
16,0,78650,85
16,0,78650,86
16,0,78650,87
16,0,78650,88
16,0,78650,89
16,0,78650,90
16,0,78650,91
16,0,78650,92
16,0,78650,93
16,0,78650,94
16,0,78650,95
16,0,78650,96
16,0,78650,97
16,0,78650,98
16,0,78650,99
16,0,78650,100
16,0,78650,101
16,0,78650,102
16,0,78650,103
16,0,78650,104
16,0,78650,105
16,0,78650,106
16,0,78650,107
16,0,78650,108
16,0,78650,109
16,0,78650,110
16,0,78650,111
16,0,78650,112
16,0,78650,113
16,0,78650,114
16,0,78650,115
16,0,78650,116
16,0,78650,117
16,0,78650,118
16,0,78650,119
16,0,78650,120
16,0,78650,121
16,0,78650,122
16,0,78650,123
16,0,78650,124
16,0,78650,125
16,0,78650,126
16,0,78650,127
16,0,78650,128
16,0,78650,129
16,0,78650,130
16,0,78650,131
16,0,78650,132
16,0,78650,133
16,0,78650,134
16,0,78650,135
16,0,78650,136
16,0,78650,137
16,0,78650,138
16,0,78650,139
16,0,78650,140
16,0,78650,141
16,0,78650,142
16,0,78650,143
16,0,78650,144
16,0,78650,145
16,0,78650,146
16,0,78650,147
16,0,78650,148
16,0,78650,149
16,0,78650,150
16,0,78650,151
16,0,78650,152
16,0,78650,153
16,0,78650,154
16,0,78650,155
16,0,78650,156
16,0,78650,157
16,0,78650,158
16,0,78650,159
16,0,78650,160
16,0,78650,161
16,0,78650,162
16,0,78650,163
16,0,78650,164
16,0,78650,165
16,0,78650,166
16,0,78650,167
16,0,78650,168
16,0,78650,169
16,0,78650,170
16,0,78650,171
16,0,78650,172
16,0,78650,173
16,0,78650,174
16,0,78650,175
16,0,78650,176
16,0,78650,177
16,0,78650,178
16,0,78650,179
16,0,78650,180
16,0,78650,181
16,0,78650,182
16,0,78650,183
16,0,78650,184
16,0,78650,185
16,0,78650,186
16,0,78650,187
16,0,78650,188
16,0,78650,189
16,0,78650,190
16,0,78650,191
16,0,78650,192
16,0,78650,193
16,0,78650,194
16,0,78650,195
16,0,78650,196
16,0,78650,197
16,0,78650,198
16,0,78650,199
16,26,93595,0
16,26,93595,1
16,26,93595,2
16,26,93595,3
16,26,93595,4
16,26,93595,5
16,26,93595,6
16,26,93595,7
16,26,93595,8
16,26,93595,9
16,26,93595,10
16,26,93595,11
16,26,93595,12
16,26,93595,13
16,26,93595,14
16,26,93595,15
16,26,93595,16
16,26,93595,17
16,26,93595,18
16,26,93595,19
16,26,93595,20
16,26,93595,21
16,26,93595,22
16,26,93595,23
16,26,93595,24
16,26,93595,25
16,26,93595,26
16,26,93595,27
16,26,93595,28
16,26,93595,29
16,26,93595,30
16,26,93595,31
16,26,93595,32
16,26,93595,33
16,26,93595,34
16,26,93595,35
16,26,93595,36
16,26,93595,37
16,26,93595,38
16,26,93595,39
16,26,93595,40
16,26,93595,41
16,26,93595,42
16,26,93595,43
16,26,93595,44
16,26,93595,45
16,26,93595,46
16,26,93595,47
16,26,93595,48
16,26,93595,49
16,26,93595,50
16,26,93595,51
16,26,93595,52
16,26,93595,53
16,26,93595,54
16,26,93595,55
16,26,93595,56
16,26,93595,57
16,26,93595,58
16,26,93595,59
16,26,93595,60
16,26,93595,61
16,26,93595,62
16,26,93595,63
16,26,93595,64
16,26,93595,65
16,26,93595,66
16,26,93595,67
16,26,93595,68
16,26,93595,69
16,26,93595,70
16,26,93595,71
16,26,93595,72
16,26,93595,73
16,26,93595,74
16,26,93595,75
16,26,93595,76
16,26,93595,77
16,26,93595,78
16,26,93595,79
16,26,93595,80
16,26,93595,81
16,26,93595,82
16,26,93595,83
16,26,93595,84
16,26,93595,85
16,26,93595,86
16,26,93595,87
16,26,93595,88
16,26,93595,89
16,26,93595,90
16,26,93595,91
16,26,93595,92
16,26,93595,93
16,26,93595,94
16,26,93595,95
16,26,93595,96
16,26,93595,97
16,26,93595,98
16,26,93595,99
16,26,93595,100
16,26,93595,101
16,26,93595,102
16,26,93595,103
16,26,93595,104
16,26,93595,105
16,26,93595,106
16,26,93595,107
16,26,93595,108
16,26,93595,109
16,26,93595,110
16,26,93595,111
16,26,93595,112
16,26,93595,113
16,26,93595,114
16,26,93595,115
16,26,93595,116
16,26,93595,117
16,26,93595,118
16,26,93595,119
16,26,93595,120
16,26,93595,121
16,26,93595,122
16,26,93595,123
16,26,93595,124
16,26,93595,125
16,26,93595,126
16,26,93595,127
16,26,93595,128
16,26,93595,129
16,26,93595,130
16,26,93595,131
16,26,93595,132
16,26,93595,133
16,26,93595,134
16,26,93595,135
16,26,93595,136
16,26,93595,137
16,26,93595,138
16,26,93595,139
16,26,93595,140
16,26,93595,141
16,26,93595,142
16,26,93595,143
16,26,93595,144
16,26,93595,145
16,26,93595,146
16,26,93595,147
16,26,93595,148
16,26,93595,149
16,26,93595,150
16,26,93595,151
16,26,93595,152
16,26,93595,153
16,26,93595,154
16,26,93595,155
16,26,93595,156
16,26,93595,157
16,26,93595,158
16,26,93595,159
16,26,93595,160
16,26,93595,161
16,26,93595,162
16,26,93595,163
16,26,93595,164
16,26,93595,165
16,26,93595,166
16,26,93595,167
16,26,93595,168
16,26,93595,169
16,26,93595,170
16,26,93595,171
16,26,93595,172
16,26,93595,173
16,26,93595,174
16,26,93595,175
16,26,93595,176
16,26,93595,177
16,26,93595,178
16,26,93595,179
16,26,93595,180
16,26,93595,181
16,26,93595,182
16,26,93595,183
16,26,93595,184
16,26,93595,185
16,26,93595,186
16,26,93595,187
16,26,93595,188
16,26,93595,189
16,26,93595,190
16,26,93595,191
16,26,93595,192
16,26,93595,193
16,26,93595,194
16,26,93595,195
16,26,93595,196
16,26,93595,197
16,26,93595,198
16,26,93595,199
16,1,156320,0
16,1,156320,1
16,1,156320,2
16,1,156320,3
16,1,156320,4
16,1,156320,5
16,1,156320,6
16,1,156320,7
16,1,156320,8
16,1,156320,9
16,1,156320,10
16,1,156320,11
16,1,156320,12
16,1,156320,13
16,1,156320,14
16,1,156320,15
16,1,156320,16
16,1,156320,17
16,1,156320,18
16,1,156320,19
16,1,156320,20
16,1,156320,21
16,1,156320,22
16,1,156320,23
16,1,156320,24
16,1,156320,25
16,1,156320,26
16,1,156320,27
16,1,156320,28
16,1,156320,29
16,1,156320,30
16,1,156320,31
16,1,156320,32
16,1,156320,33
16,1,156320,34
16,1,156320,35
16,1,156320,36
16,1,156320,37
16,1,156320,38
16,1,156320,39
16,1,156320,40
16,1,156320,41
16,1,156320,42
16,1,156320,43
16,1,156320,44
16,1,156320,45
16,1,156320,46
16,1,156320,47
16,1,156320,48
16,1,156320,49
16,1,156320,50
16,1,156320,51
16,1,156320,52
16,1,156320,53
16,1,156320,54
16,1,156320,55
16,1,156320,56
16,1,156320,57
16,1,156320,58
16,1,156320,59
16,1,156320,60
16,1,156320,61
16,1,156320,62
16,1,156320,63
16,1,156320,64
16,1,156320,65
16,1,156320,66
16,1,156320,67
16,1,156320,68
16,1,156320,69
16,1,156320,70
16,1,156320,71
16,1,156320,72
16,1,156320,73
16,1,156320,74
16,1,156320,75
16,1,156320,76
16,1,156320,77
16,1,156320,78
16,1,156320,79
16,1,156320,80
16,1,156320,81
16,1,156320,82
16,1,156320,83
16,1,156320,84
16,1,156320,85
16,1,156320,86
16,1,156320,87
16,1,156320,88
16,1,156320,89
16,1,156320,90
16,1,156320,91
16,1,156320,92
16,1,156320,93
16,1,156320,94
16,1,156320,95
16,1,156320,96
16,1,156320,97
16,1,156320,98
16,1,156320,99
16,1,156320,100
16,1,156320,101
16,1,156320,102
16,1,156320,103
16,1,156320,104
16,1,156320,105
16,1,156320,106
16,1,156320,107
16,1,156320,108
16,1,156320,109
16,1,156320,110
16,1,156320,111
16,1,156320,112
16,1,156320,113
16,1,156320,114
16,1,156320,115
16,1,156320,116
16,1,156320,117
16,1,156320,118
16,1,156320,119
16,1,156320,120
16,1,156320,121
16,1,156320,122
16,1,156320,123
16,1,156320,124
16,1,156320,125
16,1,156320,126
16,1,156320,127
16,1,156320,128
16,1,156320,129
16,1,156320,130
16,1,156320,131
16,1,156320,132
16,1,156320,133
16,1,156320,134
16,1,156320,135
16,1,156320,136
16,1,156320,137
16,1,156320,138
16,1,156320,139
16,1,156320,140
16,1,156320,141
16,1,156320,142
16,1,156320,143
16,1,156320,144
16,1,156320,145
16,1,156320,146
16,1,156320,147
16,1,156320,148
16,1,156320,149
16,1,156320,150
16,1,156320,151
16,1,156320,152
16,1,156320,153
16,1,156320,154
16,1,156320,155
16,1,156320,156
16,1,156320,157
16,1,156320,158
16,1,156320,159
16,1,156320,160
16,1,156320,161
16,1,156320,162
16,1,156320,163
16,1,156320,164
16,1,156320,165
16,1,156320,166
16,1,156320,167
16,1,156320,168
16,1,156320,169
16,1,156320,170
16,1,156320,171
16,1,156320,172
16,1,156320,173
16,1,156320,174
16,1,156320,175
16,1,156320,176
16,1,156320,177
16,1,156320,178
16,1,156320,179
16,1,156320,180
16,1,156320,181
16,1,156320,182
16,1,156320,183
16,1,156320,184
16,1,156320,185
16,1,156320,186
16,1,156320,187
16,1,156320,188
16,1,156320,189
16,1,156320,190
16,1,156320,191
16,1,156320,192
16,1,156320,193
16,1,156320,194
16,1,156320,195
16,1,156320,196
16,1,156320,197
16,1,156320,198
16,1,156320,199
16,19,81860,0
16,19,81860,1
16,19,81860,2
16,19,81860,3
16,19,81860,4
16,19,81860,5
16,19,81860,6
16,19,81860,7
16,19,81860,8
16,19,81860,9
16,19,81860,10
16,19,81860,11
16,19,81860,12
16,19,81860,13
16,19,81860,14
16,19,81860,15
16,19,81860,16
16,19,81860,17
16,19,81860,18
16,19,81860,19
16,19,81860,20
16,19,81860,21
16,19,81860,22
16,19,81860,23
16,19,81860,24
16,19,81860,25
16,19,81860,26
16,19,81860,27
16,19,81860,28
16,19,81860,29
16,19,81860,30
16,19,81860,31
16,19,81860,32
16,19,81860,33
16,19,81860,34
16,19,81860,35
16,19,81860,36
16,19,81860,37
16,19,81860,38
16,19,81860,39
16,19,81860,40
16,19,81860,41
16,19,81860,42
16,19,81860,43
16,19,81860,44
16,19,81860,45
16,19,81860,46
16,19,81860,47
16,19,81860,48
16,19,81860,49
16,19,81860,50
16,19,81860,51
16,19,81860,52
16,19,81860,53
16,19,81860,54
16,19,81860,55
16,19,81860,56
16,19,81860,57
16,19,81860,58
16,19,81860,59
16,19,81860,60
16,19,81860,61
16,19,81860,62
16,19,81860,63
16,19,81860,64
16,19,81860,65
16,19,81860,66
16,19,81860,67
16,19,81860,68
16,19,81860,69
16,19,81860,70
16,19,81860,71
16,19,81860,72
16,19,81860,73
16,19,81860,74
16,19,81860,75
16,19,81860,76
16,19,81860,77
16,19,81860,78
16,19,81860,79
16,19,81860,80
16,19,81860,81
16,19,81860,82
16,19,81860,83
16,19,81860,84
16,19,81860,85
16,19,81860,86
16,19,81860,87
16,19,81860,88
16,19,81860,89
16,19,81860,90
16,19,81860,91
16,19,81860,92
16,19,81860,93
16,19,81860,94
16,19,81860,95
16,19,81860,96
16,19,81860,97
16,19,81860,98
16,19,81860,99
16,19,81860,100
16,19,81860,101
16,19,81860,102
16,19,81860,103
16,19,81860,104
16,19,81860,105
16,19,81860,106
16,19,81860,107
16,19,81860,108
16,19,81860,109
16,19,81860,110
16,19,81860,111
16,19,81860,112
16,19,81860,113
16,19,81860,114
16,19,81860,115
16,19,81860,116
16,19,81860,117
16,19,81860,118
16,19,81860,119
16,19,81860,120
16,19,81860,121
16,19,81860,122
16,19,81860,123
16,19,81860,124
16,19,81860,125
16,19,81860,126
16,19,81860,127
16,19,81860,128
16,19,81860,129
16,19,81860,130
16,19,81860,131
16,19,81860,132
16,19,81860,133
16,19,81860,134
16,19,81860,135
16,19,81860,136
16,19,81860,137
16,19,81860,138
16,19,81860,139
16,19,81860,140
16,19,81860,141
16,19,81860,142
16,19,81860,143
16,19,81860,144
16,19,81860,145
16,19,81860,146
16,19,81860,147
16,19,81860,148
16,19,81860,149
16,19,81860,150
16,19,81860,151
16,19,81860,152
16,19,81860,153
16,19,81860,154
16,19,81860,155
16,19,81860,156
16,19,81860,157
16,19,81860,158
16,19,81860,159
16,19,81860,160
16,19,81860,161
16,19,81860,162
16,19,81860,163
16,19,81860,164
16,19,81860,165
16,19,81860,166
16,19,81860,167
16,19,81860,168
16,19,81860,169
16,19,81860,170
16,19,81860,171
16,19,81860,172
16,19,81860,173
16,19,81860,174
16,19,81860,175
16,19,81860,176
16,19,81860,177
16,19,81860,178
16,19,81860,179
16,19,81860,180
16,19,81860,181
16,19,81860,182
16,19,81860,183
16,19,81860,184
16,19,81860,185
16,19,81860,186
16,19,81860,187
16,19,81860,188
16,19,81860,189
16,19,81860,190
16,19,81860,191
16,19,81860,192
16,19,81860,193
16,19,81860,194
16,19,81860,195
16,19,81860,196
16,19,81860,197
16,19,81860,198
16,19,81860,199
16,17,69455,0
16,17,69455,1
16,17,69455,2
16,17,69455,3
16,17,69455,4
16,17,69455,5
16,17,69455,6
16,17,69455,7
16,17,69455,8
16,17,69455,9
16,17,69455,10
16,17,69455,11
16,17,69455,12
16,17,69455,13
16,17,69455,14
16,17,69455,15
16,17,69455,16
16,17,69455,17
16,17,69455,18
16,17,69455,19
16,17,69455,20
16,17,69455,21
16,17,69455,22
16,17,69455,23
16,17,69455,24
16,17,69455,25
16,17,69455,26
16,17,69455,27
16,17,69455,28
16,17,69455,29
16,17,69455,30
16,17,69455,31
16,17,69455,32
16,17,69455,33
16,17,69455,34
16,17,69455,35
16,17,69455,36
16,17,69455,37
16,17,69455,38
16,17,69455,39
16,17,69455,40
16,17,69455,41
16,17,69455,42
16,17,69455,43
16,17,69455,44
16,17,69455,45
16,17,69455,46
16,17,69455,47
16,17,69455,48
16,17,69455,49
16,17,69455,50
16,17,69455,51
16,17,69455,52
16,17,69455,53
16,17,69455,54
16,17,69455,55
16,17,69455,56
16,17,69455,57
16,17,69455,58
16,17,69455,59
16,17,69455,60
16,17,69455,61
16,17,69455,62
16,17,69455,63
16,17,69455,64
16,17,69455,65
16,17,69455,66
16,17,69455,67
16,17,69455,68
16,17,69455,69
16,17,69455,70
16,17,69455,71
16,17,69455,72
16,17,69455,73
16,17,69455,74
16,17,69455,75
16,17,69455,76
16,17,69455,77
16,17,69455,78
16,17,69455,79
16,17,69455,80
16,17,69455,81
16,17,69455,82
16,17,69455,83
16,17,69455,84
16,17,69455,85
16,17,69455,86
16,17,69455,87
16,17,69455,88
16,17,69455,89
16,17,69455,90
16,17,69455,91
16,17,69455,92
16,17,69455,93
16,17,69455,94
16,17,69455,95
16,17,69455,96
16,17,69455,97
16,17,69455,98
16,17,69455,99
16,17,69455,100
16,17,69455,101
16,17,69455,102
16,17,69455,103
16,17,69455,104
16,17,69455,105
16,17,69455,106
16,17,69455,107
16,17,69455,108
16,17,69455,109
16,17,69455,110
16,17,69455,111
16,17,69455,112
16,17,69455,113
16,17,69455,114
16,17,69455,115
16,17,69455,116
16,17,69455,117
16,17,69455,118
16,17,69455,119
16,17,69455,120
16,17,69455,121
16,17,69455,122
16,17,69455,123
16,17,69455,124
16,17,69455,125
16,17,69455,126
16,17,69455,127
16,17,69455,128
16,17,69455,129
16,17,69455,130
16,17,69455,131
16,17,69455,132
16,17,69455,133
16,17,69455,134
16,17,69455,135
16,17,69455,136
16,17,69455,137
16,17,69455,138
16,17,69455,139
16,17,69455,140
16,17,69455,141
16,17,69455,142
16,17,69455,143
16,17,69455,144
16,17,69455,145
16,17,69455,146
16,17,69455,147
16,17,69455,148
16,17,69455,149
16,17,69455,150
16,17,69455,151
16,17,69455,152
16,17,69455,153
16,17,69455,154
16,17,69455,155
16,17,69455,156
16,17,69455,157
16,17,69455,158
16,17,69455,159
16,17,69455,160
16,17,69455,161
16,17,69455,162
16,17,69455,163
16,17,69455,164
16,17,69455,165
16,17,69455,166
16,17,69455,167
16,17,69455,168
16,17,69455,169
16,17,69455,170
16,17,69455,171
16,17,69455,172
16,17,69455,173
16,17,69455,174
16,17,69455,175
16,17,69455,176
16,17,69455,177
16,17,69455,178
16,17,69455,179
16,17,69455,180
16,17,69455,181
16,17,69455,182
16,17,69455,183
16,17,69455,184
16,17,69455,185
16,17,69455,186
16,17,69455,187
16,17,69455,188
16,17,69455,189
16,17,69455,190
16,17,69455,191
16,17,69455,192
16,17,69455,193
16,17,69455,194
16,17,69455,195
16,17,69455,196
16,17,69455,197
16,17,69455,198
16,17,69455,199
16,3,40140,0
16,3,40140,1
16,3,40140,2
16,3,40140,3
16,3,40140,4
16,3,40140,5
16,3,40140,6
16,3,40140,7
16,3,40140,8
16,3,40140,9
16,3,40140,10
16,3,40140,11
16,3,40140,12
16,3,40140,13
16,3,40140,14
16,3,40140,15
16,3,40140,16
16,3,40140,17
16,3,40140,18
16,3,40140,19
16,3,40140,20
16,3,40140,21
16,3,40140,22
16,3,40140,23
16,3,40140,24
16,3,40140,25
16,3,40140,26
16,3,40140,27
16,3,40140,28
16,3,40140,29
16,3,40140,30
16,3,40140,31
16,3,40140,32
16,3,40140,33
16,3,40140,34
16,3,40140,35
16,3,40140,36
16,3,40140,37
16,3,40140,38
16,3,40140,39
16,3,40140,40
16,3,40140,41
16,3,40140,42
16,3,40140,43
16,3,40140,44
16,3,40140,45
16,3,40140,46
16,3,40140,47
16,3,40140,48
16,3,40140,49
16,3,40140,50
16,3,40140,51
16,3,40140,52
16,3,40140,53
16,3,40140,54
16,3,40140,55
16,3,40140,56
16,3,40140,57
16,3,40140,58
16,3,40140,59
16,3,40140,60
16,3,40140,61
16,3,40140,62
16,3,40140,63
16,3,40140,64
16,3,40140,65
16,3,40140,66
16,3,40140,67
16,3,40140,68
16,3,40140,69
16,3,40140,70
16,3,40140,71
16,3,40140,72
16,3,40140,73
16,3,40140,74
16,3,40140,75
16,3,40140,76
16,3,40140,77
16,3,40140,78
16,3,40140,79
16,3,40140,80
16,3,40140,81
16,3,40140,82
16,3,40140,83
16,3,40140,84
16,3,40140,85
16,3,40140,86
16,3,40140,87
16,3,40140,88
16,3,40140,89
16,3,40140,90
16,3,40140,91
16,3,40140,92
16,3,40140,93
16,3,40140,94
16,3,40140,95
16,3,40140,96
16,3,40140,97
16,3,40140,98
16,3,40140,99
16,3,40140,100
16,3,40140,101
16,3,40140,102
16,3,40140,103
16,3,40140,104
16,3,40140,105
16,3,40140,106
16,3,40140,107
16,3,40140,108
16,3,40140,109
16,3,40140,110
16,3,40140,111
16,3,40140,112
16,3,40140,113
16,3,40140,114
16,3,40140,115
16,3,40140,116
16,3,40140,117
16,3,40140,118
16,3,40140,119
16,3,40140,120
16,3,40140,121
16,3,40140,122
16,3,40140,123
16,3,40140,124
16,3,40140,125
16,3,40140,126
16,3,40140,127
16,3,40140,128
16,3,40140,129
16,3,40140,130
16,3,40140,131
16,3,40140,132
16,3,40140,133
16,3,40140,134
16,3,40140,135
16,3,40140,136
16,3,40140,137
16,3,40140,138
16,3,40140,139
16,3,40140,140
16,3,40140,141
16,3,40140,142
16,3,40140,143
16,3,40140,144
16,3,40140,145
16,3,40140,146
16,3,40140,147
16,3,40140,148
16,3,40140,149
16,3,40140,150
16,3,40140,151
16,3,40140,152
16,3,40140,153
16,3,40140,154
16,3,40140,155
16,3,40140,156
16,3,40140,157
16,3,40140,158
16,3,40140,159
16,3,40140,160
16,3,40140,161
16,3,40140,162
16,3,40140,163
16,3,40140,164
16,3,40140,165
16,3,40140,166
16,3,40140,167
16,3,40140,168
16,3,40140,169
16,3,40140,170
16,3,40140,171
16,3,40140,172
16,3,40140,173
16,3,40140,174
16,3,40140,175
16,3,40140,176
16,3,40140,177
16,3,40140,178
16,3,40140,179
16,3,40140,180
16,3,40140,181
16,3,40140,182
16,3,40140,183
16,3,40140,184
16,3,40140,185
16,3,40140,186
16,3,40140,187
16,3,40140,188
16,3,40140,189
16,3,40140,190
16,3,40140,191
16,3,40140,192
16,3,40140,193
16,3,40140,194
16,3,40140,195
16,3,40140,196
16,3,40140,197
16,3,40140,198
16,3,40140,199
16,5,630060,0
16,5,630060,1
16,5,630060,2
16,5,630060,3
16,5,630060,4
16,5,630060,5
16,5,630060,6
16,5,630060,7
16,5,630060,8
16,5,630060,9
16,5,630060,10
16,5,630060,11
16,5,630060,12
16,5,630060,13
16,5,630060,14
16,5,630060,15
16,5,630060,16
16,5,630060,17
16,5,630060,18
16,5,630060,19
16,5,630060,20
16,5,630060,21
16,5,630060,22
16,5,630060,23
16,5,630060,24
16,5,630060,25
16,5,630060,26
16,5,630060,27
16,5,630060,28
16,5,630060,29
16,5,630060,30
16,5,630060,31
16,5,630060,32
16,5,630060,33
16,5,630060,34
16,5,630060,35
16,5,630060,36
16,5,630060,37
16,5,630060,38
16,5,630060,39
16,5,630060,40
16,5,630060,41
16,5,630060,42
16,5,630060,43
16,5,630060,44
16,5,630060,45
16,5,630060,46
16,5,630060,47
16,5,630060,48
16,5,630060,49
16,5,630060,50
16,5,630060,51
16,5,630060,52
16,5,630060,53
16,5,630060,54
16,5,630060,55
16,5,630060,56
16,5,630060,57
16,5,630060,58
16,5,630060,59
16,5,630060,60
16,5,630060,61
16,5,630060,62
16,5,630060,63
16,5,630060,64
16,5,630060,65
16,5,630060,66
16,5,630060,67
16,5,630060,68
16,5,630060,69
16,5,630060,70
16,5,630060,71
16,5,630060,72
16,5,630060,73
16,5,630060,74
16,5,630060,75
16,5,630060,76
16,5,630060,77
16,5,630060,78
16,5,630060,79
16,5,630060,80
16,5,630060,81
16,5,630060,82
16,5,630060,83
16,5,630060,84
16,5,630060,85
16,5,630060,86
16,5,630060,87
16,5,630060,88
16,5,630060,89
16,5,630060,90
16,5,630060,91
16,5,630060,92
16,5,630060,93
16,5,630060,94
16,5,630060,95
16,5,630060,96
16,5,630060,97
16,5,630060,98
16,5,630060,99
16,5,630060,100
16,5,630060,101
16,5,630060,102
16,5,630060,103
16,5,630060,104
16,5,630060,105
16,5,630060,106
16,5,630060,107
16,5,630060,108
16,5,630060,109
16,5,630060,110
16,5,630060,111
16,5,630060,112
16,5,630060,113
16,5,630060,114
16,5,630060,115
16,5,630060,116
16,5,630060,117
16,5,630060,118
16,5,630060,119
16,5,630060,120
16,5,630060,121
16,5,630060,122
16,5,630060,123
16,5,630060,124
16,5,630060,125
16,5,630060,126
16,5,630060,127
16,5,630060,128
16,5,630060,129
16,5,630060,130
16,5,630060,131
16,5,630060,132
16,5,630060,133
16,5,630060,134
16,5,630060,135
16,5,630060,136
16,5,630060,137
16,5,630060,138
16,5,630060,139
16,5,630060,140
16,5,630060,141
16,5,630060,142
16,5,630060,143
16,5,630060,144
16,5,630060,145
16,5,630060,146
16,5,630060,147
16,5,630060,148
16,5,630060,149
16,5,630060,150
16,5,630060,151
16,5,630060,152
16,5,630060,153
16,5,630060,154
16,5,630060,155
16,5,630060,156
16,5,630060,157
16,5,630060,158
16,5,630060,159
16,5,630060,160
16,5,630060,161
16,5,630060,162
16,5,630060,163
16,5,630060,164
16,5,630060,165
16,5,630060,166
16,5,630060,167
16,5,630060,168
16,5,630060,169
16,5,630060,170
16,5,630060,171
16,5,630060,172
16,5,630060,173
16,5,630060,174
16,5,630060,175
16,5,630060,176
16,5,630060,177
16,5,630060,178
16,5,630060,179
16,5,630060,180
16,5,630060,181
16,5,630060,182
16,5,630060,183
16,5,630060,184
16,5,630060,185
16,5,630060,186
16,5,630060,187
16,5,630060,188
16,5,630060,189
16,5,630060,190
16,5,630060,191
16,5,630060,192
16,5,630060,193
16,5,630060,194
16,5,630060,195
16,5,630060,196
16,5,630060,197
16,5,630060,198
16,5,630060,199
16,8,8630,0
16,8,8630,1
16,8,8630,2
16,8,8630,3
16,8,8630,4
16,8,8630,5
16,8,8630,6
16,8,8630,7
16,8,8630,8
16,8,8630,9
16,8,8630,10
16,8,8630,11
16,8,8630,12
16,8,8630,13
16,8,8630,14
16,8,8630,15
16,8,8630,16
16,8,8630,17
16,8,8630,18
16,8,8630,19
16,8,8630,20
16,8,8630,21
16,8,8630,22
16,8,8630,23
16,8,8630,24
16,8,8630,25
16,8,8630,26
16,8,8630,27
16,8,8630,28
16,8,8630,29
16,8,8630,30
16,8,8630,31
16,8,8630,32
16,8,8630,33
16,8,8630,34
16,8,8630,35
16,8,8630,36
16,8,8630,37
16,8,8630,38
16,8,8630,39
16,8,8630,40
16,8,8630,41
16,8,8630,42
16,8,8630,43
16,8,8630,44
16,8,8630,45
16,8,8630,46
16,8,8630,47
16,8,8630,48
16,8,8630,49
16,8,8630,50
16,8,8630,51
16,8,8630,52
16,8,8630,53
16,8,8630,54
16,8,8630,55
16,8,8630,56
16,8,8630,57
16,8,8630,58
16,8,8630,59
16,8,8630,60
16,8,8630,61
16,8,8630,62
16,8,8630,63
16,8,8630,64
16,8,8630,65
16,8,8630,66
16,8,8630,67
16,8,8630,68
16,8,8630,69
16,8,8630,70
16,8,8630,71
16,8,8630,72
16,8,8630,73
16,8,8630,74
16,8,8630,75
16,8,8630,76
16,8,8630,77
16,8,8630,78
16,8,8630,79
16,8,8630,80
16,8,8630,81
16,8,8630,82
16,8,8630,83
16,8,8630,84
16,8,8630,85
16,8,8630,86
16,8,8630,87
16,8,8630,88
16,8,8630,89
16,8,8630,90
16,8,8630,91
16,8,8630,92
16,8,8630,93
16,8,8630,94
16,8,8630,95
16,8,8630,96
16,8,8630,97
16,8,8630,98
16,8,8630,99
16,8,8630,100
16,8,8630,101
16,8,8630,102
16,8,8630,103
16,8,8630,104
16,8,8630,105
16,8,8630,106
16,8,8630,107
16,8,8630,108
16,8,8630,109
16,8,8630,110
16,8,8630,111
16,8,8630,112
16,8,8630,113
16,8,8630,114
16,8,8630,115
16,8,8630,116
16,8,8630,117
16,8,8630,118
16,8,8630,119
16,8,8630,120
16,8,8630,121
16,8,8630,122
16,8,8630,123
16,8,8630,124
16,8,8630,125
16,8,8630,126
16,8,8630,127
16,8,8630,128
16,8,8630,129
16,8,8630,130
16,8,8630,131
16,8,8630,132
16,8,8630,133
16,8,8630,134
16,8,8630,135
16,8,8630,136
16,8,8630,137
16,8,8630,138
16,8,8630,139
16,8,8630,140
16,8,8630,141
16,8,8630,142
16,8,8630,143
16,8,8630,144
16,8,8630,145
16,8,8630,146
16,8,8630,147
16,8,8630,148
16,8,8630,149
16,8,8630,150
16,8,8630,151
16,8,8630,152
16,8,8630,153
16,8,8630,154
16,8,8630,155
16,8,8630,156
16,8,8630,157
16,8,8630,158
16,8,8630,159
16,8,8630,160
16,8,8630,161
16,8,8630,162
16,8,8630,163
16,8,8630,164
16,8,8630,165
16,8,8630,166
16,8,8630,167
16,8,8630,168
16,8,8630,169
16,8,8630,170
16,8,8630,171
16,8,8630,172
16,8,8630,173
16,8,8630,174
16,8,8630,175
16,8,8630,176
16,8,8630,177
16,8,8630,178
16,8,8630,179
16,8,8630,180
16,8,8630,181
16,8,8630,182
16,8,8630,183
16,8,8630,184
16,8,8630,185
16,8,8630,186
16,8,8630,187
16,8,8630,188
16,8,8630,189
16,8,8630,190
16,8,8630,191
16,8,8630,192
16,8,8630,193
16,8,8630,194
16,8,8630,195
16,8,8630,196
16,8,8630,197
16,8,8630,198
16,8,8630,199
16,9,877045,0
16,9,877045,1
16,9,877045,2
16,9,877045,3
16,9,877045,4
16,9,877045,5
16,9,877045,6
16,9,877045,7
16,9,877045,8
16,9,877045,9
16,9,877045,10
16,9,877045,11
16,9,877045,12
16,9,877045,13
16,9,877045,14
16,9,877045,15
16,9,877045,16
16,9,877045,17
16,9,877045,18
16,9,877045,19
16,9,877045,20
16,9,877045,21
16,9,877045,22
16,9,877045,23
16,9,877045,24
16,9,877045,25
16,9,877045,26
16,9,877045,27
16,9,877045,28
16,9,877045,29
16,9,877045,30
16,9,877045,31
16,9,877045,32
16,9,877045,33
16,9,877045,34
16,9,877045,35
16,9,877045,36
16,9,877045,37
16,9,877045,38
16,9,877045,39
16,9,877045,40
16,9,877045,41
16,9,877045,42
16,9,877045,43
16,9,877045,44
16,9,877045,45
16,9,877045,46
16,9,877045,47
16,9,877045,48
16,9,877045,49
16,9,877045,50
16,9,877045,51
16,9,877045,52
16,9,877045,53
16,9,877045,54
16,9,877045,55
16,9,877045,56
16,9,877045,57
16,9,877045,58
16,9,877045,59
16,9,877045,60
16,9,877045,61
16,9,877045,62
16,9,877045,63
16,9,877045,64
16,9,877045,65
16,9,877045,66
16,9,877045,67
16,9,877045,68
16,9,877045,69
16,9,877045,70
16,9,877045,71
16,9,877045,72
16,9,877045,73
16,9,877045,74
16,9,877045,75
16,9,877045,76
16,9,877045,77
16,9,877045,78
16,9,877045,79
16,9,877045,80
16,9,877045,81
16,9,877045,82
16,9,877045,83
16,9,877045,84
16,9,877045,85
16,9,877045,86
16,9,877045,87
16,9,877045,88
16,9,877045,89
16,9,877045,90
16,9,877045,91
16,9,877045,92
16,9,877045,93
16,9,877045,94
16,9,877045,95
16,9,877045,96
16,9,877045,97
16,9,877045,98
16,9,877045,99
16,9,877045,100
16,9,877045,101
16,9,877045,102
16,9,877045,103
16,9,877045,104
16,9,877045,105
16,9,877045,106
16,9,877045,107
16,9,877045,108
16,9,877045,109
16,9,877045,110
16,9,877045,111
16,9,877045,112
16,9,877045,113
16,9,877045,114
16,9,877045,115
16,9,877045,116
16,9,877045,117
16,9,877045,118
16,9,877045,119
16,9,877045,120
16,9,877045,121
16,9,877045,122
16,9,877045,123
16,9,877045,124
16,9,877045,125
16,9,877045,126
16,9,877045,127
16,9,877045,128
16,9,877045,129
16,9,877045,130
16,9,877045,131
16,9,877045,132
16,9,877045,133
16,9,877045,134
16,9,877045,135
16,9,877045,136
16,9,877045,137
16,9,877045,138
16,9,877045,139
16,9,877045,140
16,9,877045,141
16,9,877045,142
16,9,877045,143
16,9,877045,144
16,9,877045,145
16,9,877045,146
16,9,877045,147
16,9,877045,148
16,9,877045,149
16,9,877045,150
16,9,877045,151
16,9,877045,152
16,9,877045,153
16,9,877045,154
16,9,877045,155
16,9,877045,156
16,9,877045,157
16,9,877045,158
16,9,877045,159
16,9,877045,160
16,9,877045,161
16,9,877045,162
16,9,877045,163
16,9,877045,164
16,9,877045,165
16,9,877045,166
16,9,877045,167
16,9,877045,168
16,9,877045,169
16,9,877045,170
16,9,877045,171
16,9,877045,172
16,9,877045,173
16,9,877045,174
16,9,877045,175
16,9,877045,176
16,9,877045,177
16,9,877045,178
16,9,877045,179
16,9,877045,180
16,9,877045,181
16,9,877045,182
16,9,877045,183
16,9,877045,184
16,9,877045,185
16,9,877045,186
16,9,877045,187
16,9,877045,188
16,9,877045,189
16,9,877045,190
16,9,877045,191
16,9,877045,192
16,9,877045,193
16,9,877045,194
16,9,877045,195
16,9,877045,196
16,9,877045,197
16,9,877045,198
16,9,877045,199
16,21,314340,0
16,21,314340,1
16,21,314340,2
16,21,314340,3
16,21,314340,4
16,21,314340,5
16,21,314340,6
16,21,314340,7
16,21,314340,8
16,21,314340,9
16,21,314340,10
16,21,314340,11
16,21,314340,12
16,21,314340,13
16,21,314340,14
16,21,314340,15
16,21,314340,16
16,21,314340,17
16,21,314340,18
16,21,314340,19
16,21,314340,20
16,21,314340,21
16,21,314340,22
16,21,314340,23
16,21,314340,24
16,21,314340,25
16,21,314340,26
16,21,314340,27
16,21,314340,28
16,21,314340,29
16,21,314340,30
16,21,314340,31
16,21,314340,32
16,21,314340,33
16,21,314340,34
16,21,314340,35
16,21,314340,36
16,21,314340,37
16,21,314340,38
16,21,314340,39
16,21,314340,40
16,21,314340,41
16,21,314340,42
16,21,314340,43
16,21,314340,44
16,21,314340,45
16,21,314340,46
16,21,314340,47
16,21,314340,48
16,21,314340,49
16,21,314340,50
16,21,314340,51
16,21,314340,52
16,21,314340,53
16,21,314340,54
16,21,314340,55
16,21,314340,56
16,21,314340,57
16,21,314340,58
16,21,314340,59
16,21,314340,60
16,21,314340,61
16,21,314340,62
16,21,314340,63
16,21,314340,64
16,21,314340,65
16,21,314340,66
16,21,314340,67
16,21,314340,68
16,21,314340,69
16,21,314340,70
16,21,314340,71
16,21,314340,72
16,21,314340,73
16,21,314340,74
16,21,314340,75
16,21,314340,76
16,21,314340,77
16,21,314340,78
16,21,314340,79
16,21,314340,80
16,21,314340,81
16,21,314340,82
16,21,314340,83
16,21,314340,84
16,21,314340,85
16,21,314340,86
16,21,314340,87
16,21,314340,88
16,21,314340,89
16,21,314340,90
16,21,314340,91
16,21,314340,92
16,21,314340,93
16,21,314340,94
16,21,314340,95
16,21,314340,96
16,21,314340,97
16,21,314340,98
16,21,314340,99
16,21,314340,100
16,21,314340,101
16,21,314340,102
16,21,314340,103
16,21,314340,104
16,21,314340,105
16,21,314340,106
16,21,314340,107
16,21,314340,108
16,21,314340,109
16,21,314340,110
16,21,314340,111
16,21,314340,112
16,21,314340,113
16,21,314340,114
16,21,314340,115
16,21,314340,116
16,21,314340,117
16,21,314340,118
16,21,314340,119
16,21,314340,120
16,21,314340,121
16,21,314340,122
16,21,314340,123
16,21,314340,124
16,21,314340,125
16,21,314340,126
16,21,314340,127
16,21,314340,128
16,21,314340,129
16,21,314340,130
16,21,314340,131
16,21,314340,132
16,21,314340,133
16,21,314340,134
16,21,314340,135
16,21,314340,136
16,21,314340,137
16,21,314340,138
16,21,314340,139
16,21,314340,140
16,21,314340,141
16,21,314340,142
16,21,314340,143
16,21,314340,144
16,21,314340,145
16,21,314340,146
16,21,314340,147
16,21,314340,148
16,21,314340,149
16,21,314340,150
16,21,314340,151
16,21,314340,152
16,21,314340,153
16,21,314340,154
16,21,314340,155
16,21,314340,156
16,21,314340,157
16,21,314340,158
16,21,314340,159
16,21,314340,160
16,21,314340,161
16,21,314340,162
16,21,314340,163
16,21,314340,164
16,21,314340,165
16,21,314340,166
16,21,314340,167
16,21,314340,168
16,21,314340,169
16,21,314340,170
16,21,314340,171
16,21,314340,172
16,21,314340,173
16,21,314340,174
16,21,314340,175
16,21,314340,176
16,21,314340,177
16,21,314340,178
16,21,314340,179
16,21,314340,180
16,21,314340,181
16,21,314340,182
16,21,314340,183
16,21,314340,184
16,21,314340,185
16,21,314340,186
16,21,314340,187
16,21,314340,188
16,21,314340,189
16,21,314340,190
16,21,314340,191
16,21,314340,192
16,21,314340,193
16,21,314340,194
16,21,314340,195
16,21,314340,196
16,21,314340,197
16,21,314340,198
16,21,314340,199
16,12,24675,0
16,12,24675,1
16,12,24675,2
16,12,24675,3
16,12,24675,4
16,12,24675,5
16,12,24675,6
16,12,24675,7
16,12,24675,8
16,12,24675,9
16,12,24675,10
16,12,24675,11
16,12,24675,12
16,12,24675,13
16,12,24675,14
16,12,24675,15
16,12,24675,16
16,12,24675,17
16,12,24675,18
16,12,24675,19
16,12,24675,20
16,12,24675,21
16,12,24675,22
16,12,24675,23
16,12,24675,24
16,12,24675,25
16,12,24675,26
16,12,24675,27
16,12,24675,28
16,12,24675,29
16,12,24675,30
16,12,24675,31
16,12,24675,32
16,12,24675,33
16,12,24675,34
16,12,24675,35
16,12,24675,36
16,12,24675,37
16,12,24675,38
16,12,24675,39
16,12,24675,40
16,12,24675,41
16,12,24675,42
16,12,24675,43
16,12,24675,44
16,12,24675,45
16,12,24675,46
16,12,24675,47
16,12,24675,48
16,12,24675,49
16,12,24675,50
16,12,24675,51
16,12,24675,52
16,12,24675,53
16,12,24675,54
16,12,24675,55
16,12,24675,56
16,12,24675,57
16,12,24675,58
16,12,24675,59
16,12,24675,60
16,12,24675,61
16,12,24675,62
16,12,24675,63
16,12,24675,64
16,12,24675,65
16,12,24675,66
16,12,24675,67
16,12,24675,68
16,12,24675,69
16,12,24675,70
16,12,24675,71
16,12,24675,72
16,12,24675,73
16,12,24675,74
16,12,24675,75
16,12,24675,76
16,12,24675,77
16,12,24675,78
16,12,24675,79
16,12,24675,80
16,12,24675,81
16,12,24675,82
16,12,24675,83
16,12,24675,84
16,12,24675,85
16,12,24675,86
16,12,24675,87
16,12,24675,88
16,12,24675,89
16,12,24675,90
16,12,24675,91
16,12,24675,92
16,12,24675,93
16,12,24675,94
16,12,24675,95
16,12,24675,96
16,12,24675,97
16,12,24675,98
16,12,24675,99
16,12,24675,100
16,12,24675,101
16,12,24675,102
16,12,24675,103
16,12,24675,104
16,12,24675,105
16,12,24675,106
16,12,24675,107
16,12,24675,108
16,12,24675,109
16,12,24675,110
16,12,24675,111
16,12,24675,112
16,12,24675,113
16,12,24675,114
16,12,24675,115
16,12,24675,116
16,12,24675,117
16,12,24675,118
16,12,24675,119
16,12,24675,120
16,12,24675,121
16,12,24675,122
16,12,24675,123
16,12,24675,124
16,12,24675,125
16,12,24675,126
16,12,24675,127
16,12,24675,128
16,12,24675,129
16,12,24675,130
16,12,24675,131
16,12,24675,132
16,12,24675,133
16,12,24675,134
16,12,24675,135
16,12,24675,136
16,12,24675,137
16,12,24675,138
16,12,24675,139
16,12,24675,140
16,12,24675,141
16,12,24675,142
16,12,24675,143
16,12,24675,144
16,12,24675,145
16,12,24675,146
16,12,24675,147
16,12,24675,148
16,12,24675,149
16,12,24675,150
16,12,24675,151
16,12,24675,152
16,12,24675,153
16,12,24675,154
16,12,24675,155
16,12,24675,156
16,12,24675,157
16,12,24675,158
16,12,24675,159
16,12,24675,160
16,12,24675,161
16,12,24675,162
16,12,24675,163
16,12,24675,164
16,12,24675,165
16,12,24675,166
16,12,24675,167
16,12,24675,168
16,12,24675,169
16,12,24675,170
16,12,24675,171
16,12,24675,172
16,12,24675,173
16,12,24675,174
16,12,24675,175
16,12,24675,176
16,12,24675,177
16,12,24675,178
16,12,24675,179
16,12,24675,180
16,12,24675,181
16,12,24675,182
16,12,24675,183
16,12,24675,184
16,12,24675,185
16,12,24675,186
16,12,24675,187
16,12,24675,188
16,12,24675,189
16,12,24675,190
16,12,24675,191
16,12,24675,192
16,12,24675,193
16,12,24675,194
16,12,24675,195
16,12,24675,196
16,12,24675,197
16,12,24675,198
16,12,24675,199
16,14,258370,0
16,14,258370,1
16,14,258370,2
16,14,258370,3
16,14,258370,4
16,14,258370,5
16,14,258370,6
16,14,258370,7
16,14,258370,8
16,14,258370,9
16,14,258370,10
16,14,258370,11
16,14,258370,12
16,14,258370,13
16,14,258370,14
16,14,258370,15
16,14,258370,16
16,14,258370,17
16,14,258370,18
16,14,258370,19
16,14,258370,20
16,14,258370,21
16,14,258370,22
16,14,258370,23
16,14,258370,24
16,14,258370,25
16,14,258370,26
16,14,258370,27
16,14,258370,28
16,14,258370,29
16,14,258370,30
16,14,258370,31
16,14,258370,32
16,14,258370,33
16,14,258370,34
16,14,258370,35
16,14,258370,36
16,14,258370,37
16,14,258370,38
16,14,258370,39
16,14,258370,40
16,14,258370,41
16,14,258370,42
16,14,258370,43
16,14,258370,44
16,14,258370,45
16,14,258370,46
16,14,258370,47
16,14,258370,48
16,14,258370,49
16,14,258370,50
16,14,258370,51
16,14,258370,52
16,14,258370,53
16,14,258370,54
16,14,258370,55
16,14,258370,56
16,14,258370,57
16,14,258370,58
16,14,258370,59
16,14,258370,60
16,14,258370,61
16,14,258370,62
16,14,258370,63
16,14,258370,64
16,14,258370,65
16,14,258370,66
16,14,258370,67
16,14,258370,68
16,14,258370,69
16,14,258370,70
16,14,258370,71
16,14,258370,72
16,14,258370,73
16,14,258370,74
16,14,258370,75
16,14,258370,76
16,14,258370,77
16,14,258370,78
16,14,258370,79
16,14,258370,80
16,14,258370,81
16,14,258370,82
16,14,258370,83
16,14,258370,84
16,14,258370,85
16,14,258370,86
16,14,258370,87
16,14,258370,88
16,14,258370,89
16,14,258370,90
16,14,258370,91
16,14,258370,92
16,14,258370,93
16,14,258370,94
16,14,258370,95
16,14,258370,96
16,14,258370,97
16,14,258370,98
16,14,258370,99
16,14,258370,100
16,14,258370,101
16,14,258370,102
16,14,258370,103
16,14,258370,104
16,14,258370,105
16,14,258370,106
16,14,258370,107
16,14,258370,108
16,14,258370,109
16,14,258370,110
16,14,258370,111
16,14,258370,112
16,14,258370,113
16,14,258370,114
16,14,258370,115
16,14,258370,116
16,14,258370,117
16,14,258370,118
16,14,258370,119
16,14,258370,120
16,14,258370,121
16,14,258370,122
16,14,258370,123
16,14,258370,124
16,14,258370,125
16,14,258370,126
16,14,258370,127
16,14,258370,128
16,14,258370,129
16,14,258370,130
16,14,258370,131
16,14,258370,132
16,14,258370,133
16,14,258370,134
16,14,258370,135
16,14,258370,136
16,14,258370,137
16,14,258370,138
16,14,258370,139
16,14,258370,140
16,14,258370,141
16,14,258370,142
16,14,258370,143
16,14,258370,144
16,14,258370,145
16,14,258370,146
16,14,258370,147
16,14,258370,148
16,14,258370,149
16,14,258370,150
16,14,258370,151
16,14,258370,152
16,14,258370,153
16,14,258370,154
16,14,258370,155
16,14,258370,156
16,14,258370,157
16,14,258370,158
16,14,258370,159
16,14,258370,160
16,14,258370,161
16,14,258370,162
16,14,258370,163
16,14,258370,164
16,14,258370,165
16,14,258370,166
16,14,258370,167
16,14,258370,168
16,14,258370,169
16,14,258370,170
16,14,258370,171
16,14,258370,172
16,14,258370,173
16,14,258370,174
16,14,258370,175
16,14,258370,176
16,14,258370,177
16,14,258370,178
16,14,258370,179
16,14,258370,180
16,14,258370,181
16,14,258370,182
16,14,258370,183
16,14,258370,184
16,14,258370,185
16,14,258370,186
16,14,258370,187
16,14,258370,188
16,14,258370,189
16,14,258370,190
16,14,258370,191
16,14,258370,192
16,14,258370,193
16,14,258370,194
16,14,258370,195
16,14,258370,196
16,14,258370,197
16,14,258370,198
16,14,258370,199
16,39,168110,0
16,39,168110,1
16,39,168110,2
16,39,168110,3
16,39,168110,4
16,39,168110,5
16,39,168110,6
16,39,168110,7
16,39,168110,8
16,39,168110,9
16,39,168110,10
16,39,168110,11
16,39,168110,12
16,39,168110,13
16,39,168110,14
16,39,168110,15
16,39,168110,16
16,39,168110,17
16,39,168110,18
16,39,168110,19
16,39,168110,20
16,39,168110,21
16,39,168110,22
16,39,168110,23
16,39,168110,24
16,39,168110,25
16,39,168110,26
16,39,168110,27
16,39,168110,28
16,39,168110,29
16,39,168110,30
16,39,168110,31
16,39,168110,32
16,39,168110,33
16,39,168110,34
16,39,168110,35
16,39,168110,36
16,39,168110,37
16,39,168110,38
16,39,168110,39
16,39,168110,40
16,39,168110,41
16,39,168110,42
16,39,168110,43
16,39,168110,44
16,39,168110,45
16,39,168110,46
16,39,168110,47
16,39,168110,48
16,39,168110,49
16,39,168110,50
16,39,168110,51
16,39,168110,52
16,39,168110,53
16,39,168110,54
16,39,168110,55
16,39,168110,56
16,39,168110,57
16,39,168110,58
16,39,168110,59
16,39,168110,60
16,39,168110,61
16,39,168110,62
16,39,168110,63
16,39,168110,64
16,39,168110,65
16,39,168110,66
16,39,168110,67
16,39,168110,68
16,39,168110,69
16,39,168110,70
16,39,168110,71
16,39,168110,72
16,39,168110,73
16,39,168110,74
16,39,168110,75
16,39,168110,76
16,39,168110,77
16,39,168110,78
16,39,168110,79
16,39,168110,80
16,39,168110,81
16,39,168110,82
16,39,168110,83
16,39,168110,84
16,39,168110,85
16,39,168110,86
16,39,168110,87
16,39,168110,88
16,39,168110,89
16,39,168110,90
16,39,168110,91
16,39,168110,92
16,39,168110,93
16,39,168110,94
16,39,168110,95
16,39,168110,96
16,39,168110,97
16,39,168110,98
16,39,168110,99
16,39,168110,100
16,39,168110,101
16,39,168110,102
16,39,168110,103
16,39,168110,104
16,39,168110,105
16,39,168110,106
16,39,168110,107
16,39,168110,108
16,39,168110,109
16,39,168110,110
16,39,168110,111
16,39,168110,112
16,39,168110,113
16,39,168110,114
16,39,168110,115
16,39,168110,116
16,39,168110,117
16,39,168110,118
16,39,168110,119
16,39,168110,120
16,39,168110,121
16,39,168110,122
16,39,168110,123
16,39,168110,124
16,39,168110,125
16,39,168110,126
16,39,168110,127
16,39,168110,128
16,39,168110,129
16,39,168110,130
16,39,168110,131
16,39,168110,132
16,39,168110,133
16,39,168110,134
16,39,168110,135
16,39,168110,136
16,39,168110,137
16,39,168110,138
16,39,168110,139
16,39,168110,140
16,39,168110,141
16,39,168110,142
16,39,168110,143
16,39,168110,144
16,39,168110,145
16,39,168110,146
16,39,168110,147
16,39,168110,148
16,39,168110,149
16,39,168110,150
16,39,168110,151
16,39,168110,152
16,39,168110,153
16,39,168110,154
16,39,168110,155
16,39,168110,156
16,39,168110,157
16,39,168110,158
16,39,168110,159
16,39,168110,160
16,39,168110,161
16,39,168110,162
16,39,168110,163
16,39,168110,164
16,39,168110,165
16,39,168110,166
16,39,168110,167
16,39,168110,168
16,39,168110,169
16,39,168110,170
16,39,168110,171
16,39,168110,172
16,39,168110,173
16,39,168110,174
16,39,168110,175
16,39,168110,176
16,39,168110,177
16,39,168110,178
16,39,168110,179
16,39,168110,180
16,39,168110,181
16,39,168110,182
16,39,168110,183
16,39,168110,184
16,39,168110,185
16,39,168110,186
16,39,168110,187
16,39,168110,188
16,39,168110,189
16,39,168110,190
16,39,168110,191
16,39,168110,192
16,39,168110,193
16,39,168110,194
16,39,168110,195
16,39,168110,196
16,39,168110,197
16,39,168110,198
16,39,168110,199
16,22,22330,0
16,22,22330,1
16,22,22330,2
16,22,22330,3
16,22,22330,4
16,22,22330,5
16,22,22330,6
16,22,22330,7
16,22,22330,8
16,22,22330,9
16,22,22330,10
16,22,22330,11
16,22,22330,12
16,22,22330,13
16,22,22330,14
16,22,22330,15
16,22,22330,16
16,22,22330,17
16,22,22330,18
16,22,22330,19
16,22,22330,20
16,22,22330,21
16,22,22330,22
16,22,22330,23
16,22,22330,24
16,22,22330,25
16,22,22330,26
16,22,22330,27
16,22,22330,28
16,22,22330,29
16,22,22330,30
16,22,22330,31
16,22,22330,32
16,22,22330,33
16,22,22330,34
16,22,22330,35
16,22,22330,36
16,22,22330,37
16,22,22330,38
16,22,22330,39
16,22,22330,40
16,22,22330,41
16,22,22330,42
16,22,22330,43
16,22,22330,44
16,22,22330,45
16,22,22330,46
16,22,22330,47
16,22,22330,48
16,22,22330,49
16,22,22330,50
16,22,22330,51
16,22,22330,52
16,22,22330,53
16,22,22330,54
16,22,22330,55
16,22,22330,56
16,22,22330,57
16,22,22330,58
16,22,22330,59
16,22,22330,60
16,22,22330,61
16,22,22330,62
16,22,22330,63
16,22,22330,64
16,22,22330,65
16,22,22330,66
16,22,22330,67
16,22,22330,68
16,22,22330,69
16,22,22330,70
16,22,22330,71
16,22,22330,72
16,22,22330,73
16,22,22330,74
16,22,22330,75
16,22,22330,76
16,22,22330,77
16,22,22330,78
16,22,22330,79
16,22,22330,80
16,22,22330,81
16,22,22330,82
16,22,22330,83
16,22,22330,84
16,22,22330,85
16,22,22330,86
16,22,22330,87
16,22,22330,88
16,22,22330,89
16,22,22330,90
16,22,22330,91
16,22,22330,92
16,22,22330,93
16,22,22330,94
16,22,22330,95
16,22,22330,96
16,22,22330,97
16,22,22330,98
16,22,22330,99
16,22,22330,100
16,22,22330,101
16,22,22330,102
16,22,22330,103
16,22,22330,104
16,22,22330,105
16,22,22330,106
16,22,22330,107
16,22,22330,108
16,22,22330,109
16,22,22330,110
16,22,22330,111
16,22,22330,112
16,22,22330,113
16,22,22330,114
16,22,22330,115
16,22,22330,116
16,22,22330,117
16,22,22330,118
16,22,22330,119
16,22,22330,120
16,22,22330,121
16,22,22330,122
16,22,22330,123
16,22,22330,124
16,22,22330,125
16,22,22330,126
16,22,22330,127
16,22,22330,128
16,22,22330,129
16,22,22330,130
16,22,22330,131
16,22,22330,132
16,22,22330,133
16,22,22330,134
16,22,22330,135
16,22,22330,136
16,22,22330,137
16,22,22330,138
16,22,22330,139
16,22,22330,140
16,22,22330,141
16,22,22330,142
16,22,22330,143
16,22,22330,144
16,22,22330,145
16,22,22330,146
16,22,22330,147
16,22,22330,148
16,22,22330,149
16,22,22330,150
16,22,22330,151
16,22,22330,152
16,22,22330,153
16,22,22330,154
16,22,22330,155
16,22,22330,156
16,22,22330,157
16,22,22330,158
16,22,22330,159
16,22,22330,160
16,22,22330,161
16,22,22330,162
16,22,22330,163
16,22,22330,164
16,22,22330,165
16,22,22330,166
16,22,22330,167
16,22,22330,168
16,22,22330,169
16,22,22330,170
16,22,22330,171
16,22,22330,172
16,22,22330,173
16,22,22330,174
16,22,22330,175
16,22,22330,176
16,22,22330,177
16,22,22330,178
16,22,22330,179
16,22,22330,180
16,22,22330,181
16,22,22330,182
16,22,22330,183
16,22,22330,184
16,22,22330,185
16,22,22330,186
16,22,22330,187
16,22,22330,188
16,22,22330,189
16,22,22330,190
16,22,22330,191
16,22,22330,192
16,22,22330,193
16,22,22330,194
16,22,22330,195
16,22,22330,196
16,22,22330,197
16,22,22330,198
16,22,22330,199
16,18,32240,0
16,18,32240,1
16,18,32240,2
16,18,32240,3
16,18,32240,4
16,18,32240,5
16,18,32240,6
16,18,32240,7
16,18,32240,8
16,18,32240,9
16,18,32240,10
16,18,32240,11
16,18,32240,12
16,18,32240,13
16,18,32240,14
16,18,32240,15
16,18,32240,16
16,18,32240,17
16,18,32240,18
16,18,32240,19
16,18,32240,20
16,18,32240,21
16,18,32240,22
16,18,32240,23
16,18,32240,24
16,18,32240,25
16,18,32240,26
16,18,32240,27
16,18,32240,28
16,18,32240,29
16,18,32240,30
16,18,32240,31
16,18,32240,32
16,18,32240,33
16,18,32240,34
16,18,32240,35
16,18,32240,36
16,18,32240,37
16,18,32240,38
16,18,32240,39
16,18,32240,40
16,18,32240,41
16,18,32240,42
16,18,32240,43
16,18,32240,44
16,18,32240,45
16,18,32240,46
16,18,32240,47
16,18,32240,48
16,18,32240,49
16,18,32240,50
16,18,32240,51
16,18,32240,52
16,18,32240,53
16,18,32240,54
16,18,32240,55
16,18,32240,56
16,18,32240,57
16,18,32240,58
16,18,32240,59
16,18,32240,60
16,18,32240,61
16,18,32240,62
16,18,32240,63
16,18,32240,64
16,18,32240,65
16,18,32240,66
16,18,32240,67
16,18,32240,68
16,18,32240,69
16,18,32240,70
16,18,32240,71
16,18,32240,72
16,18,32240,73
16,18,32240,74
16,18,32240,75
16,18,32240,76
16,18,32240,77
16,18,32240,78
16,18,32240,79
16,18,32240,80
16,18,32240,81
16,18,32240,82
16,18,32240,83
16,18,32240,84
16,18,32240,85
16,18,32240,86
16,18,32240,87
16,18,32240,88
16,18,32240,89
16,18,32240,90
16,18,32240,91
16,18,32240,92
16,18,32240,93
16,18,32240,94
16,18,32240,95
16,18,32240,96
16,18,32240,97
16,18,32240,98
16,18,32240,99
16,18,32240,100
16,18,32240,101
16,18,32240,102
16,18,32240,103
16,18,32240,104
16,18,32240,105
16,18,32240,106
16,18,32240,107
16,18,32240,108
16,18,32240,109
16,18,32240,110
16,18,32240,111
16,18,32240,112
16,18,32240,113
16,18,32240,114
16,18,32240,115
16,18,32240,116
16,18,32240,117
16,18,32240,118
16,18,32240,119
16,18,32240,120
16,18,32240,121
16,18,32240,122
16,18,32240,123
16,18,32240,124
16,18,32240,125
16,18,32240,126
16,18,32240,127
16,18,32240,128
16,18,32240,129
16,18,32240,130
16,18,32240,131
16,18,32240,132
16,18,32240,133
16,18,32240,134
16,18,32240,135
16,18,32240,136
16,18,32240,137
16,18,32240,138
16,18,32240,139
16,18,32240,140
16,18,32240,141
16,18,32240,142
16,18,32240,143
16,18,32240,144
16,18,32240,145
16,18,32240,146
16,18,32240,147
16,18,32240,148
16,18,32240,149
16,18,32240,150
16,18,32240,151
16,18,32240,152
16,18,32240,153
16,18,32240,154
16,18,32240,155
16,18,32240,156
16,18,32240,157
16,18,32240,158
16,18,32240,159
16,18,32240,160
16,18,32240,161
16,18,32240,162
16,18,32240,163
16,18,32240,164
16,18,32240,165
16,18,32240,166
16,18,32240,167
16,18,32240,168
16,18,32240,169
16,18,32240,170
16,18,32240,171
16,18,32240,172
16,18,32240,173
16,18,32240,174
16,18,32240,175
16,18,32240,176
16,18,32240,177
16,18,32240,178
16,18,32240,179
16,18,32240,180
16,18,32240,181
16,18,32240,182
16,18,32240,183
16,18,32240,184
16,18,32240,185
16,18,32240,186
16,18,32240,187
16,18,32240,188
16,18,32240,189
16,18,32240,190
16,18,32240,191
16,18,32240,192
16,18,32240,193
16,18,32240,194
16,18,32240,195
16,18,32240,196
16,18,32240,197
16,18,32240,198
16,18,32240,199
16,20,391770,0
16,20,391770,1
16,20,391770,2
16,20,391770,3
16,20,391770,4
16,20,391770,5
16,20,391770,6
16,20,391770,7
16,20,391770,8
16,20,391770,9
16,20,391770,10
16,20,391770,11
16,20,391770,12
16,20,391770,13
16,20,391770,14
16,20,391770,15
16,20,391770,16
16,20,391770,17
16,20,391770,18
16,20,391770,19
16,20,391770,20
16,20,391770,21
16,20,391770,22
16,20,391770,23
16,20,391770,24
16,20,391770,25
16,20,391770,26
16,20,391770,27
16,20,391770,28
16,20,391770,29
16,20,391770,30
16,20,391770,31
16,20,391770,32
16,20,391770,33
16,20,391770,34
16,20,391770,35
16,20,391770,36
16,20,391770,37
16,20,391770,38
16,20,391770,39
16,20,391770,40
16,20,391770,41
16,20,391770,42
16,20,391770,43
16,20,391770,44
16,20,391770,45
16,20,391770,46
16,20,391770,47
16,20,391770,48
16,20,391770,49
16,20,391770,50
16,20,391770,51
16,20,391770,52
16,20,391770,53
16,20,391770,54
16,20,391770,55
16,20,391770,56
16,20,391770,57
16,20,391770,58
16,20,391770,59
16,20,391770,60
16,20,391770,61
16,20,391770,62
16,20,391770,63
16,20,391770,64
16,20,391770,65
16,20,391770,66
16,20,391770,67
16,20,391770,68
16,20,391770,69
16,20,391770,70
16,20,391770,71
16,20,391770,72
16,20,391770,73
16,20,391770,74
16,20,391770,75
16,20,391770,76
16,20,391770,77
16,20,391770,78
16,20,391770,79
16,20,391770,80
16,20,391770,81
16,20,391770,82
16,20,391770,83
16,20,391770,84
16,20,391770,85
16,20,391770,86
16,20,391770,87
16,20,391770,88
16,20,391770,89
16,20,391770,90
16,20,391770,91
16,20,391770,92
16,20,391770,93
16,20,391770,94
16,20,391770,95
16,20,391770,96
16,20,391770,97
16,20,391770,98
16,20,391770,99
16,20,391770,100
16,20,391770,101
16,20,391770,102
16,20,391770,103
16,20,391770,104
16,20,391770,105
16,20,391770,106
16,20,391770,107
16,20,391770,108
16,20,391770,109
16,20,391770,110
16,20,391770,111
16,20,391770,112
16,20,391770,113
16,20,391770,114
16,20,391770,115
16,20,391770,116
16,20,391770,117
16,20,391770,118
16,20,391770,119
16,20,391770,120
16,20,391770,121
16,20,391770,122
16,20,391770,123
16,20,391770,124
16,20,391770,125
16,20,391770,126
16,20,391770,127
16,20,391770,128
16,20,391770,129
16,20,391770,130
16,20,391770,131
16,20,391770,132
16,20,391770,133
16,20,391770,134
16,20,391770,135
16,20,391770,136
16,20,391770,137
16,20,391770,138
16,20,391770,139
16,20,391770,140
16,20,391770,141
16,20,391770,142
16,20,391770,143
16,20,391770,144
16,20,391770,145
16,20,391770,146
16,20,391770,147
16,20,391770,148
16,20,391770,149
16,20,391770,150
16,20,391770,151
16,20,391770,152
16,20,391770,153
16,20,391770,154
16,20,391770,155
16,20,391770,156
16,20,391770,157
16,20,391770,158
16,20,391770,159
16,20,391770,160
16,20,391770,161
16,20,391770,162
16,20,391770,163
16,20,391770,164
16,20,391770,165
16,20,391770,166
16,20,391770,167
16,20,391770,168
16,20,391770,169
16,20,391770,170
16,20,391770,171
16,20,391770,172
16,20,391770,173
16,20,391770,174
16,20,391770,175
16,20,391770,176
16,20,391770,177
16,20,391770,178
16,20,391770,179
16,20,391770,180
16,20,391770,181
16,20,391770,182
16,20,391770,183
16,20,391770,184
16,20,391770,185
16,20,391770,186
16,20,391770,187
16,20,391770,188
16,20,391770,189
16,20,391770,190
16,20,391770,191
16,20,391770,192
16,20,391770,193
16,20,391770,194
16,20,391770,195
16,20,391770,196
16,20,391770,197
16,20,391770,198
16,20,391770,199
16,27,353365,0
16,27,353365,1
16,27,353365,2
16,27,353365,3
16,27,353365,4
16,27,353365,5
16,27,353365,6
16,27,353365,7
16,27,353365,8
16,27,353365,9
16,27,353365,10
16,27,353365,11
16,27,353365,12
16,27,353365,13
16,27,353365,14
16,27,353365,15
16,27,353365,16
16,27,353365,17
16,27,353365,18
16,27,353365,19
16,27,353365,20
16,27,353365,21
16,27,353365,22
16,27,353365,23
16,27,353365,24
16,27,353365,25
16,27,353365,26
16,27,353365,27
16,27,353365,28
16,27,353365,29
16,27,353365,30
16,27,353365,31
16,27,353365,32
16,27,353365,33
16,27,353365,34
16,27,353365,35
16,27,353365,36
16,27,353365,37
16,27,353365,38
16,27,353365,39
16,27,353365,40
16,27,353365,41
16,27,353365,42
16,27,353365,43
16,27,353365,44
16,27,353365,45
16,27,353365,46
16,27,353365,47
16,27,353365,48
16,27,353365,49
16,27,353365,50
16,27,353365,51
16,27,353365,52
16,27,353365,53
16,27,353365,54
16,27,353365,55
16,27,353365,56
16,27,353365,57
16,27,353365,58
16,27,353365,59
16,27,353365,60
16,27,353365,61
16,27,353365,62
16,27,353365,63
16,27,353365,64
16,27,353365,65
16,27,353365,66
16,27,353365,67
16,27,353365,68
16,27,353365,69
16,27,353365,70
16,27,353365,71
16,27,353365,72
16,27,353365,73
16,27,353365,74
16,27,353365,75
16,27,353365,76
16,27,353365,77
16,27,353365,78
16,27,353365,79
16,27,353365,80
16,27,353365,81
16,27,353365,82
16,27,353365,83
16,27,353365,84
16,27,353365,85
16,27,353365,86
16,27,353365,87
16,27,353365,88
16,27,353365,89
16,27,353365,90
16,27,353365,91
16,27,353365,92
16,27,353365,93
16,27,353365,94
16,27,353365,95
16,27,353365,96
16,27,353365,97
16,27,353365,98
16,27,353365,99
16,27,353365,100
16,27,353365,101
16,27,353365,102
16,27,353365,103
16,27,353365,104
16,27,353365,105
16,27,353365,106
16,27,353365,107
16,27,353365,108
16,27,353365,109
16,27,353365,110
16,27,353365,111
16,27,353365,112
16,27,353365,113
16,27,353365,114
16,27,353365,115
16,27,353365,116
16,27,353365,117
16,27,353365,118
16,27,353365,119
16,27,353365,120
16,27,353365,121
16,27,353365,122
16,27,353365,123
16,27,353365,124
16,27,353365,125
16,27,353365,126
16,27,353365,127
16,27,353365,128
16,27,353365,129
16,27,353365,130
16,27,353365,131
16,27,353365,132
16,27,353365,133
16,27,353365,134
16,27,353365,135
16,27,353365,136
16,27,353365,137
16,27,353365,138
16,27,353365,139
16,27,353365,140
16,27,353365,141
16,27,353365,142
16,27,353365,143
16,27,353365,144
16,27,353365,145
16,27,353365,146
16,27,353365,147
16,27,353365,148
16,27,353365,149
16,27,353365,150
16,27,353365,151
16,27,353365,152
16,27,353365,153
16,27,353365,154
16,27,353365,155
16,27,353365,156
16,27,353365,157
16,27,353365,158
16,27,353365,159
16,27,353365,160
16,27,353365,161
16,27,353365,162
16,27,353365,163
16,27,353365,164
16,27,353365,165
16,27,353365,166
16,27,353365,167
16,27,353365,168
16,27,353365,169
16,27,353365,170
16,27,353365,171
16,27,353365,172
16,27,353365,173
16,27,353365,174
16,27,353365,175
16,27,353365,176
16,27,353365,177
16,27,353365,178
16,27,353365,179
16,27,353365,180
16,27,353365,181
16,27,353365,182
16,27,353365,183
16,27,353365,184
16,27,353365,185
16,27,353365,186
16,27,353365,187
16,27,353365,188
16,27,353365,189
16,27,353365,190
16,27,353365,191
16,27,353365,192
16,27,353365,193
16,27,353365,194
16,27,353365,195
16,27,353365,196
16,27,353365,197
16,27,353365,198
16,27,353365,199
16,29,15625,0
16,29,15625,1
16,29,15625,2
16,29,15625,3
16,29,15625,4
16,29,15625,5
16,29,15625,6
16,29,15625,7
16,29,15625,8
16,29,15625,9
16,29,15625,10
16,29,15625,11
16,29,15625,12
16,29,15625,13
16,29,15625,14
16,29,15625,15
16,29,15625,16
16,29,15625,17
16,29,15625,18
16,29,15625,19
16,29,15625,20
16,29,15625,21
16,29,15625,22
16,29,15625,23
16,29,15625,24
16,29,15625,25
16,29,15625,26
16,29,15625,27
16,29,15625,28
16,29,15625,29
16,29,15625,30
16,29,15625,31
16,29,15625,32
16,29,15625,33
16,29,15625,34
16,29,15625,35
16,29,15625,36
16,29,15625,37
16,29,15625,38
16,29,15625,39
16,29,15625,40
16,29,15625,41
16,29,15625,42
16,29,15625,43
16,29,15625,44
16,29,15625,45
16,29,15625,46
16,29,15625,47
16,29,15625,48
16,29,15625,49
16,29,15625,50
16,29,15625,51
16,29,15625,52
16,29,15625,53
16,29,15625,54
16,29,15625,55
16,29,15625,56
16,29,15625,57
16,29,15625,58
16,29,15625,59
16,29,15625,60
16,29,15625,61
16,29,15625,62
16,29,15625,63
16,29,15625,64
16,29,15625,65
16,29,15625,66
16,29,15625,67
16,29,15625,68
16,29,15625,69
16,29,15625,70
16,29,15625,71
16,29,15625,72
16,29,15625,73
16,29,15625,74
16,29,15625,75
16,29,15625,76
16,29,15625,77
16,29,15625,78
16,29,15625,79
16,29,15625,80
16,29,15625,81
16,29,15625,82
16,29,15625,83
16,29,15625,84
16,29,15625,85
16,29,15625,86
16,29,15625,87
16,29,15625,88
16,29,15625,89
16,29,15625,90
16,29,15625,91
16,29,15625,92
16,29,15625,93
16,29,15625,94
16,29,15625,95
16,29,15625,96
16,29,15625,97
16,29,15625,98
16,29,15625,99
16,29,15625,100
16,29,15625,101
16,29,15625,102
16,29,15625,103
16,29,15625,104
16,29,15625,105
16,29,15625,106
16,29,15625,107
16,29,15625,108
16,29,15625,109
16,29,15625,110
16,29,15625,111
16,29,15625,112
16,29,15625,113
16,29,15625,114
16,29,15625,115
16,29,15625,116
16,29,15625,117
16,29,15625,118
16,29,15625,119
16,29,15625,120
16,29,15625,121
16,29,15625,122
16,29,15625,123
16,29,15625,124
16,29,15625,125
16,29,15625,126
16,29,15625,127
16,29,15625,128
16,29,15625,129
16,29,15625,130
16,29,15625,131
16,29,15625,132
16,29,15625,133
16,29,15625,134
16,29,15625,135
16,29,15625,136
16,29,15625,137
16,29,15625,138
16,29,15625,139
16,29,15625,140
16,29,15625,141
16,29,15625,142
16,29,15625,143
16,29,15625,144
16,29,15625,145
16,29,15625,146
16,29,15625,147
16,29,15625,148
16,29,15625,149
16,29,15625,150
16,29,15625,151
16,29,15625,152
16,29,15625,153
16,29,15625,154
16,29,15625,155
16,29,15625,156
16,29,15625,157
16,29,15625,158
16,29,15625,159
16,29,15625,160
16,29,15625,161
16,29,15625,162
16,29,15625,163
16,29,15625,164
16,29,15625,165
16,29,15625,166
16,29,15625,167
16,29,15625,168
16,29,15625,169
16,29,15625,170
16,29,15625,171
16,29,15625,172
16,29,15625,173
16,29,15625,174
16,29,15625,175
16,29,15625,176
16,29,15625,177
16,29,15625,178
16,29,15625,179
16,29,15625,180
16,29,15625,181
16,29,15625,182
16,29,15625,183
16,29,15625,184
16,29,15625,185
16,29,15625,186
16,29,15625,187
16,29,15625,188
16,29,15625,189
16,29,15625,190
16,29,15625,191
16,29,15625,192
16,29,15625,193
16,29,15625,194
16,29,15625,195
16,29,15625,196
16,29,15625,197
16,29,15625,198
16,29,15625,199
14,0,129110,0
14,0,129110,1
14,0,129110,2
14,0,129110,3
14,0,129110,4
14,0,129110,5
14,0,129110,6
14,0,129110,7
14,0,129110,8
14,0,129110,9
14,0,129110,10
14,0,129110,11
14,0,129110,12
14,0,129110,13
14,0,129110,14
14,0,129110,15
14,0,129110,16
14,0,129110,17
14,0,129110,18
14,0,129110,19
14,0,129110,20
14,0,129110,21
14,0,129110,22
14,0,129110,23
14,0,129110,24
14,0,129110,25
14,0,129110,26
14,0,129110,27
14,0,129110,28
14,0,129110,29
14,0,129110,30
14,0,129110,31
14,0,129110,32
14,0,129110,33
14,0,129110,34
14,0,129110,35
14,0,129110,36
14,0,129110,37
14,0,129110,38
14,0,129110,39
14,0,129110,40
14,0,129110,41
14,0,129110,42
14,0,129110,43
14,0,129110,44
14,0,129110,45
14,0,129110,46
14,0,129110,47
14,0,129110,48
14,0,129110,49
14,0,129110,50
14,0,129110,51
14,0,129110,52
14,0,129110,53
14,0,129110,54
14,0,129110,55
14,0,129110,56
14,0,129110,57
14,0,129110,58
14,0,129110,59
14,0,129110,60
14,0,129110,61
14,0,129110,62
14,0,129110,63
14,0,129110,64
14,0,129110,65
14,0,129110,66
14,0,129110,67
14,0,129110,68
14,0,129110,69
14,0,129110,70
14,0,129110,71
14,0,129110,72
14,0,129110,73
14,0,129110,74
14,0,129110,75
14,0,129110,76
14,0,129110,77
14,0,129110,78
14,0,129110,79
14,0,129110,80
14,0,129110,81
14,0,129110,82
14,0,129110,83
14,0,129110,84
14,0,129110,85
14,0,129110,86
14,0,129110,87
14,0,129110,88
14,0,129110,89
14,0,129110,90
14,0,129110,91
14,0,129110,92
14,0,129110,93
14,0,129110,94
14,0,129110,95
14,0,129110,96
14,0,129110,97
14,0,129110,98
14,0,129110,99
14,0,129110,100
14,0,129110,101
14,0,129110,102
14,0,129110,103
14,0,129110,104
14,0,129110,105
14,0,129110,106
14,0,129110,107
14,0,129110,108
14,0,129110,109
14,0,129110,110
14,0,129110,111
14,0,129110,112
14,0,129110,113
14,0,129110,114
14,0,129110,115
14,0,129110,116
14,0,129110,117
14,0,129110,118
14,0,129110,119
14,0,129110,120
14,0,129110,121
14,0,129110,122
14,0,129110,123
14,0,129110,124
14,0,129110,125
14,0,129110,126
14,0,129110,127
14,0,129110,128
14,0,129110,129
14,0,129110,130
14,0,129110,131
14,0,129110,132
14,0,129110,133
14,0,129110,134
14,0,129110,135
14,0,129110,136
14,0,129110,137
14,0,129110,138
14,0,129110,139
14,0,129110,140
14,0,129110,141
14,0,129110,142
14,0,129110,143
14,0,129110,144
14,0,129110,145
14,0,129110,146
14,0,129110,147
14,0,129110,148
14,0,129110,149
14,0,129110,150
14,0,129110,151
14,0,129110,152
14,0,129110,153
14,0,129110,154
14,0,129110,155
14,0,129110,156
14,0,129110,157
14,0,129110,158
14,0,129110,159
14,0,129110,160
14,0,129110,161
14,0,129110,162
14,0,129110,163
14,0,129110,164
14,0,129110,165
14,0,129110,166
14,0,129110,167
14,0,129110,168
14,0,129110,169
14,0,129110,170
14,0,129110,171
14,0,129110,172
14,0,129110,173
14,0,129110,174
14,0,129110,175
14,0,129110,176
14,0,129110,177
14,0,129110,178
14,0,129110,179
14,0,129110,180
14,0,129110,181
14,0,129110,182
14,0,129110,183
14,0,129110,184
14,0,129110,185
14,0,129110,186
14,0,129110,187
14,0,129110,188
14,0,129110,189
14,0,129110,190
14,0,129110,191
14,0,129110,192
14,0,129110,193
14,0,129110,194
14,0,129110,195
14,0,129110,196
14,0,129110,197
14,0,129110,198
14,0,129110,199
14,26,112870,0
14,26,112870,1
14,26,112870,2
14,26,112870,3
14,26,112870,4
14,26,112870,5
14,26,112870,6
14,26,112870,7
14,26,112870,8
14,26,112870,9
14,26,112870,10
14,26,112870,11
14,26,112870,12
14,26,112870,13
14,26,112870,14
14,26,112870,15
14,26,112870,16
14,26,112870,17
14,26,112870,18
14,26,112870,19
14,26,112870,20
14,26,112870,21
14,26,112870,22
14,26,112870,23
14,26,112870,24
14,26,112870,25
14,26,112870,26
14,26,112870,27
14,26,112870,28
14,26,112870,29
14,26,112870,30
14,26,112870,31
14,26,112870,32
14,26,112870,33
14,26,112870,34
14,26,112870,35
14,26,112870,36
14,26,112870,37
14,26,112870,38
14,26,112870,39
14,26,112870,40
14,26,112870,41
14,26,112870,42
14,26,112870,43
14,26,112870,44
14,26,112870,45
14,26,112870,46
14,26,112870,47
14,26,112870,48
14,26,112870,49
14,26,112870,50
14,26,112870,51
14,26,112870,52
14,26,112870,53
14,26,112870,54
14,26,112870,55
14,26,112870,56
14,26,112870,57
14,26,112870,58
14,26,112870,59
14,26,112870,60
14,26,112870,61
14,26,112870,62
14,26,112870,63
14,26,112870,64
14,26,112870,65
14,26,112870,66
14,26,112870,67
14,26,112870,68
14,26,112870,69
14,26,112870,70
14,26,112870,71
14,26,112870,72
14,26,112870,73
14,26,112870,74
14,26,112870,75
14,26,112870,76
14,26,112870,77
14,26,112870,78
14,26,112870,79
14,26,112870,80
14,26,112870,81
14,26,112870,82
14,26,112870,83
14,26,112870,84
14,26,112870,85
14,26,112870,86
14,26,112870,87
14,26,112870,88
14,26,112870,89
14,26,112870,90
14,26,112870,91
14,26,112870,92
14,26,112870,93
14,26,112870,94
14,26,112870,95
14,26,112870,96
14,26,112870,97
14,26,112870,98
14,26,112870,99
14,26,112870,100
14,26,112870,101
14,26,112870,102
14,26,112870,103
14,26,112870,104
14,26,112870,105
14,26,112870,106
14,26,112870,107
14,26,112870,108
14,26,112870,109
14,26,112870,110
14,26,112870,111
14,26,112870,112
14,26,112870,113
14,26,112870,114
14,26,112870,115
14,26,112870,116
14,26,112870,117
14,26,112870,118
14,26,112870,119
14,26,112870,120
14,26,112870,121
14,26,112870,122
14,26,112870,123
14,26,112870,124
14,26,112870,125
14,26,112870,126
14,26,112870,127
14,26,112870,128
14,26,112870,129
14,26,112870,130
14,26,112870,131
14,26,112870,132
14,26,112870,133
14,26,112870,134
14,26,112870,135
14,26,112870,136
14,26,112870,137
14,26,112870,138
14,26,112870,139
14,26,112870,140
14,26,112870,141
14,26,112870,142
14,26,112870,143
14,26,112870,144
14,26,112870,145
14,26,112870,146
14,26,112870,147
14,26,112870,148
14,26,112870,149
14,26,112870,150
14,26,112870,151
14,26,112870,152
14,26,112870,153
14,26,112870,154
14,26,112870,155
14,26,112870,156
14,26,112870,157
14,26,112870,158
14,26,112870,159
14,26,112870,160
14,26,112870,161
14,26,112870,162
14,26,112870,163
14,26,112870,164
14,26,112870,165
14,26,112870,166
14,26,112870,167
14,26,112870,168
14,26,112870,169
14,26,112870,170
14,26,112870,171
14,26,112870,172
14,26,112870,173
14,26,112870,174
14,26,112870,175
14,26,112870,176
14,26,112870,177
14,26,112870,178
14,26,112870,179
14,26,112870,180
14,26,112870,181
14,26,112870,182
14,26,112870,183
14,26,112870,184
14,26,112870,185
14,26,112870,186
14,26,112870,187
14,26,112870,188
14,26,112870,189
14,26,112870,190
14,26,112870,191
14,26,112870,192
14,26,112870,193
14,26,112870,194
14,26,112870,195
14,26,112870,196
14,26,112870,197
14,26,112870,198
14,26,112870,199
14,1,328670,0
14,1,328670,1
14,1,328670,2
14,1,328670,3
14,1,328670,4
14,1,328670,5
14,1,328670,6
14,1,328670,7
14,1,328670,8
14,1,328670,9
14,1,328670,10
14,1,328670,11
14,1,328670,12
14,1,328670,13
14,1,328670,14
14,1,328670,15
14,1,328670,16
14,1,328670,17
14,1,328670,18
14,1,328670,19
14,1,328670,20
14,1,328670,21
14,1,328670,22
14,1,328670,23
14,1,328670,24
14,1,328670,25
14,1,328670,26
14,1,328670,27
14,1,328670,28
14,1,328670,29
14,1,328670,30
14,1,328670,31
14,1,328670,32
14,1,328670,33
14,1,328670,34
14,1,328670,35
14,1,328670,36
14,1,328670,37
14,1,328670,38
14,1,328670,39
14,1,328670,40
14,1,328670,41
14,1,328670,42
14,1,328670,43
14,1,328670,44
14,1,328670,45
14,1,328670,46
14,1,328670,47
14,1,328670,48
14,1,328670,49
14,1,328670,50
14,1,328670,51
14,1,328670,52
14,1,328670,53
14,1,328670,54
14,1,328670,55
14,1,328670,56
14,1,328670,57
14,1,328670,58
14,1,328670,59
14,1,328670,60
14,1,328670,61
14,1,328670,62
14,1,328670,63
14,1,328670,64
14,1,328670,65
14,1,328670,66
14,1,328670,67
14,1,328670,68
14,1,328670,69
14,1,328670,70
14,1,328670,71
14,1,328670,72
14,1,328670,73
14,1,328670,74
14,1,328670,75
14,1,328670,76
14,1,328670,77
14,1,328670,78
14,1,328670,79
14,1,328670,80
14,1,328670,81
14,1,328670,82
14,1,328670,83
14,1,328670,84
14,1,328670,85
14,1,328670,86
14,1,328670,87
14,1,328670,88
14,1,328670,89
14,1,328670,90
14,1,328670,91
14,1,328670,92
14,1,328670,93
14,1,328670,94
14,1,328670,95
14,1,328670,96
14,1,328670,97
14,1,328670,98
14,1,328670,99
14,1,328670,100
14,1,328670,101
14,1,328670,102
14,1,328670,103
14,1,328670,104
14,1,328670,105
14,1,328670,106
14,1,328670,107
14,1,328670,108
14,1,328670,109
14,1,328670,110
14,1,328670,111
14,1,328670,112
14,1,328670,113
14,1,328670,114
14,1,328670,115
14,1,328670,116
14,1,328670,117
14,1,328670,118
14,1,328670,119
14,1,328670,120
14,1,328670,121
14,1,328670,122
14,1,328670,123
14,1,328670,124
14,1,328670,125
14,1,328670,126
14,1,328670,127
14,1,328670,128
14,1,328670,129
14,1,328670,130
14,1,328670,131
14,1,328670,132
14,1,328670,133
14,1,328670,134
14,1,328670,135
14,1,328670,136
14,1,328670,137
14,1,328670,138
14,1,328670,139
14,1,328670,140
14,1,328670,141
14,1,328670,142
14,1,328670,143
14,1,328670,144
14,1,328670,145
14,1,328670,146
14,1,328670,147
14,1,328670,148
14,1,328670,149
14,1,328670,150
14,1,328670,151
14,1,328670,152
14,1,328670,153
14,1,328670,154
14,1,328670,155
14,1,328670,156
14,1,328670,157
14,1,328670,158
14,1,328670,159
14,1,328670,160
14,1,328670,161
14,1,328670,162
14,1,328670,163
14,1,328670,164
14,1,328670,165
14,1,328670,166
14,1,328670,167
14,1,328670,168
14,1,328670,169
14,1,328670,170
14,1,328670,171
14,1,328670,172
14,1,328670,173
14,1,328670,174
14,1,328670,175
14,1,328670,176
14,1,328670,177
14,1,328670,178
14,1,328670,179
14,1,328670,180
14,1,328670,181
14,1,328670,182
14,1,328670,183
14,1,328670,184
14,1,328670,185
14,1,328670,186
14,1,328670,187
14,1,328670,188
14,1,328670,189
14,1,328670,190
14,1,328670,191
14,1,328670,192
14,1,328670,193
14,1,328670,194
14,1,328670,195
14,1,328670,196
14,1,328670,197
14,1,328670,198
14,1,328670,199
14,19,131890,0
14,19,131890,1
14,19,131890,2
14,19,131890,3
14,19,131890,4
14,19,131890,5
14,19,131890,6
14,19,131890,7
14,19,131890,8
14,19,131890,9
14,19,131890,10
14,19,131890,11
14,19,131890,12
14,19,131890,13
14,19,131890,14
14,19,131890,15
14,19,131890,16
14,19,131890,17
14,19,131890,18
14,19,131890,19
14,19,131890,20
14,19,131890,21
14,19,131890,22
14,19,131890,23
14,19,131890,24
14,19,131890,25
14,19,131890,26
14,19,131890,27
14,19,131890,28
14,19,131890,29
14,19,131890,30
14,19,131890,31
14,19,131890,32
14,19,131890,33
14,19,131890,34
14,19,131890,35
14,19,131890,36
14,19,131890,37
14,19,131890,38
14,19,131890,39
14,19,131890,40
14,19,131890,41
14,19,131890,42
14,19,131890,43
14,19,131890,44
14,19,131890,45
14,19,131890,46
14,19,131890,47
14,19,131890,48
14,19,131890,49
14,19,131890,50
14,19,131890,51
14,19,131890,52
14,19,131890,53
14,19,131890,54
14,19,131890,55
14,19,131890,56
14,19,131890,57
14,19,131890,58
14,19,131890,59
14,19,131890,60
14,19,131890,61
14,19,131890,62
14,19,131890,63
14,19,131890,64
14,19,131890,65
14,19,131890,66
14,19,131890,67
14,19,131890,68
14,19,131890,69
14,19,131890,70
14,19,131890,71
14,19,131890,72
14,19,131890,73
14,19,131890,74
14,19,131890,75
14,19,131890,76
14,19,131890,77
14,19,131890,78
14,19,131890,79
14,19,131890,80
14,19,131890,81
14,19,131890,82
14,19,131890,83
14,19,131890,84
14,19,131890,85
14,19,131890,86
14,19,131890,87
14,19,131890,88
14,19,131890,89
14,19,131890,90
14,19,131890,91
14,19,131890,92
14,19,131890,93
14,19,131890,94
14,19,131890,95
14,19,131890,96
14,19,131890,97
14,19,131890,98
14,19,131890,99
14,19,131890,100
14,19,131890,101
14,19,131890,102
14,19,131890,103
14,19,131890,104
14,19,131890,105
14,19,131890,106
14,19,131890,107
14,19,131890,108
14,19,131890,109
14,19,131890,110
14,19,131890,111
14,19,131890,112
14,19,131890,113
14,19,131890,114
14,19,131890,115
14,19,131890,116
14,19,131890,117
14,19,131890,118
14,19,131890,119
14,19,131890,120
14,19,131890,121
14,19,131890,122
14,19,131890,123
14,19,131890,124
14,19,131890,125
14,19,131890,126
14,19,131890,127
14,19,131890,128
14,19,131890,129
14,19,131890,130
14,19,131890,131
14,19,131890,132
14,19,131890,133
14,19,131890,134
14,19,131890,135
14,19,131890,136
14,19,131890,137
14,19,131890,138
14,19,131890,139
14,19,131890,140
14,19,131890,141
14,19,131890,142
14,19,131890,143
14,19,131890,144
14,19,131890,145
14,19,131890,146
14,19,131890,147
14,19,131890,148
14,19,131890,149
14,19,131890,150
14,19,131890,151
14,19,131890,152
14,19,131890,153
14,19,131890,154
14,19,131890,155
14,19,131890,156
14,19,131890,157
14,19,131890,158
14,19,131890,159
14,19,131890,160
14,19,131890,161
14,19,131890,162
14,19,131890,163
14,19,131890,164
14,19,131890,165
14,19,131890,166
14,19,131890,167
14,19,131890,168
14,19,131890,169
14,19,131890,170
14,19,131890,171
14,19,131890,172
14,19,131890,173
14,19,131890,174
14,19,131890,175
14,19,131890,176
14,19,131890,177
14,19,131890,178
14,19,131890,179
14,19,131890,180
14,19,131890,181
14,19,131890,182
14,19,131890,183
14,19,131890,184
14,19,131890,185
14,19,131890,186
14,19,131890,187
14,19,131890,188
14,19,131890,189
14,19,131890,190
14,19,131890,191
14,19,131890,192
14,19,131890,193
14,19,131890,194
14,19,131890,195
14,19,131890,196
14,19,131890,197
14,19,131890,198
14,19,131890,199
14,17,102180,0
14,17,102180,1
14,17,102180,2
14,17,102180,3
14,17,102180,4
14,17,102180,5
14,17,102180,6
14,17,102180,7
14,17,102180,8
14,17,102180,9
14,17,102180,10
14,17,102180,11
14,17,102180,12
14,17,102180,13
14,17,102180,14
14,17,102180,15
14,17,102180,16
14,17,102180,17
14,17,102180,18
14,17,102180,19
14,17,102180,20
14,17,102180,21
14,17,102180,22
14,17,102180,23
14,17,102180,24
14,17,102180,25
14,17,102180,26
14,17,102180,27
14,17,102180,28
14,17,102180,29
14,17,102180,30
14,17,102180,31
14,17,102180,32
14,17,102180,33
14,17,102180,34
14,17,102180,35
14,17,102180,36
14,17,102180,37
14,17,102180,38
14,17,102180,39
14,17,102180,40
14,17,102180,41
14,17,102180,42
14,17,102180,43
14,17,102180,44
14,17,102180,45
14,17,102180,46
14,17,102180,47
14,17,102180,48
14,17,102180,49
14,17,102180,50
14,17,102180,51
14,17,102180,52
14,17,102180,53
14,17,102180,54
14,17,102180,55
14,17,102180,56
14,17,102180,57
14,17,102180,58
14,17,102180,59
14,17,102180,60
14,17,102180,61
14,17,102180,62
14,17,102180,63
14,17,102180,64
14,17,102180,65
14,17,102180,66
14,17,102180,67
14,17,102180,68
14,17,102180,69
14,17,102180,70
14,17,102180,71
14,17,102180,72
14,17,102180,73
14,17,102180,74
14,17,102180,75
14,17,102180,76
14,17,102180,77
14,17,102180,78
14,17,102180,79
14,17,102180,80
14,17,102180,81
14,17,102180,82
14,17,102180,83
14,17,102180,84
14,17,102180,85
14,17,102180,86
14,17,102180,87
14,17,102180,88
14,17,102180,89
14,17,102180,90
14,17,102180,91
14,17,102180,92
14,17,102180,93
14,17,102180,94
14,17,102180,95
14,17,102180,96
14,17,102180,97
14,17,102180,98
14,17,102180,99
14,17,102180,100
14,17,102180,101
14,17,102180,102
14,17,102180,103
14,17,102180,104
14,17,102180,105
14,17,102180,106
14,17,102180,107
14,17,102180,108
14,17,102180,109
14,17,102180,110
14,17,102180,111
14,17,102180,112
14,17,102180,113
14,17,102180,114
14,17,102180,115
14,17,102180,116
14,17,102180,117
14,17,102180,118
14,17,102180,119
14,17,102180,120
14,17,102180,121
14,17,102180,122
14,17,102180,123
14,17,102180,124
14,17,102180,125
14,17,102180,126
14,17,102180,127
14,17,102180,128
14,17,102180,129
14,17,102180,130
14,17,102180,131
14,17,102180,132
14,17,102180,133
14,17,102180,134
14,17,102180,135
14,17,102180,136
14,17,102180,137
14,17,102180,138
14,17,102180,139
14,17,102180,140
14,17,102180,141
14,17,102180,142
14,17,102180,143
14,17,102180,144
14,17,102180,145
14,17,102180,146
14,17,102180,147
14,17,102180,148
14,17,102180,149
14,17,102180,150
14,17,102180,151
14,17,102180,152
14,17,102180,153
14,17,102180,154
14,17,102180,155
14,17,102180,156
14,17,102180,157
14,17,102180,158
14,17,102180,159
14,17,102180,160
14,17,102180,161
14,17,102180,162
14,17,102180,163
14,17,102180,164
14,17,102180,165
14,17,102180,166
14,17,102180,167
14,17,102180,168
14,17,102180,169
14,17,102180,170
14,17,102180,171
14,17,102180,172
14,17,102180,173
14,17,102180,174
14,17,102180,175
14,17,102180,176
14,17,102180,177
14,17,102180,178
14,17,102180,179
14,17,102180,180
14,17,102180,181
14,17,102180,182
14,17,102180,183
14,17,102180,184
14,17,102180,185
14,17,102180,186
14,17,102180,187
14,17,102180,188
14,17,102180,189
14,17,102180,190
14,17,102180,191
14,17,102180,192
14,17,102180,193
14,17,102180,194
14,17,102180,195
14,17,102180,196
14,17,102180,197
14,17,102180,198
14,17,102180,199
14,3,16695,0
14,3,16695,1
14,3,16695,2
14,3,16695,3
14,3,16695,4
14,3,16695,5
14,3,16695,6
14,3,16695,7
14,3,16695,8
14,3,16695,9
14,3,16695,10
14,3,16695,11
14,3,16695,12
14,3,16695,13
14,3,16695,14
14,3,16695,15
14,3,16695,16
14,3,16695,17
14,3,16695,18
14,3,16695,19
14,3,16695,20
14,3,16695,21
14,3,16695,22
14,3,16695,23
14,3,16695,24
14,3,16695,25
14,3,16695,26
14,3,16695,27
14,3,16695,28
14,3,16695,29
14,3,16695,30
14,3,16695,31
14,3,16695,32
14,3,16695,33
14,3,16695,34
14,3,16695,35
14,3,16695,36
14,3,16695,37
14,3,16695,38
14,3,16695,39
14,3,16695,40
14,3,16695,41
14,3,16695,42
14,3,16695,43
14,3,16695,44
14,3,16695,45
14,3,16695,46
14,3,16695,47
14,3,16695,48
14,3,16695,49
14,3,16695,50
14,3,16695,51
14,3,16695,52
14,3,16695,53
14,3,16695,54
14,3,16695,55
14,3,16695,56
14,3,16695,57
14,3,16695,58
14,3,16695,59
14,3,16695,60
14,3,16695,61
14,3,16695,62
14,3,16695,63
14,3,16695,64
14,3,16695,65
14,3,16695,66
14,3,16695,67
14,3,16695,68
14,3,16695,69
14,3,16695,70
14,3,16695,71
14,3,16695,72
14,3,16695,73
14,3,16695,74
14,3,16695,75
14,3,16695,76
14,3,16695,77
14,3,16695,78
14,3,16695,79
14,3,16695,80
14,3,16695,81
14,3,16695,82
14,3,16695,83
14,3,16695,84
14,3,16695,85
14,3,16695,86
14,3,16695,87
14,3,16695,88
14,3,16695,89
14,3,16695,90
14,3,16695,91
14,3,16695,92
14,3,16695,93
14,3,16695,94
14,3,16695,95
14,3,16695,96
14,3,16695,97
14,3,16695,98
14,3,16695,99
14,3,16695,100
14,3,16695,101
14,3,16695,102
14,3,16695,103
14,3,16695,104
14,3,16695,105
14,3,16695,106
14,3,16695,107
14,3,16695,108
14,3,16695,109
14,3,16695,110
14,3,16695,111
14,3,16695,112
14,3,16695,113
14,3,16695,114
14,3,16695,115
14,3,16695,116
14,3,16695,117
14,3,16695,118
14,3,16695,119
14,3,16695,120
14,3,16695,121
14,3,16695,122
14,3,16695,123
14,3,16695,124
14,3,16695,125
14,3,16695,126
14,3,16695,127
14,3,16695,128
14,3,16695,129
14,3,16695,130
14,3,16695,131
14,3,16695,132
14,3,16695,133
14,3,16695,134
14,3,16695,135
14,3,16695,136
14,3,16695,137
14,3,16695,138
14,3,16695,139
14,3,16695,140
14,3,16695,141
14,3,16695,142
14,3,16695,143
14,3,16695,144
14,3,16695,145
14,3,16695,146
14,3,16695,147
14,3,16695,148
14,3,16695,149
14,3,16695,150
14,3,16695,151
14,3,16695,152
14,3,16695,153
14,3,16695,154
14,3,16695,155
14,3,16695,156
14,3,16695,157
14,3,16695,158
14,3,16695,159
14,3,16695,160
14,3,16695,161
14,3,16695,162
14,3,16695,163
14,3,16695,164
14,3,16695,165
14,3,16695,166
14,3,16695,167
14,3,16695,168
14,3,16695,169
14,3,16695,170
14,3,16695,171
14,3,16695,172
14,3,16695,173
14,3,16695,174
14,3,16695,175
14,3,16695,176
14,3,16695,177
14,3,16695,178
14,3,16695,179
14,3,16695,180
14,3,16695,181
14,3,16695,182
14,3,16695,183
14,3,16695,184
14,3,16695,185
14,3,16695,186
14,3,16695,187
14,3,16695,188
14,3,16695,189
14,3,16695,190
14,3,16695,191
14,3,16695,192
14,3,16695,193
14,3,16695,194
14,3,16695,195
14,3,16695,196
14,3,16695,197
14,3,16695,198
14,3,16695,199
14,5,534110,0
14,5,534110,1
14,5,534110,2
14,5,534110,3
14,5,534110,4
14,5,534110,5
14,5,534110,6
14,5,534110,7
14,5,534110,8
14,5,534110,9
14,5,534110,10
14,5,534110,11
14,5,534110,12
14,5,534110,13
14,5,534110,14
14,5,534110,15
14,5,534110,16
14,5,534110,17
14,5,534110,18
14,5,534110,19
14,5,534110,20
14,5,534110,21
14,5,534110,22
14,5,534110,23
14,5,534110,24
14,5,534110,25
14,5,534110,26
14,5,534110,27
14,5,534110,28
14,5,534110,29
14,5,534110,30
14,5,534110,31
14,5,534110,32
14,5,534110,33
14,5,534110,34
14,5,534110,35
14,5,534110,36
14,5,534110,37
14,5,534110,38
14,5,534110,39
14,5,534110,40
14,5,534110,41
14,5,534110,42
14,5,534110,43
14,5,534110,44
14,5,534110,45
14,5,534110,46
14,5,534110,47
14,5,534110,48
14,5,534110,49
14,5,534110,50
14,5,534110,51
14,5,534110,52
14,5,534110,53
14,5,534110,54
14,5,534110,55
14,5,534110,56
14,5,534110,57
14,5,534110,58
14,5,534110,59
14,5,534110,60
14,5,534110,61
14,5,534110,62
14,5,534110,63
14,5,534110,64
14,5,534110,65
14,5,534110,66
14,5,534110,67
14,5,534110,68
14,5,534110,69
14,5,534110,70
14,5,534110,71
14,5,534110,72
14,5,534110,73
14,5,534110,74
14,5,534110,75
14,5,534110,76
14,5,534110,77
14,5,534110,78
14,5,534110,79
14,5,534110,80
14,5,534110,81
14,5,534110,82
14,5,534110,83
14,5,534110,84
14,5,534110,85
14,5,534110,86
14,5,534110,87
14,5,534110,88
14,5,534110,89
14,5,534110,90
14,5,534110,91
14,5,534110,92
14,5,534110,93
14,5,534110,94
14,5,534110,95
14,5,534110,96
14,5,534110,97
14,5,534110,98
14,5,534110,99
14,5,534110,100
14,5,534110,101
14,5,534110,102
14,5,534110,103
14,5,534110,104
14,5,534110,105
14,5,534110,106
14,5,534110,107
14,5,534110,108
14,5,534110,109
14,5,534110,110
14,5,534110,111
14,5,534110,112
14,5,534110,113
14,5,534110,114
14,5,534110,115
14,5,534110,116
14,5,534110,117
14,5,534110,118
14,5,534110,119
14,5,534110,120
14,5,534110,121
14,5,534110,122
14,5,534110,123
14,5,534110,124
14,5,534110,125
14,5,534110,126
14,5,534110,127
14,5,534110,128
14,5,534110,129
14,5,534110,130
14,5,534110,131
14,5,534110,132
14,5,534110,133
14,5,534110,134
14,5,534110,135
14,5,534110,136
14,5,534110,137
14,5,534110,138
14,5,534110,139
14,5,534110,140
14,5,534110,141
14,5,534110,142
14,5,534110,143
14,5,534110,144
14,5,534110,145
14,5,534110,146
14,5,534110,147
14,5,534110,148
14,5,534110,149
14,5,534110,150
14,5,534110,151
14,5,534110,152
14,5,534110,153
14,5,534110,154
14,5,534110,155
14,5,534110,156
14,5,534110,157
14,5,534110,158
14,5,534110,159
14,5,534110,160
14,5,534110,161
14,5,534110,162
14,5,534110,163
14,5,534110,164
14,5,534110,165
14,5,534110,166
14,5,534110,167
14,5,534110,168
14,5,534110,169
14,5,534110,170
14,5,534110,171
14,5,534110,172
14,5,534110,173
14,5,534110,174
14,5,534110,175
14,5,534110,176
14,5,534110,177
14,5,534110,178
14,5,534110,179
14,5,534110,180
14,5,534110,181
14,5,534110,182
14,5,534110,183
14,5,534110,184
14,5,534110,185
14,5,534110,186
14,5,534110,187
14,5,534110,188
14,5,534110,189
14,5,534110,190
14,5,534110,191
14,5,534110,192
14,5,534110,193
14,5,534110,194
14,5,534110,195
14,5,534110,196
14,5,534110,197
14,5,534110,198
14,5,534110,199
14,8,43355,0
14,8,43355,1
14,8,43355,2
14,8,43355,3
14,8,43355,4
14,8,43355,5
14,8,43355,6
14,8,43355,7
14,8,43355,8
14,8,43355,9
14,8,43355,10
14,8,43355,11
14,8,43355,12
14,8,43355,13
14,8,43355,14
14,8,43355,15
14,8,43355,16
14,8,43355,17
14,8,43355,18
14,8,43355,19
14,8,43355,20
14,8,43355,21
14,8,43355,22
14,8,43355,23
14,8,43355,24
14,8,43355,25
14,8,43355,26
14,8,43355,27
14,8,43355,28
14,8,43355,29
14,8,43355,30
14,8,43355,31
14,8,43355,32
14,8,43355,33
14,8,43355,34
14,8,43355,35
14,8,43355,36
14,8,43355,37
14,8,43355,38
14,8,43355,39
14,8,43355,40
14,8,43355,41
14,8,43355,42
14,8,43355,43
14,8,43355,44
14,8,43355,45
14,8,43355,46
14,8,43355,47
14,8,43355,48
14,8,43355,49
14,8,43355,50
14,8,43355,51
14,8,43355,52
14,8,43355,53
14,8,43355,54
14,8,43355,55
14,8,43355,56
14,8,43355,57
14,8,43355,58
14,8,43355,59
14,8,43355,60
14,8,43355,61
14,8,43355,62
14,8,43355,63
14,8,43355,64
14,8,43355,65
14,8,43355,66
14,8,43355,67
14,8,43355,68
14,8,43355,69
14,8,43355,70
14,8,43355,71
14,8,43355,72
14,8,43355,73
14,8,43355,74
14,8,43355,75
14,8,43355,76
14,8,43355,77
14,8,43355,78
14,8,43355,79
14,8,43355,80
14,8,43355,81
14,8,43355,82
14,8,43355,83
14,8,43355,84
14,8,43355,85
14,8,43355,86
14,8,43355,87
14,8,43355,88
14,8,43355,89
14,8,43355,90
14,8,43355,91
14,8,43355,92
14,8,43355,93
14,8,43355,94
14,8,43355,95
14,8,43355,96
14,8,43355,97
14,8,43355,98
14,8,43355,99
14,8,43355,100
14,8,43355,101
14,8,43355,102
14,8,43355,103
14,8,43355,104
14,8,43355,105
14,8,43355,106
14,8,43355,107
14,8,43355,108
14,8,43355,109
14,8,43355,110
14,8,43355,111
14,8,43355,112
14,8,43355,113
14,8,43355,114
14,8,43355,115
14,8,43355,116
14,8,43355,117
14,8,43355,118
14,8,43355,119
14,8,43355,120
14,8,43355,121
14,8,43355,122
14,8,43355,123
14,8,43355,124
14,8,43355,125
14,8,43355,126
14,8,43355,127
14,8,43355,128
14,8,43355,129
14,8,43355,130
14,8,43355,131
14,8,43355,132
14,8,43355,133
14,8,43355,134
14,8,43355,135
14,8,43355,136
14,8,43355,137
14,8,43355,138
14,8,43355,139
14,8,43355,140
14,8,43355,141
14,8,43355,142
14,8,43355,143
14,8,43355,144
14,8,43355,145
14,8,43355,146
14,8,43355,147
14,8,43355,148
14,8,43355,149
14,8,43355,150
14,8,43355,151
14,8,43355,152
14,8,43355,153
14,8,43355,154
14,8,43355,155
14,8,43355,156
14,8,43355,157
14,8,43355,158
14,8,43355,159
14,8,43355,160
14,8,43355,161
14,8,43355,162
14,8,43355,163
14,8,43355,164
14,8,43355,165
14,8,43355,166
14,8,43355,167
14,8,43355,168
14,8,43355,169
14,8,43355,170
14,8,43355,171
14,8,43355,172
14,8,43355,173
14,8,43355,174
14,8,43355,175
14,8,43355,176
14,8,43355,177
14,8,43355,178
14,8,43355,179
14,8,43355,180
14,8,43355,181
14,8,43355,182
14,8,43355,183
14,8,43355,184
14,8,43355,185
14,8,43355,186
14,8,43355,187
14,8,43355,188
14,8,43355,189
14,8,43355,190
14,8,43355,191
14,8,43355,192
14,8,43355,193
14,8,43355,194
14,8,43355,195
14,8,43355,196
14,8,43355,197
14,8,43355,198
14,8,43355,199
14,9,837610,0
14,9,837610,1
14,9,837610,2
14,9,837610,3
14,9,837610,4
14,9,837610,5
14,9,837610,6
14,9,837610,7
14,9,837610,8
14,9,837610,9
14,9,837610,10
14,9,837610,11
14,9,837610,12
14,9,837610,13
14,9,837610,14
14,9,837610,15
14,9,837610,16
14,9,837610,17
14,9,837610,18
14,9,837610,19
14,9,837610,20
14,9,837610,21
14,9,837610,22
14,9,837610,23
14,9,837610,24
14,9,837610,25
14,9,837610,26
14,9,837610,27
14,9,837610,28
14,9,837610,29
14,9,837610,30
14,9,837610,31
14,9,837610,32
14,9,837610,33
14,9,837610,34
14,9,837610,35
14,9,837610,36
14,9,837610,37
14,9,837610,38
14,9,837610,39
14,9,837610,40
14,9,837610,41
14,9,837610,42
14,9,837610,43
14,9,837610,44
14,9,837610,45
14,9,837610,46
14,9,837610,47
14,9,837610,48
14,9,837610,49
14,9,837610,50
14,9,837610,51
14,9,837610,52
14,9,837610,53
14,9,837610,54
14,9,837610,55
14,9,837610,56
14,9,837610,57
14,9,837610,58
14,9,837610,59
14,9,837610,60
14,9,837610,61
14,9,837610,62
14,9,837610,63
14,9,837610,64
14,9,837610,65
14,9,837610,66
14,9,837610,67
14,9,837610,68
14,9,837610,69
14,9,837610,70
14,9,837610,71
14,9,837610,72
14,9,837610,73
14,9,837610,74
14,9,837610,75
14,9,837610,76
14,9,837610,77
14,9,837610,78
14,9,837610,79
14,9,837610,80
14,9,837610,81
14,9,837610,82
14,9,837610,83
14,9,837610,84
14,9,837610,85
14,9,837610,86
14,9,837610,87
14,9,837610,88
14,9,837610,89
14,9,837610,90
14,9,837610,91
14,9,837610,92
14,9,837610,93
14,9,837610,94
14,9,837610,95
14,9,837610,96
14,9,837610,97
14,9,837610,98
14,9,837610,99
14,9,837610,100
14,9,837610,101
14,9,837610,102
14,9,837610,103
14,9,837610,104
14,9,837610,105
14,9,837610,106
14,9,837610,107
14,9,837610,108
14,9,837610,109
14,9,837610,110
14,9,837610,111
14,9,837610,112
14,9,837610,113
14,9,837610,114
14,9,837610,115
14,9,837610,116
14,9,837610,117
14,9,837610,118
14,9,837610,119
14,9,837610,120
14,9,837610,121
14,9,837610,122
14,9,837610,123
14,9,837610,124
14,9,837610,125
14,9,837610,126
14,9,837610,127
14,9,837610,128
14,9,837610,129
14,9,837610,130
14,9,837610,131
14,9,837610,132
14,9,837610,133
14,9,837610,134
14,9,837610,135
14,9,837610,136
14,9,837610,137
14,9,837610,138
14,9,837610,139
14,9,837610,140
14,9,837610,141
14,9,837610,142
14,9,837610,143
14,9,837610,144
14,9,837610,145
14,9,837610,146
14,9,837610,147
14,9,837610,148
14,9,837610,149
14,9,837610,150
14,9,837610,151
14,9,837610,152
14,9,837610,153
14,9,837610,154
14,9,837610,155
14,9,837610,156
14,9,837610,157
14,9,837610,158
14,9,837610,159
14,9,837610,160
14,9,837610,161
14,9,837610,162
14,9,837610,163
14,9,837610,164
14,9,837610,165
14,9,837610,166
14,9,837610,167
14,9,837610,168
14,9,837610,169
14,9,837610,170
14,9,837610,171
14,9,837610,172
14,9,837610,173
14,9,837610,174
14,9,837610,175
14,9,837610,176
14,9,837610,177
14,9,837610,178
14,9,837610,179
14,9,837610,180
14,9,837610,181
14,9,837610,182
14,9,837610,183
14,9,837610,184
14,9,837610,185
14,9,837610,186
14,9,837610,187
14,9,837610,188
14,9,837610,189
14,9,837610,190
14,9,837610,191
14,9,837610,192
14,9,837610,193
14,9,837610,194
14,9,837610,195
14,9,837610,196
14,9,837610,197
14,9,837610,198
14,9,837610,199
14,21,1874835,0
14,21,1874835,1
14,21,1874835,2
14,21,1874835,3
14,21,1874835,4
14,21,1874835,5
14,21,1874835,6
14,21,1874835,7
14,21,1874835,8
14,21,1874835,9
14,21,1874835,10
14,21,1874835,11
14,21,1874835,12
14,21,1874835,13
14,21,1874835,14
14,21,1874835,15
14,21,1874835,16
14,21,1874835,17
14,21,1874835,18
14,21,1874835,19
14,21,1874835,20
14,21,1874835,21
14,21,1874835,22
14,21,1874835,23
14,21,1874835,24
14,21,1874835,25
14,21,1874835,26
14,21,1874835,27
14,21,1874835,28
14,21,1874835,29
14,21,1874835,30
14,21,1874835,31
14,21,1874835,32
14,21,1874835,33
14,21,1874835,34
14,21,1874835,35
14,21,1874835,36
14,21,1874835,37
14,21,1874835,38
14,21,1874835,39
14,21,1874835,40
14,21,1874835,41
14,21,1874835,42
14,21,1874835,43
14,21,1874835,44
14,21,1874835,45
14,21,1874835,46
14,21,1874835,47
14,21,1874835,48
14,21,1874835,49
14,21,1874835,50
14,21,1874835,51
14,21,1874835,52
14,21,1874835,53
14,21,1874835,54
14,21,1874835,55
14,21,1874835,56
14,21,1874835,57
14,21,1874835,58
14,21,1874835,59
14,21,1874835,60
14,21,1874835,61
14,21,1874835,62
14,21,1874835,63
14,21,1874835,64
14,21,1874835,65
14,21,1874835,66
14,21,1874835,67
14,21,1874835,68
14,21,1874835,69
14,21,1874835,70
14,21,1874835,71
14,21,1874835,72
14,21,1874835,73
14,21,1874835,74
14,21,1874835,75
14,21,1874835,76
14,21,1874835,77
14,21,1874835,78
14,21,1874835,79
14,21,1874835,80
14,21,1874835,81
14,21,1874835,82
14,21,1874835,83
14,21,1874835,84
14,21,1874835,85
14,21,1874835,86
14,21,1874835,87
14,21,1874835,88
14,21,1874835,89
14,21,1874835,90
14,21,1874835,91
14,21,1874835,92
14,21,1874835,93
14,21,1874835,94
14,21,1874835,95
14,21,1874835,96
14,21,1874835,97
14,21,1874835,98
14,21,1874835,99
14,21,1874835,100
14,21,1874835,101
14,21,1874835,102
14,21,1874835,103
14,21,1874835,104
14,21,1874835,105
14,21,1874835,106
14,21,1874835,107
14,21,1874835,108
14,21,1874835,109
14,21,1874835,110
14,21,1874835,111
14,21,1874835,112
14,21,1874835,113
14,21,1874835,114
14,21,1874835,115
14,21,1874835,116
14,21,1874835,117
14,21,1874835,118
14,21,1874835,119
14,21,1874835,120
14,21,1874835,121
14,21,1874835,122
14,21,1874835,123
14,21,1874835,124
14,21,1874835,125
14,21,1874835,126
14,21,1874835,127
14,21,1874835,128
14,21,1874835,129
14,21,1874835,130
14,21,1874835,131
14,21,1874835,132
14,21,1874835,133
14,21,1874835,134
14,21,1874835,135
14,21,1874835,136
14,21,1874835,137
14,21,1874835,138
14,21,1874835,139
14,21,1874835,140
14,21,1874835,141
14,21,1874835,142
14,21,1874835,143
14,21,1874835,144
14,21,1874835,145
14,21,1874835,146
14,21,1874835,147
14,21,1874835,148
14,21,1874835,149
14,21,1874835,150
14,21,1874835,151
14,21,1874835,152
14,21,1874835,153
14,21,1874835,154
14,21,1874835,155
14,21,1874835,156
14,21,1874835,157
14,21,1874835,158
14,21,1874835,159
14,21,1874835,160
14,21,1874835,161
14,21,1874835,162
14,21,1874835,163
14,21,1874835,164
14,21,1874835,165
14,21,1874835,166
14,21,1874835,167
14,21,1874835,168
14,21,1874835,169
14,21,1874835,170
14,21,1874835,171
14,21,1874835,172
14,21,1874835,173
14,21,1874835,174
14,21,1874835,175
14,21,1874835,176
14,21,1874835,177
14,21,1874835,178
14,21,1874835,179
14,21,1874835,180
14,21,1874835,181
14,21,1874835,182
14,21,1874835,183
14,21,1874835,184
14,21,1874835,185
14,21,1874835,186
14,21,1874835,187
14,21,1874835,188
14,21,1874835,189
14,21,1874835,190
14,21,1874835,191
14,21,1874835,192
14,21,1874835,193
14,21,1874835,194
14,21,1874835,195
14,21,1874835,196
14,21,1874835,197
14,21,1874835,198
14,21,1874835,199
14,12,11410,0
14,12,11410,1
14,12,11410,2
14,12,11410,3
14,12,11410,4
14,12,11410,5
14,12,11410,6
14,12,11410,7
14,12,11410,8
14,12,11410,9
14,12,11410,10
14,12,11410,11
14,12,11410,12
14,12,11410,13
14,12,11410,14
14,12,11410,15
14,12,11410,16
14,12,11410,17
14,12,11410,18
14,12,11410,19
14,12,11410,20
14,12,11410,21
14,12,11410,22
14,12,11410,23
14,12,11410,24
14,12,11410,25
14,12,11410,26
14,12,11410,27
14,12,11410,28
14,12,11410,29
14,12,11410,30
14,12,11410,31
14,12,11410,32
14,12,11410,33
14,12,11410,34
14,12,11410,35
14,12,11410,36
14,12,11410,37
14,12,11410,38
14,12,11410,39
14,12,11410,40
14,12,11410,41
14,12,11410,42
14,12,11410,43
14,12,11410,44
14,12,11410,45
14,12,11410,46
14,12,11410,47
14,12,11410,48
14,12,11410,49
14,12,11410,50
14,12,11410,51
14,12,11410,52
14,12,11410,53
14,12,11410,54
14,12,11410,55
14,12,11410,56
14,12,11410,57
14,12,11410,58
14,12,11410,59
14,12,11410,60
14,12,11410,61
14,12,11410,62
14,12,11410,63
14,12,11410,64
14,12,11410,65
14,12,11410,66
14,12,11410,67
14,12,11410,68
14,12,11410,69
14,12,11410,70
14,12,11410,71
14,12,11410,72
14,12,11410,73
14,12,11410,74
14,12,11410,75
14,12,11410,76
14,12,11410,77
14,12,11410,78
14,12,11410,79
14,12,11410,80
14,12,11410,81
14,12,11410,82
14,12,11410,83
14,12,11410,84
14,12,11410,85
14,12,11410,86
14,12,11410,87
14,12,11410,88
14,12,11410,89
14,12,11410,90
14,12,11410,91
14,12,11410,92
14,12,11410,93
14,12,11410,94
14,12,11410,95
14,12,11410,96
14,12,11410,97
14,12,11410,98
14,12,11410,99
14,12,11410,100
14,12,11410,101
14,12,11410,102
14,12,11410,103
14,12,11410,104
14,12,11410,105
14,12,11410,106
14,12,11410,107
14,12,11410,108
14,12,11410,109
14,12,11410,110
14,12,11410,111
14,12,11410,112
14,12,11410,113
14,12,11410,114
14,12,11410,115
14,12,11410,116
14,12,11410,117
14,12,11410,118
14,12,11410,119
14,12,11410,120
14,12,11410,121
14,12,11410,122
14,12,11410,123
14,12,11410,124
14,12,11410,125
14,12,11410,126
14,12,11410,127
14,12,11410,128
14,12,11410,129
14,12,11410,130
14,12,11410,131
14,12,11410,132
14,12,11410,133
14,12,11410,134
14,12,11410,135
14,12,11410,136
14,12,11410,137
14,12,11410,138
14,12,11410,139
14,12,11410,140
14,12,11410,141
14,12,11410,142
14,12,11410,143
14,12,11410,144
14,12,11410,145
14,12,11410,146
14,12,11410,147
14,12,11410,148
14,12,11410,149
14,12,11410,150
14,12,11410,151
14,12,11410,152
14,12,11410,153
14,12,11410,154
14,12,11410,155
14,12,11410,156
14,12,11410,157
14,12,11410,158
14,12,11410,159
14,12,11410,160
14,12,11410,161
14,12,11410,162
14,12,11410,163
14,12,11410,164
14,12,11410,165
14,12,11410,166
14,12,11410,167
14,12,11410,168
14,12,11410,169
14,12,11410,170
14,12,11410,171
14,12,11410,172
14,12,11410,173
14,12,11410,174
14,12,11410,175
14,12,11410,176
14,12,11410,177
14,12,11410,178
14,12,11410,179
14,12,11410,180
14,12,11410,181
14,12,11410,182
14,12,11410,183
14,12,11410,184
14,12,11410,185
14,12,11410,186
14,12,11410,187
14,12,11410,188
14,12,11410,189
14,12,11410,190
14,12,11410,191
14,12,11410,192
14,12,11410,193
14,12,11410,194
14,12,11410,195
14,12,11410,196
14,12,11410,197
14,12,11410,198
14,12,11410,199
14,39,727760,0
14,39,727760,1
14,39,727760,2
14,39,727760,3
14,39,727760,4
14,39,727760,5
14,39,727760,6
14,39,727760,7
14,39,727760,8
14,39,727760,9
14,39,727760,10
14,39,727760,11
14,39,727760,12
14,39,727760,13
14,39,727760,14
14,39,727760,15
14,39,727760,16
14,39,727760,17
14,39,727760,18
14,39,727760,19
14,39,727760,20
14,39,727760,21
14,39,727760,22
14,39,727760,23
14,39,727760,24
14,39,727760,25
14,39,727760,26
14,39,727760,27
14,39,727760,28
14,39,727760,29
14,39,727760,30
14,39,727760,31
14,39,727760,32
14,39,727760,33
14,39,727760,34
14,39,727760,35
14,39,727760,36
14,39,727760,37
14,39,727760,38
14,39,727760,39
14,39,727760,40
14,39,727760,41
14,39,727760,42
14,39,727760,43
14,39,727760,44
14,39,727760,45
14,39,727760,46
14,39,727760,47
14,39,727760,48
14,39,727760,49
14,39,727760,50
14,39,727760,51
14,39,727760,52
14,39,727760,53
14,39,727760,54
14,39,727760,55
14,39,727760,56
14,39,727760,57
14,39,727760,58
14,39,727760,59
14,39,727760,60
14,39,727760,61
14,39,727760,62
14,39,727760,63
14,39,727760,64
14,39,727760,65
14,39,727760,66
14,39,727760,67
14,39,727760,68
14,39,727760,69
14,39,727760,70
14,39,727760,71
14,39,727760,72
14,39,727760,73
14,39,727760,74
14,39,727760,75
14,39,727760,76
14,39,727760,77
14,39,727760,78
14,39,727760,79
14,39,727760,80
14,39,727760,81
14,39,727760,82
14,39,727760,83
14,39,727760,84
14,39,727760,85
14,39,727760,86
14,39,727760,87
14,39,727760,88
14,39,727760,89
14,39,727760,90
14,39,727760,91
14,39,727760,92
14,39,727760,93
14,39,727760,94
14,39,727760,95
14,39,727760,96
14,39,727760,97
14,39,727760,98
14,39,727760,99
14,39,727760,100
14,39,727760,101
14,39,727760,102
14,39,727760,103
14,39,727760,104
14,39,727760,105
14,39,727760,106
14,39,727760,107
14,39,727760,108
14,39,727760,109
14,39,727760,110
14,39,727760,111
14,39,727760,112
14,39,727760,113
14,39,727760,114
14,39,727760,115
14,39,727760,116
14,39,727760,117
14,39,727760,118
14,39,727760,119
14,39,727760,120
14,39,727760,121
14,39,727760,122
14,39,727760,123
14,39,727760,124
14,39,727760,125
14,39,727760,126
14,39,727760,127
14,39,727760,128
14,39,727760,129
14,39,727760,130
14,39,727760,131
14,39,727760,132
14,39,727760,133
14,39,727760,134
14,39,727760,135
14,39,727760,136
14,39,727760,137
14,39,727760,138
14,39,727760,139
14,39,727760,140
14,39,727760,141
14,39,727760,142
14,39,727760,143
14,39,727760,144
14,39,727760,145
14,39,727760,146
14,39,727760,147
14,39,727760,148
14,39,727760,149
14,39,727760,150
14,39,727760,151
14,39,727760,152
14,39,727760,153
14,39,727760,154
14,39,727760,155
14,39,727760,156
14,39,727760,157
14,39,727760,158
14,39,727760,159
14,39,727760,160
14,39,727760,161
14,39,727760,162
14,39,727760,163
14,39,727760,164
14,39,727760,165
14,39,727760,166
14,39,727760,167
14,39,727760,168
14,39,727760,169
14,39,727760,170
14,39,727760,171
14,39,727760,172
14,39,727760,173
14,39,727760,174
14,39,727760,175
14,39,727760,176
14,39,727760,177
14,39,727760,178
14,39,727760,179
14,39,727760,180
14,39,727760,181
14,39,727760,182
14,39,727760,183
14,39,727760,184
14,39,727760,185
14,39,727760,186
14,39,727760,187
14,39,727760,188
14,39,727760,189
14,39,727760,190
14,39,727760,191
14,39,727760,192
14,39,727760,193
14,39,727760,194
14,39,727760,195
14,39,727760,196
14,39,727760,197
14,39,727760,198
14,39,727760,199
14,18,12880,0
14,18,12880,1
14,18,12880,2
14,18,12880,3
14,18,12880,4
14,18,12880,5
14,18,12880,6
14,18,12880,7
14,18,12880,8
14,18,12880,9
14,18,12880,10
14,18,12880,11
14,18,12880,12
14,18,12880,13
14,18,12880,14
14,18,12880,15
14,18,12880,16
14,18,12880,17
14,18,12880,18
14,18,12880,19
14,18,12880,20
14,18,12880,21
14,18,12880,22
14,18,12880,23
14,18,12880,24
14,18,12880,25
14,18,12880,26
14,18,12880,27
14,18,12880,28
14,18,12880,29
14,18,12880,30
14,18,12880,31
14,18,12880,32
14,18,12880,33
14,18,12880,34
14,18,12880,35
14,18,12880,36
14,18,12880,37
14,18,12880,38
14,18,12880,39
14,18,12880,40
14,18,12880,41
14,18,12880,42
14,18,12880,43
14,18,12880,44
14,18,12880,45
14,18,12880,46
14,18,12880,47
14,18,12880,48
14,18,12880,49
14,18,12880,50
14,18,12880,51
14,18,12880,52
14,18,12880,53
14,18,12880,54
14,18,12880,55
14,18,12880,56
14,18,12880,57
14,18,12880,58
14,18,12880,59
14,18,12880,60
14,18,12880,61
14,18,12880,62
14,18,12880,63
14,18,12880,64
14,18,12880,65
14,18,12880,66
14,18,12880,67
14,18,12880,68
14,18,12880,69
14,18,12880,70
14,18,12880,71
14,18,12880,72
14,18,12880,73
14,18,12880,74
14,18,12880,75
14,18,12880,76
14,18,12880,77
14,18,12880,78
14,18,12880,79
14,18,12880,80
14,18,12880,81
14,18,12880,82
14,18,12880,83
14,18,12880,84
14,18,12880,85
14,18,12880,86
14,18,12880,87
14,18,12880,88
14,18,12880,89
14,18,12880,90
14,18,12880,91
14,18,12880,92
14,18,12880,93
14,18,12880,94
14,18,12880,95
14,18,12880,96
14,18,12880,97
14,18,12880,98
14,18,12880,99
14,18,12880,100
14,18,12880,101
14,18,12880,102
14,18,12880,103
14,18,12880,104
14,18,12880,105
14,18,12880,106
14,18,12880,107
14,18,12880,108
14,18,12880,109
14,18,12880,110
14,18,12880,111
14,18,12880,112
14,18,12880,113
14,18,12880,114
14,18,12880,115
14,18,12880,116
14,18,12880,117
14,18,12880,118
14,18,12880,119
14,18,12880,120
14,18,12880,121
14,18,12880,122
14,18,12880,123
14,18,12880,124
14,18,12880,125
14,18,12880,126
14,18,12880,127
14,18,12880,128
14,18,12880,129
14,18,12880,130
14,18,12880,131
14,18,12880,132
14,18,12880,133
14,18,12880,134
14,18,12880,135
14,18,12880,136
14,18,12880,137
14,18,12880,138
14,18,12880,139
14,18,12880,140
14,18,12880,141
14,18,12880,142
14,18,12880,143
14,18,12880,144
14,18,12880,145
14,18,12880,146
14,18,12880,147
14,18,12880,148
14,18,12880,149
14,18,12880,150
14,18,12880,151
14,18,12880,152
14,18,12880,153
14,18,12880,154
14,18,12880,155
14,18,12880,156
14,18,12880,157
14,18,12880,158
14,18,12880,159
14,18,12880,160
14,18,12880,161
14,18,12880,162
14,18,12880,163
14,18,12880,164
14,18,12880,165
14,18,12880,166
14,18,12880,167
14,18,12880,168
14,18,12880,169
14,18,12880,170
14,18,12880,171
14,18,12880,172
14,18,12880,173
14,18,12880,174
14,18,12880,175
14,18,12880,176
14,18,12880,177
14,18,12880,178
14,18,12880,179
14,18,12880,180
14,18,12880,181
14,18,12880,182
14,18,12880,183
14,18,12880,184
14,18,12880,185
14,18,12880,186
14,18,12880,187
14,18,12880,188
14,18,12880,189
14,18,12880,190
14,18,12880,191
14,18,12880,192
14,18,12880,193
14,18,12880,194
14,18,12880,195
14,18,12880,196
14,18,12880,197
14,18,12880,198
14,18,12880,199
14,20,416640,0
14,20,416640,1
14,20,416640,2
14,20,416640,3
14,20,416640,4
14,20,416640,5
14,20,416640,6
14,20,416640,7
14,20,416640,8
14,20,416640,9
14,20,416640,10
14,20,416640,11
14,20,416640,12
14,20,416640,13
14,20,416640,14
14,20,416640,15
14,20,416640,16
14,20,416640,17
14,20,416640,18
14,20,416640,19
14,20,416640,20
14,20,416640,21
14,20,416640,22
14,20,416640,23
14,20,416640,24
14,20,416640,25
14,20,416640,26
14,20,416640,27
14,20,416640,28
14,20,416640,29
14,20,416640,30
14,20,416640,31
14,20,416640,32
14,20,416640,33
14,20,416640,34
14,20,416640,35
14,20,416640,36
14,20,416640,37
14,20,416640,38
14,20,416640,39
14,20,416640,40
14,20,416640,41
14,20,416640,42
14,20,416640,43
14,20,416640,44
14,20,416640,45
14,20,416640,46
14,20,416640,47
14,20,416640,48
14,20,416640,49
14,20,416640,50
14,20,416640,51
14,20,416640,52
14,20,416640,53
14,20,416640,54
14,20,416640,55
14,20,416640,56
14,20,416640,57
14,20,416640,58
14,20,416640,59
14,20,416640,60
14,20,416640,61
14,20,416640,62
14,20,416640,63
14,20,416640,64
14,20,416640,65
14,20,416640,66
14,20,416640,67
14,20,416640,68
14,20,416640,69
14,20,416640,70
14,20,416640,71
14,20,416640,72
14,20,416640,73
14,20,416640,74
14,20,416640,75
14,20,416640,76
14,20,416640,77
14,20,416640,78
14,20,416640,79
14,20,416640,80
14,20,416640,81
14,20,416640,82
14,20,416640,83
14,20,416640,84
14,20,416640,85
14,20,416640,86
14,20,416640,87
14,20,416640,88
14,20,416640,89
14,20,416640,90
14,20,416640,91
14,20,416640,92
14,20,416640,93
14,20,416640,94
14,20,416640,95
14,20,416640,96
14,20,416640,97
14,20,416640,98
14,20,416640,99
14,20,416640,100
14,20,416640,101
14,20,416640,102
14,20,416640,103
14,20,416640,104
14,20,416640,105
14,20,416640,106
14,20,416640,107
14,20,416640,108
14,20,416640,109
14,20,416640,110
14,20,416640,111
14,20,416640,112
14,20,416640,113
14,20,416640,114
14,20,416640,115
14,20,416640,116
14,20,416640,117
14,20,416640,118
14,20,416640,119
14,20,416640,120
14,20,416640,121
14,20,416640,122
14,20,416640,123
14,20,416640,124
14,20,416640,125
14,20,416640,126
14,20,416640,127
14,20,416640,128
14,20,416640,129
14,20,416640,130
14,20,416640,131
14,20,416640,132
14,20,416640,133
14,20,416640,134
14,20,416640,135
14,20,416640,136
14,20,416640,137
14,20,416640,138
14,20,416640,139
14,20,416640,140
14,20,416640,141
14,20,416640,142
14,20,416640,143
14,20,416640,144
14,20,416640,145
14,20,416640,146
14,20,416640,147
14,20,416640,148
14,20,416640,149
14,20,416640,150
14,20,416640,151
14,20,416640,152
14,20,416640,153
14,20,416640,154
14,20,416640,155
14,20,416640,156
14,20,416640,157
14,20,416640,158
14,20,416640,159
14,20,416640,160
14,20,416640,161
14,20,416640,162
14,20,416640,163
14,20,416640,164
14,20,416640,165
14,20,416640,166
14,20,416640,167
14,20,416640,168
14,20,416640,169
14,20,416640,170
14,20,416640,171
14,20,416640,172
14,20,416640,173
14,20,416640,174
14,20,416640,175
14,20,416640,176
14,20,416640,177
14,20,416640,178
14,20,416640,179
14,20,416640,180
14,20,416640,181
14,20,416640,182
14,20,416640,183
14,20,416640,184
14,20,416640,185
14,20,416640,186
14,20,416640,187
14,20,416640,188
14,20,416640,189
14,20,416640,190
14,20,416640,191
14,20,416640,192
14,20,416640,193
14,20,416640,194
14,20,416640,195
14,20,416640,196
14,20,416640,197
14,20,416640,198
14,20,416640,199
14,27,888255,0
14,27,888255,1
14,27,888255,2
14,27,888255,3
14,27,888255,4
14,27,888255,5
14,27,888255,6
14,27,888255,7
14,27,888255,8
14,27,888255,9
14,27,888255,10
14,27,888255,11
14,27,888255,12
14,27,888255,13
14,27,888255,14
14,27,888255,15
14,27,888255,16
14,27,888255,17
14,27,888255,18
14,27,888255,19
14,27,888255,20
14,27,888255,21
14,27,888255,22
14,27,888255,23
14,27,888255,24
14,27,888255,25
14,27,888255,26
14,27,888255,27
14,27,888255,28
14,27,888255,29
14,27,888255,30
14,27,888255,31
14,27,888255,32
14,27,888255,33
14,27,888255,34
14,27,888255,35
14,27,888255,36
14,27,888255,37
14,27,888255,38
14,27,888255,39
14,27,888255,40
14,27,888255,41
14,27,888255,42
14,27,888255,43
14,27,888255,44
14,27,888255,45
14,27,888255,46
14,27,888255,47
14,27,888255,48
14,27,888255,49
14,27,888255,50
14,27,888255,51
14,27,888255,52
14,27,888255,53
14,27,888255,54
14,27,888255,55
14,27,888255,56
14,27,888255,57
14,27,888255,58
14,27,888255,59
14,27,888255,60
14,27,888255,61
14,27,888255,62
14,27,888255,63
14,27,888255,64
14,27,888255,65
14,27,888255,66
14,27,888255,67
14,27,888255,68
14,27,888255,69
14,27,888255,70
14,27,888255,71
14,27,888255,72
14,27,888255,73
14,27,888255,74
14,27,888255,75
14,27,888255,76
14,27,888255,77
14,27,888255,78
14,27,888255,79
14,27,888255,80
14,27,888255,81
14,27,888255,82
14,27,888255,83
14,27,888255,84
14,27,888255,85
14,27,888255,86
14,27,888255,87
14,27,888255,88
14,27,888255,89
14,27,888255,90
14,27,888255,91
14,27,888255,92
14,27,888255,93
14,27,888255,94
14,27,888255,95
14,27,888255,96
14,27,888255,97
14,27,888255,98
14,27,888255,99
14,27,888255,100
14,27,888255,101
14,27,888255,102
14,27,888255,103
14,27,888255,104
14,27,888255,105
14,27,888255,106
14,27,888255,107
14,27,888255,108
14,27,888255,109
14,27,888255,110
14,27,888255,111
14,27,888255,112
14,27,888255,113
14,27,888255,114
14,27,888255,115
14,27,888255,116
14,27,888255,117
14,27,888255,118
14,27,888255,119
14,27,888255,120
14,27,888255,121
14,27,888255,122
14,27,888255,123
14,27,888255,124
14,27,888255,125
14,27,888255,126
14,27,888255,127
14,27,888255,128
14,27,888255,129
14,27,888255,130
14,27,888255,131
14,27,888255,132
14,27,888255,133
14,27,888255,134
14,27,888255,135
14,27,888255,136
14,27,888255,137
14,27,888255,138
14,27,888255,139
14,27,888255,140
14,27,888255,141
14,27,888255,142
14,27,888255,143
14,27,888255,144
14,27,888255,145
14,27,888255,146
14,27,888255,147
14,27,888255,148
14,27,888255,149
14,27,888255,150
14,27,888255,151
14,27,888255,152
14,27,888255,153
14,27,888255,154
14,27,888255,155
14,27,888255,156
14,27,888255,157
14,27,888255,158
14,27,888255,159
14,27,888255,160
14,27,888255,161
14,27,888255,162
14,27,888255,163
14,27,888255,164
14,27,888255,165
14,27,888255,166
14,27,888255,167
14,27,888255,168
14,27,888255,169
14,27,888255,170
14,27,888255,171
14,27,888255,172
14,27,888255,173
14,27,888255,174
14,27,888255,175
14,27,888255,176
14,27,888255,177
14,27,888255,178
14,27,888255,179
14,27,888255,180
14,27,888255,181
14,27,888255,182
14,27,888255,183
14,27,888255,184
14,27,888255,185
14,27,888255,186
14,27,888255,187
14,27,888255,188
14,27,888255,189
14,27,888255,190
14,27,888255,191
14,27,888255,192
14,27,888255,193
14,27,888255,194
14,27,888255,195
14,27,888255,196
14,27,888255,197
14,27,888255,198
14,27,888255,199
14,29,8975,0
14,29,8975,1
14,29,8975,2
14,29,8975,3
14,29,8975,4
14,29,8975,5
14,29,8975,6
14,29,8975,7
14,29,8975,8
14,29,8975,9
14,29,8975,10
14,29,8975,11
14,29,8975,12
14,29,8975,13
14,29,8975,14
14,29,8975,15
14,29,8975,16
14,29,8975,17
14,29,8975,18
14,29,8975,19
14,29,8975,20
14,29,8975,21
14,29,8975,22
14,29,8975,23
14,29,8975,24
14,29,8975,25
14,29,8975,26
14,29,8975,27
14,29,8975,28
14,29,8975,29
14,29,8975,30
14,29,8975,31
14,29,8975,32
14,29,8975,33
14,29,8975,34
14,29,8975,35
14,29,8975,36
14,29,8975,37
14,29,8975,38
14,29,8975,39
14,29,8975,40
14,29,8975,41
14,29,8975,42
14,29,8975,43
14,29,8975,44
14,29,8975,45
14,29,8975,46
14,29,8975,47
14,29,8975,48
14,29,8975,49
14,29,8975,50
14,29,8975,51
14,29,8975,52
14,29,8975,53
14,29,8975,54
14,29,8975,55
14,29,8975,56
14,29,8975,57
14,29,8975,58
14,29,8975,59
14,29,8975,60
14,29,8975,61
14,29,8975,62
14,29,8975,63
14,29,8975,64
14,29,8975,65
14,29,8975,66
14,29,8975,67
14,29,8975,68
14,29,8975,69
14,29,8975,70
14,29,8975,71
14,29,8975,72
14,29,8975,73
14,29,8975,74
14,29,8975,75
14,29,8975,76
14,29,8975,77
14,29,8975,78
14,29,8975,79
14,29,8975,80
14,29,8975,81
14,29,8975,82
14,29,8975,83
14,29,8975,84
14,29,8975,85
14,29,8975,86
14,29,8975,87
14,29,8975,88
14,29,8975,89
14,29,8975,90
14,29,8975,91
14,29,8975,92
14,29,8975,93
14,29,8975,94
14,29,8975,95
14,29,8975,96
14,29,8975,97
14,29,8975,98
14,29,8975,99
14,29,8975,100
14,29,8975,101
14,29,8975,102
14,29,8975,103
14,29,8975,104
14,29,8975,105
14,29,8975,106
14,29,8975,107
14,29,8975,108
14,29,8975,109
14,29,8975,110
14,29,8975,111
14,29,8975,112
14,29,8975,113
14,29,8975,114
14,29,8975,115
14,29,8975,116
14,29,8975,117
14,29,8975,118
14,29,8975,119
14,29,8975,120
14,29,8975,121
14,29,8975,122
14,29,8975,123
14,29,8975,124
14,29,8975,125
14,29,8975,126
14,29,8975,127
14,29,8975,128
14,29,8975,129
14,29,8975,130
14,29,8975,131
14,29,8975,132
14,29,8975,133
14,29,8975,134
14,29,8975,135
14,29,8975,136
14,29,8975,137
14,29,8975,138
14,29,8975,139
14,29,8975,140
14,29,8975,141
14,29,8975,142
14,29,8975,143
14,29,8975,144
14,29,8975,145
14,29,8975,146
14,29,8975,147
14,29,8975,148
14,29,8975,149
14,29,8975,150
14,29,8975,151
14,29,8975,152
14,29,8975,153
14,29,8975,154
14,29,8975,155
14,29,8975,156
14,29,8975,157
14,29,8975,158
14,29,8975,159
14,29,8975,160
14,29,8975,161
14,29,8975,162
14,29,8975,163
14,29,8975,164
14,29,8975,165
14,29,8975,166
14,29,8975,167
14,29,8975,168
14,29,8975,169
14,29,8975,170
14,29,8975,171
14,29,8975,172
14,29,8975,173
14,29,8975,174
14,29,8975,175
14,29,8975,176
14,29,8975,177
14,29,8975,178
14,29,8975,179
14,29,8975,180
14,29,8975,181
14,29,8975,182
14,29,8975,183
14,29,8975,184
14,29,8975,185
14,29,8975,186
14,29,8975,187
14,29,8975,188
14,29,8975,189
14,29,8975,190
14,29,8975,191
14,29,8975,192
14,29,8975,193
14,29,8975,194
14,29,8975,195
14,29,8975,196
14,29,8975,197
14,29,8975,198
14,29,8975,199
39,0,104890,0
39,0,104890,1
39,0,104890,2
39,0,104890,3
39,0,104890,4
39,0,104890,5
39,0,104890,6
39,0,104890,7
39,0,104890,8
39,0,104890,9
39,0,104890,10
39,0,104890,11
39,0,104890,12
39,0,104890,13
39,0,104890,14
39,0,104890,15
39,0,104890,16
39,0,104890,17
39,0,104890,18
39,0,104890,19
39,0,104890,20
39,0,104890,21
39,0,104890,22
39,0,104890,23
39,0,104890,24
39,0,104890,25
39,0,104890,26
39,0,104890,27
39,0,104890,28
39,0,104890,29
39,0,104890,30
39,0,104890,31
39,0,104890,32
39,0,104890,33
39,0,104890,34
39,0,104890,35
39,0,104890,36
39,0,104890,37
39,0,104890,38
39,0,104890,39
39,0,104890,40
39,0,104890,41
39,0,104890,42
39,0,104890,43
39,0,104890,44
39,0,104890,45
39,0,104890,46
39,0,104890,47
39,0,104890,48
39,0,104890,49
39,0,104890,50
39,0,104890,51
39,0,104890,52
39,0,104890,53
39,0,104890,54
39,0,104890,55
39,0,104890,56
39,0,104890,57
39,0,104890,58
39,0,104890,59
39,0,104890,60
39,0,104890,61
39,0,104890,62
39,0,104890,63
39,0,104890,64
39,0,104890,65
39,0,104890,66
39,0,104890,67
39,0,104890,68
39,0,104890,69
39,0,104890,70
39,0,104890,71
39,0,104890,72
39,0,104890,73
39,0,104890,74
39,0,104890,75
39,0,104890,76
39,0,104890,77
39,0,104890,78
39,0,104890,79
39,0,104890,80
39,0,104890,81
39,0,104890,82
39,0,104890,83
39,0,104890,84
39,0,104890,85
39,0,104890,86
39,0,104890,87
39,0,104890,88
39,0,104890,89
39,0,104890,90
39,0,104890,91
39,0,104890,92
39,0,104890,93
39,0,104890,94
39,0,104890,95
39,0,104890,96
39,0,104890,97
39,0,104890,98
39,0,104890,99
39,0,104890,100
39,0,104890,101
39,0,104890,102
39,0,104890,103
39,0,104890,104
39,0,104890,105
39,0,104890,106
39,0,104890,107
39,0,104890,108
39,0,104890,109
39,0,104890,110
39,0,104890,111
39,0,104890,112
39,0,104890,113
39,0,104890,114
39,0,104890,115
39,0,104890,116
39,0,104890,117
39,0,104890,118
39,0,104890,119
39,0,104890,120
39,0,104890,121
39,0,104890,122
39,0,104890,123
39,0,104890,124
39,0,104890,125
39,0,104890,126
39,0,104890,127
39,0,104890,128
39,0,104890,129
39,0,104890,130
39,0,104890,131
39,0,104890,132
39,0,104890,133
39,0,104890,134
39,0,104890,135
39,0,104890,136
39,0,104890,137
39,0,104890,138
39,0,104890,139
39,0,104890,140
39,0,104890,141
39,0,104890,142
39,0,104890,143
39,0,104890,144
39,0,104890,145
39,0,104890,146
39,0,104890,147
39,0,104890,148
39,0,104890,149
39,0,104890,150
39,0,104890,151
39,0,104890,152
39,0,104890,153
39,0,104890,154
39,0,104890,155
39,0,104890,156
39,0,104890,157
39,0,104890,158
39,0,104890,159
39,0,104890,160
39,0,104890,161
39,0,104890,162
39,0,104890,163
39,0,104890,164
39,0,104890,165
39,0,104890,166
39,0,104890,167
39,0,104890,168
39,0,104890,169
39,0,104890,170
39,0,104890,171
39,0,104890,172
39,0,104890,173
39,0,104890,174
39,0,104890,175
39,0,104890,176
39,0,104890,177
39,0,104890,178
39,0,104890,179
39,0,104890,180
39,0,104890,181
39,0,104890,182
39,0,104890,183
39,0,104890,184
39,0,104890,185
39,0,104890,186
39,0,104890,187
39,0,104890,188
39,0,104890,189
39,0,104890,190
39,0,104890,191
39,0,104890,192
39,0,104890,193
39,0,104890,194
39,0,104890,195
39,0,104890,196
39,0,104890,197
39,0,104890,198
39,0,104890,199
39,26,104635,0
39,26,104635,1
39,26,104635,2
39,26,104635,3
39,26,104635,4
39,26,104635,5
39,26,104635,6
39,26,104635,7
39,26,104635,8
39,26,104635,9
39,26,104635,10
39,26,104635,11
39,26,104635,12
39,26,104635,13
39,26,104635,14
39,26,104635,15
39,26,104635,16
39,26,104635,17
39,26,104635,18
39,26,104635,19
39,26,104635,20
39,26,104635,21
39,26,104635,22
39,26,104635,23
39,26,104635,24
39,26,104635,25
39,26,104635,26
39,26,104635,27
39,26,104635,28
39,26,104635,29
39,26,104635,30
39,26,104635,31
39,26,104635,32
39,26,104635,33
39,26,104635,34
39,26,104635,35
39,26,104635,36
39,26,104635,37
39,26,104635,38
39,26,104635,39
39,26,104635,40
39,26,104635,41
39,26,104635,42
39,26,104635,43
39,26,104635,44
39,26,104635,45
39,26,104635,46
39,26,104635,47
39,26,104635,48
39,26,104635,49
39,26,104635,50
39,26,104635,51
39,26,104635,52
39,26,104635,53
39,26,104635,54
39,26,104635,55
39,26,104635,56
39,26,104635,57
39,26,104635,58
39,26,104635,59
39,26,104635,60
39,26,104635,61
39,26,104635,62
39,26,104635,63
39,26,104635,64
39,26,104635,65
39,26,104635,66
39,26,104635,67
39,26,104635,68
39,26,104635,69
39,26,104635,70
39,26,104635,71
39,26,104635,72
39,26,104635,73
39,26,104635,74
39,26,104635,75
39,26,104635,76
39,26,104635,77
39,26,104635,78
39,26,104635,79
39,26,104635,80
39,26,104635,81
39,26,104635,82
39,26,104635,83
39,26,104635,84
39,26,104635,85
39,26,104635,86
39,26,104635,87
39,26,104635,88
39,26,104635,89
39,26,104635,90
39,26,104635,91
39,26,104635,92
39,26,104635,93
39,26,104635,94
39,26,104635,95
39,26,104635,96
39,26,104635,97
39,26,104635,98
39,26,104635,99
39,26,104635,100
39,26,104635,101
39,26,104635,102
39,26,104635,103
39,26,104635,104
39,26,104635,105
39,26,104635,106
39,26,104635,107
39,26,104635,108
39,26,104635,109
39,26,104635,110
39,26,104635,111
39,26,104635,112
39,26,104635,113
39,26,104635,114
39,26,104635,115
39,26,104635,116
39,26,104635,117
39,26,104635,118
39,26,104635,119
39,26,104635,120
39,26,104635,121
39,26,104635,122
39,26,104635,123
39,26,104635,124
39,26,104635,125
39,26,104635,126
39,26,104635,127
39,26,104635,128
39,26,104635,129
39,26,104635,130
39,26,104635,131
39,26,104635,132
39,26,104635,133
39,26,104635,134
39,26,104635,135
39,26,104635,136
39,26,104635,137
39,26,104635,138
39,26,104635,139
39,26,104635,140
39,26,104635,141
39,26,104635,142
39,26,104635,143
39,26,104635,144
39,26,104635,145
39,26,104635,146
39,26,104635,147
39,26,104635,148
39,26,104635,149
39,26,104635,150
39,26,104635,151
39,26,104635,152
39,26,104635,153
39,26,104635,154
39,26,104635,155
39,26,104635,156
39,26,104635,157
39,26,104635,158
39,26,104635,159
39,26,104635,160
39,26,104635,161
39,26,104635,162
39,26,104635,163
39,26,104635,164
39,26,104635,165
39,26,104635,166
39,26,104635,167
39,26,104635,168
39,26,104635,169
39,26,104635,170
39,26,104635,171
39,26,104635,172
39,26,104635,173
39,26,104635,174
39,26,104635,175
39,26,104635,176
39,26,104635,177
39,26,104635,178
39,26,104635,179
39,26,104635,180
39,26,104635,181
39,26,104635,182
39,26,104635,183
39,26,104635,184
39,26,104635,185
39,26,104635,186
39,26,104635,187
39,26,104635,188
39,26,104635,189
39,26,104635,190
39,26,104635,191
39,26,104635,192
39,26,104635,193
39,26,104635,194
39,26,104635,195
39,26,104635,196
39,26,104635,197
39,26,104635,198
39,26,104635,199
39,1,505935,0
39,1,505935,1
39,1,505935,2
39,1,505935,3
39,1,505935,4
39,1,505935,5
39,1,505935,6
39,1,505935,7
39,1,505935,8
39,1,505935,9
39,1,505935,10
39,1,505935,11
39,1,505935,12
39,1,505935,13
39,1,505935,14
39,1,505935,15
39,1,505935,16
39,1,505935,17
39,1,505935,18
39,1,505935,19
39,1,505935,20
39,1,505935,21
39,1,505935,22
39,1,505935,23
39,1,505935,24
39,1,505935,25
39,1,505935,26
39,1,505935,27
39,1,505935,28
39,1,505935,29
39,1,505935,30
39,1,505935,31
39,1,505935,32
39,1,505935,33
39,1,505935,34
39,1,505935,35
39,1,505935,36
39,1,505935,37
39,1,505935,38
39,1,505935,39
39,1,505935,40
39,1,505935,41
39,1,505935,42
39,1,505935,43
39,1,505935,44
39,1,505935,45
39,1,505935,46
39,1,505935,47
39,1,505935,48
39,1,505935,49
39,1,505935,50
39,1,505935,51
39,1,505935,52
39,1,505935,53
39,1,505935,54
39,1,505935,55
39,1,505935,56
39,1,505935,57
39,1,505935,58
39,1,505935,59
39,1,505935,60
39,1,505935,61
39,1,505935,62
39,1,505935,63
39,1,505935,64
39,1,505935,65
39,1,505935,66
39,1,505935,67
39,1,505935,68
39,1,505935,69
39,1,505935,70
39,1,505935,71
39,1,505935,72
39,1,505935,73
39,1,505935,74
39,1,505935,75
39,1,505935,76
39,1,505935,77
39,1,505935,78
39,1,505935,79
39,1,505935,80
39,1,505935,81
39,1,505935,82
39,1,505935,83
39,1,505935,84
39,1,505935,85
39,1,505935,86
39,1,505935,87
39,1,505935,88
39,1,505935,89
39,1,505935,90
39,1,505935,91
39,1,505935,92
39,1,505935,93
39,1,505935,94
39,1,505935,95
39,1,505935,96
39,1,505935,97
39,1,505935,98
39,1,505935,99
39,1,505935,100
39,1,505935,101
39,1,505935,102
39,1,505935,103
39,1,505935,104
39,1,505935,105
39,1,505935,106
39,1,505935,107
39,1,505935,108
39,1,505935,109
39,1,505935,110
39,1,505935,111
39,1,505935,112
39,1,505935,113
39,1,505935,114
39,1,505935,115
39,1,505935,116
39,1,505935,117
39,1,505935,118
39,1,505935,119
39,1,505935,120
39,1,505935,121
39,1,505935,122
39,1,505935,123
39,1,505935,124
39,1,505935,125
39,1,505935,126
39,1,505935,127
39,1,505935,128
39,1,505935,129
39,1,505935,130
39,1,505935,131
39,1,505935,132
39,1,505935,133
39,1,505935,134
39,1,505935,135
39,1,505935,136
39,1,505935,137
39,1,505935,138
39,1,505935,139
39,1,505935,140
39,1,505935,141
39,1,505935,142
39,1,505935,143
39,1,505935,144
39,1,505935,145
39,1,505935,146
39,1,505935,147
39,1,505935,148
39,1,505935,149
39,1,505935,150
39,1,505935,151
39,1,505935,152
39,1,505935,153
39,1,505935,154
39,1,505935,155
39,1,505935,156
39,1,505935,157
39,1,505935,158
39,1,505935,159
39,1,505935,160
39,1,505935,161
39,1,505935,162
39,1,505935,163
39,1,505935,164
39,1,505935,165
39,1,505935,166
39,1,505935,167
39,1,505935,168
39,1,505935,169
39,1,505935,170
39,1,505935,171
39,1,505935,172
39,1,505935,173
39,1,505935,174
39,1,505935,175
39,1,505935,176
39,1,505935,177
39,1,505935,178
39,1,505935,179
39,1,505935,180
39,1,505935,181
39,1,505935,182
39,1,505935,183
39,1,505935,184
39,1,505935,185
39,1,505935,186
39,1,505935,187
39,1,505935,188
39,1,505935,189
39,1,505935,190
39,1,505935,191
39,1,505935,192
39,1,505935,193
39,1,505935,194
39,1,505935,195
39,1,505935,196
39,1,505935,197
39,1,505935,198
39,1,505935,199
39,19,126260,0
39,19,126260,1
39,19,126260,2
39,19,126260,3
39,19,126260,4
39,19,126260,5
39,19,126260,6
39,19,126260,7
39,19,126260,8
39,19,126260,9
39,19,126260,10
39,19,126260,11
39,19,126260,12
39,19,126260,13
39,19,126260,14
39,19,126260,15
39,19,126260,16
39,19,126260,17
39,19,126260,18
39,19,126260,19
39,19,126260,20
39,19,126260,21
39,19,126260,22
39,19,126260,23
39,19,126260,24
39,19,126260,25
39,19,126260,26
39,19,126260,27
39,19,126260,28
39,19,126260,29
39,19,126260,30
39,19,126260,31
39,19,126260,32
39,19,126260,33
39,19,126260,34
39,19,126260,35
39,19,126260,36
39,19,126260,37
39,19,126260,38
39,19,126260,39
39,19,126260,40
39,19,126260,41
39,19,126260,42
39,19,126260,43
39,19,126260,44
39,19,126260,45
39,19,126260,46
39,19,126260,47
39,19,126260,48
39,19,126260,49
39,19,126260,50
39,19,126260,51
39,19,126260,52
39,19,126260,53
39,19,126260,54
39,19,126260,55
39,19,126260,56
39,19,126260,57
39,19,126260,58
39,19,126260,59
39,19,126260,60
39,19,126260,61
39,19,126260,62
39,19,126260,63
39,19,126260,64
39,19,126260,65
39,19,126260,66
39,19,126260,67
39,19,126260,68
39,19,126260,69
39,19,126260,70
39,19,126260,71
39,19,126260,72
39,19,126260,73
39,19,126260,74
39,19,126260,75
39,19,126260,76
39,19,126260,77
39,19,126260,78
39,19,126260,79
39,19,126260,80
39,19,126260,81
39,19,126260,82
39,19,126260,83
39,19,126260,84
39,19,126260,85
39,19,126260,86
39,19,126260,87
39,19,126260,88
39,19,126260,89
39,19,126260,90
39,19,126260,91
39,19,126260,92
39,19,126260,93
39,19,126260,94
39,19,126260,95
39,19,126260,96
39,19,126260,97
39,19,126260,98
39,19,126260,99
39,19,126260,100
39,19,126260,101
39,19,126260,102
39,19,126260,103
39,19,126260,104
39,19,126260,105
39,19,126260,106
39,19,126260,107
39,19,126260,108
39,19,126260,109
39,19,126260,110
39,19,126260,111
39,19,126260,112
39,19,126260,113
39,19,126260,114
39,19,126260,115
39,19,126260,116
39,19,126260,117
39,19,126260,118
39,19,126260,119
39,19,126260,120
39,19,126260,121
39,19,126260,122
39,19,126260,123
39,19,126260,124
39,19,126260,125
39,19,126260,126
39,19,126260,127
39,19,126260,128
39,19,126260,129
39,19,126260,130
39,19,126260,131
39,19,126260,132
39,19,126260,133
39,19,126260,134
39,19,126260,135
39,19,126260,136
39,19,126260,137
39,19,126260,138
39,19,126260,139
39,19,126260,140
39,19,126260,141
39,19,126260,142
39,19,126260,143
39,19,126260,144
39,19,126260,145
39,19,126260,146
39,19,126260,147
39,19,126260,148
39,19,126260,149
39,19,126260,150
39,19,126260,151
39,19,126260,152
39,19,126260,153
39,19,126260,154
39,19,126260,155
39,19,126260,156
39,19,126260,157
39,19,126260,158
39,19,126260,159
39,19,126260,160
39,19,126260,161
39,19,126260,162
39,19,126260,163
39,19,126260,164
39,19,126260,165
39,19,126260,166
39,19,126260,167
39,19,126260,168
39,19,126260,169
39,19,126260,170
39,19,126260,171
39,19,126260,172
39,19,126260,173
39,19,126260,174
39,19,126260,175
39,19,126260,176
39,19,126260,177
39,19,126260,178
39,19,126260,179
39,19,126260,180
39,19,126260,181
39,19,126260,182
39,19,126260,183
39,19,126260,184
39,19,126260,185
39,19,126260,186
39,19,126260,187
39,19,126260,188
39,19,126260,189
39,19,126260,190
39,19,126260,191
39,19,126260,192
39,19,126260,193
39,19,126260,194
39,19,126260,195
39,19,126260,196
39,19,126260,197
39,19,126260,198
39,19,126260,199
39,17,92995,0
39,17,92995,1
39,17,92995,2
39,17,92995,3
39,17,92995,4
39,17,92995,5
39,17,92995,6
39,17,92995,7
39,17,92995,8
39,17,92995,9
39,17,92995,10
39,17,92995,11
39,17,92995,12
39,17,92995,13
39,17,92995,14
39,17,92995,15
39,17,92995,16
39,17,92995,17
39,17,92995,18
39,17,92995,19
39,17,92995,20
39,17,92995,21
39,17,92995,22
39,17,92995,23
39,17,92995,24
39,17,92995,25
39,17,92995,26
39,17,92995,27
39,17,92995,28
39,17,92995,29
39,17,92995,30
39,17,92995,31
39,17,92995,32
39,17,92995,33
39,17,92995,34
39,17,92995,35
39,17,92995,36
39,17,92995,37
39,17,92995,38
39,17,92995,39
39,17,92995,40
39,17,92995,41
39,17,92995,42
39,17,92995,43
39,17,92995,44
39,17,92995,45
39,17,92995,46
39,17,92995,47
39,17,92995,48
39,17,92995,49
39,17,92995,50
39,17,92995,51
39,17,92995,52
39,17,92995,53
39,17,92995,54
39,17,92995,55
39,17,92995,56
39,17,92995,57
39,17,92995,58
39,17,92995,59
39,17,92995,60
39,17,92995,61
39,17,92995,62
39,17,92995,63
39,17,92995,64
39,17,92995,65
39,17,92995,66
39,17,92995,67
39,17,92995,68
39,17,92995,69
39,17,92995,70
39,17,92995,71
39,17,92995,72
39,17,92995,73
39,17,92995,74
39,17,92995,75
39,17,92995,76
39,17,92995,77
39,17,92995,78
39,17,92995,79
39,17,92995,80
39,17,92995,81
39,17,92995,82
39,17,92995,83
39,17,92995,84
39,17,92995,85
39,17,92995,86
39,17,92995,87
39,17,92995,88
39,17,92995,89
39,17,92995,90
39,17,92995,91
39,17,92995,92
39,17,92995,93
39,17,92995,94
39,17,92995,95
39,17,92995,96
39,17,92995,97
39,17,92995,98
39,17,92995,99
39,17,92995,100
39,17,92995,101
39,17,92995,102
39,17,92995,103
39,17,92995,104
39,17,92995,105
39,17,92995,106
39,17,92995,107
39,17,92995,108
39,17,92995,109
39,17,92995,110
39,17,92995,111
39,17,92995,112
39,17,92995,113
39,17,92995,114
39,17,92995,115
39,17,92995,116
39,17,92995,117
39,17,92995,118
39,17,92995,119
39,17,92995,120
39,17,92995,121
39,17,92995,122
39,17,92995,123
39,17,92995,124
39,17,92995,125
39,17,92995,126
39,17,92995,127
39,17,92995,128
39,17,92995,129
39,17,92995,130
39,17,92995,131
39,17,92995,132
39,17,92995,133
39,17,92995,134
39,17,92995,135
39,17,92995,136
39,17,92995,137
39,17,92995,138
39,17,92995,139
39,17,92995,140
39,17,92995,141
39,17,92995,142
39,17,92995,143
39,17,92995,144
39,17,92995,145
39,17,92995,146
39,17,92995,147
39,17,92995,148
39,17,92995,149
39,17,92995,150
39,17,92995,151
39,17,92995,152
39,17,92995,153
39,17,92995,154
39,17,92995,155
39,17,92995,156
39,17,92995,157
39,17,92995,158
39,17,92995,159
39,17,92995,160
39,17,92995,161
39,17,92995,162
39,17,92995,163
39,17,92995,164
39,17,92995,165
39,17,92995,166
39,17,92995,167
39,17,92995,168
39,17,92995,169
39,17,92995,170
39,17,92995,171
39,17,92995,172
39,17,92995,173
39,17,92995,174
39,17,92995,175
39,17,92995,176
39,17,92995,177
39,17,92995,178
39,17,92995,179
39,17,92995,180
39,17,92995,181
39,17,92995,182
39,17,92995,183
39,17,92995,184
39,17,92995,185
39,17,92995,186
39,17,92995,187
39,17,92995,188
39,17,92995,189
39,17,92995,190
39,17,92995,191
39,17,92995,192
39,17,92995,193
39,17,92995,194
39,17,92995,195
39,17,92995,196
39,17,92995,197
39,17,92995,198
39,17,92995,199
39,3,8675,0
39,3,8675,1
39,3,8675,2
39,3,8675,3
39,3,8675,4
39,3,8675,5
39,3,8675,6
39,3,8675,7
39,3,8675,8
39,3,8675,9
39,3,8675,10
39,3,8675,11
39,3,8675,12
39,3,8675,13
39,3,8675,14
39,3,8675,15
39,3,8675,16
39,3,8675,17
39,3,8675,18
39,3,8675,19
39,3,8675,20
39,3,8675,21
39,3,8675,22
39,3,8675,23
39,3,8675,24
39,3,8675,25
39,3,8675,26
39,3,8675,27
39,3,8675,28
39,3,8675,29
39,3,8675,30
39,3,8675,31
39,3,8675,32
39,3,8675,33
39,3,8675,34
39,3,8675,35
39,3,8675,36
39,3,8675,37
39,3,8675,38
39,3,8675,39
39,3,8675,40
39,3,8675,41
39,3,8675,42
39,3,8675,43
39,3,8675,44
39,3,8675,45
39,3,8675,46
39,3,8675,47
39,3,8675,48
39,3,8675,49
39,3,8675,50
39,3,8675,51
39,3,8675,52
39,3,8675,53
39,3,8675,54
39,3,8675,55
39,3,8675,56
39,3,8675,57
39,3,8675,58
39,3,8675,59
39,3,8675,60
39,3,8675,61
39,3,8675,62
39,3,8675,63
39,3,8675,64
39,3,8675,65
39,3,8675,66
39,3,8675,67
39,3,8675,68
39,3,8675,69
39,3,8675,70
39,3,8675,71
39,3,8675,72
39,3,8675,73
39,3,8675,74
39,3,8675,75
39,3,8675,76
39,3,8675,77
39,3,8675,78
39,3,8675,79
39,3,8675,80
39,3,8675,81
39,3,8675,82
39,3,8675,83
39,3,8675,84
39,3,8675,85
39,3,8675,86
39,3,8675,87
39,3,8675,88
39,3,8675,89
39,3,8675,90
39,3,8675,91
39,3,8675,92
39,3,8675,93
39,3,8675,94
39,3,8675,95
39,3,8675,96
39,3,8675,97
39,3,8675,98
39,3,8675,99
39,3,8675,100
39,3,8675,101
39,3,8675,102
39,3,8675,103
39,3,8675,104
39,3,8675,105
39,3,8675,106
39,3,8675,107
39,3,8675,108
39,3,8675,109
39,3,8675,110
39,3,8675,111
39,3,8675,112
39,3,8675,113
39,3,8675,114
39,3,8675,115
39,3,8675,116
39,3,8675,117
39,3,8675,118
39,3,8675,119
39,3,8675,120
39,3,8675,121
39,3,8675,122
39,3,8675,123
39,3,8675,124
39,3,8675,125
39,3,8675,126
39,3,8675,127
39,3,8675,128
39,3,8675,129
39,3,8675,130
39,3,8675,131
39,3,8675,132
39,3,8675,133
39,3,8675,134
39,3,8675,135
39,3,8675,136
39,3,8675,137
39,3,8675,138
39,3,8675,139
39,3,8675,140
39,3,8675,141
39,3,8675,142
39,3,8675,143
39,3,8675,144
39,3,8675,145
39,3,8675,146
39,3,8675,147
39,3,8675,148
39,3,8675,149
39,3,8675,150
39,3,8675,151
39,3,8675,152
39,3,8675,153
39,3,8675,154
39,3,8675,155
39,3,8675,156
39,3,8675,157
39,3,8675,158
39,3,8675,159
39,3,8675,160
39,3,8675,161
39,3,8675,162
39,3,8675,163
39,3,8675,164
39,3,8675,165
39,3,8675,166
39,3,8675,167
39,3,8675,168
39,3,8675,169
39,3,8675,170
39,3,8675,171
39,3,8675,172
39,3,8675,173
39,3,8675,174
39,3,8675,175
39,3,8675,176
39,3,8675,177
39,3,8675,178
39,3,8675,179
39,3,8675,180
39,3,8675,181
39,3,8675,182
39,3,8675,183
39,3,8675,184
39,3,8675,185
39,3,8675,186
39,3,8675,187
39,3,8675,188
39,3,8675,189
39,3,8675,190
39,3,8675,191
39,3,8675,192
39,3,8675,193
39,3,8675,194
39,3,8675,195
39,3,8675,196
39,3,8675,197
39,3,8675,198
39,3,8675,199
39,5,278755,0
39,5,278755,1
39,5,278755,2
39,5,278755,3
39,5,278755,4
39,5,278755,5
39,5,278755,6
39,5,278755,7
39,5,278755,8
39,5,278755,9
39,5,278755,10
39,5,278755,11
39,5,278755,12
39,5,278755,13
39,5,278755,14
39,5,278755,15
39,5,278755,16
39,5,278755,17
39,5,278755,18
39,5,278755,19
39,5,278755,20
39,5,278755,21
39,5,278755,22
39,5,278755,23
39,5,278755,24
39,5,278755,25
39,5,278755,26
39,5,278755,27
39,5,278755,28
39,5,278755,29
39,5,278755,30
39,5,278755,31
39,5,278755,32
39,5,278755,33
39,5,278755,34
39,5,278755,35
39,5,278755,36
39,5,278755,37
39,5,278755,38
39,5,278755,39
39,5,278755,40
39,5,278755,41
39,5,278755,42
39,5,278755,43
39,5,278755,44
39,5,278755,45
39,5,278755,46
39,5,278755,47
39,5,278755,48
39,5,278755,49
39,5,278755,50
39,5,278755,51
39,5,278755,52
39,5,278755,53
39,5,278755,54
39,5,278755,55
39,5,278755,56
39,5,278755,57
39,5,278755,58
39,5,278755,59
39,5,278755,60
39,5,278755,61
39,5,278755,62
39,5,278755,63
39,5,278755,64
39,5,278755,65
39,5,278755,66
39,5,278755,67
39,5,278755,68
39,5,278755,69
39,5,278755,70
39,5,278755,71
39,5,278755,72
39,5,278755,73
39,5,278755,74
39,5,278755,75
39,5,278755,76
39,5,278755,77
39,5,278755,78
39,5,278755,79
39,5,278755,80
39,5,278755,81
39,5,278755,82
39,5,278755,83
39,5,278755,84
39,5,278755,85
39,5,278755,86
39,5,278755,87
39,5,278755,88
39,5,278755,89
39,5,278755,90
39,5,278755,91
39,5,278755,92
39,5,278755,93
39,5,278755,94
39,5,278755,95
39,5,278755,96
39,5,278755,97
39,5,278755,98
39,5,278755,99
39,5,278755,100
39,5,278755,101
39,5,278755,102
39,5,278755,103
39,5,278755,104
39,5,278755,105
39,5,278755,106
39,5,278755,107
39,5,278755,108
39,5,278755,109
39,5,278755,110
39,5,278755,111
39,5,278755,112
39,5,278755,113
39,5,278755,114
39,5,278755,115
39,5,278755,116
39,5,278755,117
39,5,278755,118
39,5,278755,119
39,5,278755,120
39,5,278755,121
39,5,278755,122
39,5,278755,123
39,5,278755,124
39,5,278755,125
39,5,278755,126
39,5,278755,127
39,5,278755,128
39,5,278755,129
39,5,278755,130
39,5,278755,131
39,5,278755,132
39,5,278755,133
39,5,278755,134
39,5,278755,135
39,5,278755,136
39,5,278755,137
39,5,278755,138
39,5,278755,139
39,5,278755,140
39,5,278755,141
39,5,278755,142
39,5,278755,143
39,5,278755,144
39,5,278755,145
39,5,278755,146
39,5,278755,147
39,5,278755,148
39,5,278755,149
39,5,278755,150
39,5,278755,151
39,5,278755,152
39,5,278755,153
39,5,278755,154
39,5,278755,155
39,5,278755,156
39,5,278755,157
39,5,278755,158
39,5,278755,159
39,5,278755,160
39,5,278755,161
39,5,278755,162
39,5,278755,163
39,5,278755,164
39,5,278755,165
39,5,278755,166
39,5,278755,167
39,5,278755,168
39,5,278755,169
39,5,278755,170
39,5,278755,171
39,5,278755,172
39,5,278755,173
39,5,278755,174
39,5,278755,175
39,5,278755,176
39,5,278755,177
39,5,278755,178
39,5,278755,179
39,5,278755,180
39,5,278755,181
39,5,278755,182
39,5,278755,183
39,5,278755,184
39,5,278755,185
39,5,278755,186
39,5,278755,187
39,5,278755,188
39,5,278755,189
39,5,278755,190
39,5,278755,191
39,5,278755,192
39,5,278755,193
39,5,278755,194
39,5,278755,195
39,5,278755,196
39,5,278755,197
39,5,278755,198
39,5,278755,199
39,8,13705,0
39,8,13705,1
39,8,13705,2
39,8,13705,3
39,8,13705,4
39,8,13705,5
39,8,13705,6
39,8,13705,7
39,8,13705,8
39,8,13705,9
39,8,13705,10
39,8,13705,11
39,8,13705,12
39,8,13705,13
39,8,13705,14
39,8,13705,15
39,8,13705,16
39,8,13705,17
39,8,13705,18
39,8,13705,19
39,8,13705,20
39,8,13705,21
39,8,13705,22
39,8,13705,23
39,8,13705,24
39,8,13705,25
39,8,13705,26
39,8,13705,27
39,8,13705,28
39,8,13705,29
39,8,13705,30
39,8,13705,31
39,8,13705,32
39,8,13705,33
39,8,13705,34
39,8,13705,35
39,8,13705,36
39,8,13705,37
39,8,13705,38
39,8,13705,39
39,8,13705,40
39,8,13705,41
39,8,13705,42
39,8,13705,43
39,8,13705,44
39,8,13705,45
39,8,13705,46
39,8,13705,47
39,8,13705,48
39,8,13705,49
39,8,13705,50
39,8,13705,51
39,8,13705,52
39,8,13705,53
39,8,13705,54
39,8,13705,55
39,8,13705,56
39,8,13705,57
39,8,13705,58
39,8,13705,59
39,8,13705,60
39,8,13705,61
39,8,13705,62
39,8,13705,63
39,8,13705,64
39,8,13705,65
39,8,13705,66
39,8,13705,67
39,8,13705,68
39,8,13705,69
39,8,13705,70
39,8,13705,71
39,8,13705,72
39,8,13705,73
39,8,13705,74
39,8,13705,75
39,8,13705,76
39,8,13705,77
39,8,13705,78
39,8,13705,79
39,8,13705,80
39,8,13705,81
39,8,13705,82
39,8,13705,83
39,8,13705,84
39,8,13705,85
39,8,13705,86
39,8,13705,87
39,8,13705,88
39,8,13705,89
39,8,13705,90
39,8,13705,91
39,8,13705,92
39,8,13705,93
39,8,13705,94
39,8,13705,95
39,8,13705,96
39,8,13705,97
39,8,13705,98
39,8,13705,99
39,8,13705,100
39,8,13705,101
39,8,13705,102
39,8,13705,103
39,8,13705,104
39,8,13705,105
39,8,13705,106
39,8,13705,107
39,8,13705,108
39,8,13705,109
39,8,13705,110
39,8,13705,111
39,8,13705,112
39,8,13705,113
39,8,13705,114
39,8,13705,115
39,8,13705,116
39,8,13705,117
39,8,13705,118
39,8,13705,119
39,8,13705,120
39,8,13705,121
39,8,13705,122
39,8,13705,123
39,8,13705,124
39,8,13705,125
39,8,13705,126
39,8,13705,127
39,8,13705,128
39,8,13705,129
39,8,13705,130
39,8,13705,131
39,8,13705,132
39,8,13705,133
39,8,13705,134
39,8,13705,135
39,8,13705,136
39,8,13705,137
39,8,13705,138
39,8,13705,139
39,8,13705,140
39,8,13705,141
39,8,13705,142
39,8,13705,143
39,8,13705,144
39,8,13705,145
39,8,13705,146
39,8,13705,147
39,8,13705,148
39,8,13705,149
39,8,13705,150
39,8,13705,151
39,8,13705,152
39,8,13705,153
39,8,13705,154
39,8,13705,155
39,8,13705,156
39,8,13705,157
39,8,13705,158
39,8,13705,159
39,8,13705,160
39,8,13705,161
39,8,13705,162
39,8,13705,163
39,8,13705,164
39,8,13705,165
39,8,13705,166
39,8,13705,167
39,8,13705,168
39,8,13705,169
39,8,13705,170
39,8,13705,171
39,8,13705,172
39,8,13705,173
39,8,13705,174
39,8,13705,175
39,8,13705,176
39,8,13705,177
39,8,13705,178
39,8,13705,179
39,8,13705,180
39,8,13705,181
39,8,13705,182
39,8,13705,183
39,8,13705,184
39,8,13705,185
39,8,13705,186
39,8,13705,187
39,8,13705,188
39,8,13705,189
39,8,13705,190
39,8,13705,191
39,8,13705,192
39,8,13705,193
39,8,13705,194
39,8,13705,195
39,8,13705,196
39,8,13705,197
39,8,13705,198
39,8,13705,199
39,9,399510,0
39,9,399510,1
39,9,399510,2
39,9,399510,3
39,9,399510,4
39,9,399510,5
39,9,399510,6
39,9,399510,7
39,9,399510,8
39,9,399510,9
39,9,399510,10
39,9,399510,11
39,9,399510,12
39,9,399510,13
39,9,399510,14
39,9,399510,15
39,9,399510,16
39,9,399510,17
39,9,399510,18
39,9,399510,19
39,9,399510,20
39,9,399510,21
39,9,399510,22
39,9,399510,23
39,9,399510,24
39,9,399510,25
39,9,399510,26
39,9,399510,27
39,9,399510,28
39,9,399510,29
39,9,399510,30
39,9,399510,31
39,9,399510,32
39,9,399510,33
39,9,399510,34
39,9,399510,35
39,9,399510,36
39,9,399510,37
39,9,399510,38
39,9,399510,39
39,9,399510,40
39,9,399510,41
39,9,399510,42
39,9,399510,43
39,9,399510,44
39,9,399510,45
39,9,399510,46
39,9,399510,47
39,9,399510,48
39,9,399510,49
39,9,399510,50
39,9,399510,51
39,9,399510,52
39,9,399510,53
39,9,399510,54
39,9,399510,55
39,9,399510,56
39,9,399510,57
39,9,399510,58
39,9,399510,59
39,9,399510,60
39,9,399510,61
39,9,399510,62
39,9,399510,63
39,9,399510,64
39,9,399510,65
39,9,399510,66
39,9,399510,67
39,9,399510,68
39,9,399510,69
39,9,399510,70
39,9,399510,71
39,9,399510,72
39,9,399510,73
39,9,399510,74
39,9,399510,75
39,9,399510,76
39,9,399510,77
39,9,399510,78
39,9,399510,79
39,9,399510,80
39,9,399510,81
39,9,399510,82
39,9,399510,83
39,9,399510,84
39,9,399510,85
39,9,399510,86
39,9,399510,87
39,9,399510,88
39,9,399510,89
39,9,399510,90
39,9,399510,91
39,9,399510,92
39,9,399510,93
39,9,399510,94
39,9,399510,95
39,9,399510,96
39,9,399510,97
39,9,399510,98
39,9,399510,99
39,9,399510,100
39,9,399510,101
39,9,399510,102
39,9,399510,103
39,9,399510,104
39,9,399510,105
39,9,399510,106
39,9,399510,107
39,9,399510,108
39,9,399510,109
39,9,399510,110
39,9,399510,111
39,9,399510,112
39,9,399510,113
39,9,399510,114
39,9,399510,115
39,9,399510,116
39,9,399510,117
39,9,399510,118
39,9,399510,119
39,9,399510,120
39,9,399510,121
39,9,399510,122
39,9,399510,123
39,9,399510,124
39,9,399510,125
39,9,399510,126
39,9,399510,127
39,9,399510,128
39,9,399510,129
39,9,399510,130
39,9,399510,131
39,9,399510,132
39,9,399510,133
39,9,399510,134
39,9,399510,135
39,9,399510,136
39,9,399510,137
39,9,399510,138
39,9,399510,139
39,9,399510,140
39,9,399510,141
39,9,399510,142
39,9,399510,143
39,9,399510,144
39,9,399510,145
39,9,399510,146
39,9,399510,147
39,9,399510,148
39,9,399510,149
39,9,399510,150
39,9,399510,151
39,9,399510,152
39,9,399510,153
39,9,399510,154
39,9,399510,155
39,9,399510,156
39,9,399510,157
39,9,399510,158
39,9,399510,159
39,9,399510,160
39,9,399510,161
39,9,399510,162
39,9,399510,163
39,9,399510,164
39,9,399510,165
39,9,399510,166
39,9,399510,167
39,9,399510,168
39,9,399510,169
39,9,399510,170
39,9,399510,171
39,9,399510,172
39,9,399510,173
39,9,399510,174
39,9,399510,175
39,9,399510,176
39,9,399510,177
39,9,399510,178
39,9,399510,179
39,9,399510,180
39,9,399510,181
39,9,399510,182
39,9,399510,183
39,9,399510,184
39,9,399510,185
39,9,399510,186
39,9,399510,187
39,9,399510,188
39,9,399510,189
39,9,399510,190
39,9,399510,191
39,9,399510,192
39,9,399510,193
39,9,399510,194
39,9,399510,195
39,9,399510,196
39,9,399510,197
39,9,399510,198
39,9,399510,199
39,21,726930,0
39,21,726930,1
39,21,726930,2
39,21,726930,3
39,21,726930,4
39,21,726930,5
39,21,726930,6
39,21,726930,7
39,21,726930,8
39,21,726930,9
39,21,726930,10
39,21,726930,11
39,21,726930,12
39,21,726930,13
39,21,726930,14
39,21,726930,15
39,21,726930,16
39,21,726930,17
39,21,726930,18
39,21,726930,19
39,21,726930,20
39,21,726930,21
39,21,726930,22
39,21,726930,23
39,21,726930,24
39,21,726930,25
39,21,726930,26
39,21,726930,27
39,21,726930,28
39,21,726930,29
39,21,726930,30
39,21,726930,31
39,21,726930,32
39,21,726930,33
39,21,726930,34
39,21,726930,35
39,21,726930,36
39,21,726930,37
39,21,726930,38
39,21,726930,39
39,21,726930,40
39,21,726930,41
39,21,726930,42
39,21,726930,43
39,21,726930,44
39,21,726930,45
39,21,726930,46
39,21,726930,47
39,21,726930,48
39,21,726930,49
39,21,726930,50
39,21,726930,51
39,21,726930,52
39,21,726930,53
39,21,726930,54
39,21,726930,55
39,21,726930,56
39,21,726930,57
39,21,726930,58
39,21,726930,59
39,21,726930,60
39,21,726930,61
39,21,726930,62
39,21,726930,63
39,21,726930,64
39,21,726930,65
39,21,726930,66
39,21,726930,67
39,21,726930,68
39,21,726930,69
39,21,726930,70
39,21,726930,71
39,21,726930,72
39,21,726930,73
39,21,726930,74
39,21,726930,75
39,21,726930,76
39,21,726930,77
39,21,726930,78
39,21,726930,79
39,21,726930,80
39,21,726930,81
39,21,726930,82
39,21,726930,83
39,21,726930,84
39,21,726930,85
39,21,726930,86
39,21,726930,87
39,21,726930,88
39,21,726930,89
39,21,726930,90
39,21,726930,91
39,21,726930,92
39,21,726930,93
39,21,726930,94
39,21,726930,95
39,21,726930,96
39,21,726930,97
39,21,726930,98
39,21,726930,99
39,21,726930,100
39,21,726930,101
39,21,726930,102
39,21,726930,103
39,21,726930,104
39,21,726930,105
39,21,726930,106
39,21,726930,107
39,21,726930,108
39,21,726930,109
39,21,726930,110
39,21,726930,111
39,21,726930,112
39,21,726930,113
39,21,726930,114
39,21,726930,115
39,21,726930,116
39,21,726930,117
39,21,726930,118
39,21,726930,119
39,21,726930,120
39,21,726930,121
39,21,726930,122
39,21,726930,123
39,21,726930,124
39,21,726930,125
39,21,726930,126
39,21,726930,127
39,21,726930,128
39,21,726930,129
39,21,726930,130
39,21,726930,131
39,21,726930,132
39,21,726930,133
39,21,726930,134
39,21,726930,135
39,21,726930,136
39,21,726930,137
39,21,726930,138
39,21,726930,139
39,21,726930,140
39,21,726930,141
39,21,726930,142
39,21,726930,143
39,21,726930,144
39,21,726930,145
39,21,726930,146
39,21,726930,147
39,21,726930,148
39,21,726930,149
39,21,726930,150
39,21,726930,151
39,21,726930,152
39,21,726930,153
39,21,726930,154
39,21,726930,155
39,21,726930,156
39,21,726930,157
39,21,726930,158
39,21,726930,159
39,21,726930,160
39,21,726930,161
39,21,726930,162
39,21,726930,163
39,21,726930,164
39,21,726930,165
39,21,726930,166
39,21,726930,167
39,21,726930,168
39,21,726930,169
39,21,726930,170
39,21,726930,171
39,21,726930,172
39,21,726930,173
39,21,726930,174
39,21,726930,175
39,21,726930,176
39,21,726930,177
39,21,726930,178
39,21,726930,179
39,21,726930,180
39,21,726930,181
39,21,726930,182
39,21,726930,183
39,21,726930,184
39,21,726930,185
39,21,726930,186
39,21,726930,187
39,21,726930,188
39,21,726930,189
39,21,726930,190
39,21,726930,191
39,21,726930,192
39,21,726930,193
39,21,726930,194
39,21,726930,195
39,21,726930,196
39,21,726930,197
39,21,726930,198
39,21,726930,199
39,14,499540,0
39,14,499540,1
39,14,499540,2
39,14,499540,3
39,14,499540,4
39,14,499540,5
39,14,499540,6
39,14,499540,7
39,14,499540,8
39,14,499540,9
39,14,499540,10
39,14,499540,11
39,14,499540,12
39,14,499540,13
39,14,499540,14
39,14,499540,15
39,14,499540,16
39,14,499540,17
39,14,499540,18
39,14,499540,19
39,14,499540,20
39,14,499540,21
39,14,499540,22
39,14,499540,23
39,14,499540,24
39,14,499540,25
39,14,499540,26
39,14,499540,27
39,14,499540,28
39,14,499540,29
39,14,499540,30
39,14,499540,31
39,14,499540,32
39,14,499540,33
39,14,499540,34
39,14,499540,35
39,14,499540,36
39,14,499540,37
39,14,499540,38
39,14,499540,39
39,14,499540,40
39,14,499540,41
39,14,499540,42
39,14,499540,43
39,14,499540,44
39,14,499540,45
39,14,499540,46
39,14,499540,47
39,14,499540,48
39,14,499540,49
39,14,499540,50
39,14,499540,51
39,14,499540,52
39,14,499540,53
39,14,499540,54
39,14,499540,55
39,14,499540,56
39,14,499540,57
39,14,499540,58
39,14,499540,59
39,14,499540,60
39,14,499540,61
39,14,499540,62
39,14,499540,63
39,14,499540,64
39,14,499540,65
39,14,499540,66
39,14,499540,67
39,14,499540,68
39,14,499540,69
39,14,499540,70
39,14,499540,71
39,14,499540,72
39,14,499540,73
39,14,499540,74
39,14,499540,75
39,14,499540,76
39,14,499540,77
39,14,499540,78
39,14,499540,79
39,14,499540,80
39,14,499540,81
39,14,499540,82
39,14,499540,83
39,14,499540,84
39,14,499540,85
39,14,499540,86
39,14,499540,87
39,14,499540,88
39,14,499540,89
39,14,499540,90
39,14,499540,91
39,14,499540,92
39,14,499540,93
39,14,499540,94
39,14,499540,95
39,14,499540,96
39,14,499540,97
39,14,499540,98
39,14,499540,99
39,14,499540,100
39,14,499540,101
39,14,499540,102
39,14,499540,103
39,14,499540,104
39,14,499540,105
39,14,499540,106
39,14,499540,107
39,14,499540,108
39,14,499540,109
39,14,499540,110
39,14,499540,111
39,14,499540,112
39,14,499540,113
39,14,499540,114
39,14,499540,115
39,14,499540,116
39,14,499540,117
39,14,499540,118
39,14,499540,119
39,14,499540,120
39,14,499540,121
39,14,499540,122
39,14,499540,123
39,14,499540,124
39,14,499540,125
39,14,499540,126
39,14,499540,127
39,14,499540,128
39,14,499540,129
39,14,499540,130
39,14,499540,131
39,14,499540,132
39,14,499540,133
39,14,499540,134
39,14,499540,135
39,14,499540,136
39,14,499540,137
39,14,499540,138
39,14,499540,139
39,14,499540,140
39,14,499540,141
39,14,499540,142
39,14,499540,143
39,14,499540,144
39,14,499540,145
39,14,499540,146
39,14,499540,147
39,14,499540,148
39,14,499540,149
39,14,499540,150
39,14,499540,151
39,14,499540,152
39,14,499540,153
39,14,499540,154
39,14,499540,155
39,14,499540,156
39,14,499540,157
39,14,499540,158
39,14,499540,159
39,14,499540,160
39,14,499540,161
39,14,499540,162
39,14,499540,163
39,14,499540,164
39,14,499540,165
39,14,499540,166
39,14,499540,167
39,14,499540,168
39,14,499540,169
39,14,499540,170
39,14,499540,171
39,14,499540,172
39,14,499540,173
39,14,499540,174
39,14,499540,175
39,14,499540,176
39,14,499540,177
39,14,499540,178
39,14,499540,179
39,14,499540,180
39,14,499540,181
39,14,499540,182
39,14,499540,183
39,14,499540,184
39,14,499540,185
39,14,499540,186
39,14,499540,187
39,14,499540,188
39,14,499540,189
39,14,499540,190
39,14,499540,191
39,14,499540,192
39,14,499540,193
39,14,499540,194
39,14,499540,195
39,14,499540,196
39,14,499540,197
39,14,499540,198
39,14,499540,199
39,20,230870,0
39,20,230870,1
39,20,230870,2
39,20,230870,3
39,20,230870,4
39,20,230870,5
39,20,230870,6
39,20,230870,7
39,20,230870,8
39,20,230870,9
39,20,230870,10
39,20,230870,11
39,20,230870,12
39,20,230870,13
39,20,230870,14
39,20,230870,15
39,20,230870,16
39,20,230870,17
39,20,230870,18
39,20,230870,19
39,20,230870,20
39,20,230870,21
39,20,230870,22
39,20,230870,23
39,20,230870,24
39,20,230870,25
39,20,230870,26
39,20,230870,27
39,20,230870,28
39,20,230870,29
39,20,230870,30
39,20,230870,31
39,20,230870,32
39,20,230870,33
39,20,230870,34
39,20,230870,35
39,20,230870,36
39,20,230870,37
39,20,230870,38
39,20,230870,39
39,20,230870,40
39,20,230870,41
39,20,230870,42
39,20,230870,43
39,20,230870,44
39,20,230870,45
39,20,230870,46
39,20,230870,47
39,20,230870,48
39,20,230870,49
39,20,230870,50
39,20,230870,51
39,20,230870,52
39,20,230870,53
39,20,230870,54
39,20,230870,55
39,20,230870,56
39,20,230870,57
39,20,230870,58
39,20,230870,59
39,20,230870,60
39,20,230870,61
39,20,230870,62
39,20,230870,63
39,20,230870,64
39,20,230870,65
39,20,230870,66
39,20,230870,67
39,20,230870,68
39,20,230870,69
39,20,230870,70
39,20,230870,71
39,20,230870,72
39,20,230870,73
39,20,230870,74
39,20,230870,75
39,20,230870,76
39,20,230870,77
39,20,230870,78
39,20,230870,79
39,20,230870,80
39,20,230870,81
39,20,230870,82
39,20,230870,83
39,20,230870,84
39,20,230870,85
39,20,230870,86
39,20,230870,87
39,20,230870,88
39,20,230870,89
39,20,230870,90
39,20,230870,91
39,20,230870,92
39,20,230870,93
39,20,230870,94
39,20,230870,95
39,20,230870,96
39,20,230870,97
39,20,230870,98
39,20,230870,99
39,20,230870,100
39,20,230870,101
39,20,230870,102
39,20,230870,103
39,20,230870,104
39,20,230870,105
39,20,230870,106
39,20,230870,107
39,20,230870,108
39,20,230870,109
39,20,230870,110
39,20,230870,111
39,20,230870,112
39,20,230870,113
39,20,230870,114
39,20,230870,115
39,20,230870,116
39,20,230870,117
39,20,230870,118
39,20,230870,119
39,20,230870,120
39,20,230870,121
39,20,230870,122
39,20,230870,123
39,20,230870,124
39,20,230870,125
39,20,230870,126
39,20,230870,127
39,20,230870,128
39,20,230870,129
39,20,230870,130
39,20,230870,131
39,20,230870,132
39,20,230870,133
39,20,230870,134
39,20,230870,135
39,20,230870,136
39,20,230870,137
39,20,230870,138
39,20,230870,139
39,20,230870,140
39,20,230870,141
39,20,230870,142
39,20,230870,143
39,20,230870,144
39,20,230870,145
39,20,230870,146
39,20,230870,147
39,20,230870,148
39,20,230870,149
39,20,230870,150
39,20,230870,151
39,20,230870,152
39,20,230870,153
39,20,230870,154
39,20,230870,155
39,20,230870,156
39,20,230870,157
39,20,230870,158
39,20,230870,159
39,20,230870,160
39,20,230870,161
39,20,230870,162
39,20,230870,163
39,20,230870,164
39,20,230870,165
39,20,230870,166
39,20,230870,167
39,20,230870,168
39,20,230870,169
39,20,230870,170
39,20,230870,171
39,20,230870,172
39,20,230870,173
39,20,230870,174
39,20,230870,175
39,20,230870,176
39,20,230870,177
39,20,230870,178
39,20,230870,179
39,20,230870,180
39,20,230870,181
39,20,230870,182
39,20,230870,183
39,20,230870,184
39,20,230870,185
39,20,230870,186
39,20,230870,187
39,20,230870,188
39,20,230870,189
39,20,230870,190
39,20,230870,191
39,20,230870,192
39,20,230870,193
39,20,230870,194
39,20,230870,195
39,20,230870,196
39,20,230870,197
39,20,230870,198
39,20,230870,199
39,27,245075,0
39,27,245075,1
39,27,245075,2
39,27,245075,3
39,27,245075,4
39,27,245075,5
39,27,245075,6
39,27,245075,7
39,27,245075,8
39,27,245075,9
39,27,245075,10
39,27,245075,11
39,27,245075,12
39,27,245075,13
39,27,245075,14
39,27,245075,15
39,27,245075,16
39,27,245075,17
39,27,245075,18
39,27,245075,19
39,27,245075,20
39,27,245075,21
39,27,245075,22
39,27,245075,23
39,27,245075,24
39,27,245075,25
39,27,245075,26
39,27,245075,27
39,27,245075,28
39,27,245075,29
39,27,245075,30
39,27,245075,31
39,27,245075,32
39,27,245075,33
39,27,245075,34
39,27,245075,35
39,27,245075,36
39,27,245075,37
39,27,245075,38
39,27,245075,39
39,27,245075,40
39,27,245075,41
39,27,245075,42
39,27,245075,43
39,27,245075,44
39,27,245075,45
39,27,245075,46
39,27,245075,47
39,27,245075,48
39,27,245075,49
39,27,245075,50
39,27,245075,51
39,27,245075,52
39,27,245075,53
39,27,245075,54
39,27,245075,55
39,27,245075,56
39,27,245075,57
39,27,245075,58
39,27,245075,59
39,27,245075,60
39,27,245075,61
39,27,245075,62
39,27,245075,63
39,27,245075,64
39,27,245075,65
39,27,245075,66
39,27,245075,67
39,27,245075,68
39,27,245075,69
39,27,245075,70
39,27,245075,71
39,27,245075,72
39,27,245075,73
39,27,245075,74
39,27,245075,75
39,27,245075,76
39,27,245075,77
39,27,245075,78
39,27,245075,79
39,27,245075,80
39,27,245075,81
39,27,245075,82
39,27,245075,83
39,27,245075,84
39,27,245075,85
39,27,245075,86
39,27,245075,87
39,27,245075,88
39,27,245075,89
39,27,245075,90
39,27,245075,91
39,27,245075,92
39,27,245075,93
39,27,245075,94
39,27,245075,95
39,27,245075,96
39,27,245075,97
39,27,245075,98
39,27,245075,99
39,27,245075,100
39,27,245075,101
39,27,245075,102
39,27,245075,103
39,27,245075,104
39,27,245075,105
39,27,245075,106
39,27,245075,107
39,27,245075,108
39,27,245075,109
39,27,245075,110
39,27,245075,111
39,27,245075,112
39,27,245075,113
39,27,245075,114
39,27,245075,115
39,27,245075,116
39,27,245075,117
39,27,245075,118
39,27,245075,119
39,27,245075,120
39,27,245075,121
39,27,245075,122
39,27,245075,123
39,27,245075,124
39,27,245075,125
39,27,245075,126
39,27,245075,127
39,27,245075,128
39,27,245075,129
39,27,245075,130
39,27,245075,131
39,27,245075,132
39,27,245075,133
39,27,245075,134
39,27,245075,135
39,27,245075,136
39,27,245075,137
39,27,245075,138
39,27,245075,139
39,27,245075,140
39,27,245075,141
39,27,245075,142
39,27,245075,143
39,27,245075,144
39,27,245075,145
39,27,245075,146
39,27,245075,147
39,27,245075,148
39,27,245075,149
39,27,245075,150
39,27,245075,151
39,27,245075,152
39,27,245075,153
39,27,245075,154
39,27,245075,155
39,27,245075,156
39,27,245075,157
39,27,245075,158
39,27,245075,159
39,27,245075,160
39,27,245075,161
39,27,245075,162
39,27,245075,163
39,27,245075,164
39,27,245075,165
39,27,245075,166
39,27,245075,167
39,27,245075,168
39,27,245075,169
39,27,245075,170
39,27,245075,171
39,27,245075,172
39,27,245075,173
39,27,245075,174
39,27,245075,175
39,27,245075,176
39,27,245075,177
39,27,245075,178
39,27,245075,179
39,27,245075,180
39,27,245075,181
39,27,245075,182
39,27,245075,183
39,27,245075,184
39,27,245075,185
39,27,245075,186
39,27,245075,187
39,27,245075,188
39,27,245075,189
39,27,245075,190
39,27,245075,191
39,27,245075,192
39,27,245075,193
39,27,245075,194
39,27,245075,195
39,27,245075,196
39,27,245075,197
39,27,245075,198
39,27,245075,199
22,0,63415,0
22,0,63415,1
22,0,63415,2
22,0,63415,3
22,0,63415,4
22,0,63415,5
22,0,63415,6
22,0,63415,7
22,0,63415,8
22,0,63415,9
22,0,63415,10
22,0,63415,11
22,0,63415,12
22,0,63415,13
22,0,63415,14
22,0,63415,15
22,0,63415,16
22,0,63415,17
22,0,63415,18
22,0,63415,19
22,0,63415,20
22,0,63415,21
22,0,63415,22
22,0,63415,23
22,0,63415,24
22,0,63415,25
22,0,63415,26
22,0,63415,27
22,0,63415,28
22,0,63415,29
22,0,63415,30
22,0,63415,31
22,0,63415,32
22,0,63415,33
22,0,63415,34
22,0,63415,35
22,0,63415,36
22,0,63415,37
22,0,63415,38
22,0,63415,39
22,0,63415,40
22,0,63415,41
22,0,63415,42
22,0,63415,43
22,0,63415,44
22,0,63415,45
22,0,63415,46
22,0,63415,47
22,0,63415,48
22,0,63415,49
22,0,63415,50
22,0,63415,51
22,0,63415,52
22,0,63415,53
22,0,63415,54
22,0,63415,55
22,0,63415,56
22,0,63415,57
22,0,63415,58
22,0,63415,59
22,0,63415,60
22,0,63415,61
22,0,63415,62
22,0,63415,63
22,0,63415,64
22,0,63415,65
22,0,63415,66
22,0,63415,67
22,0,63415,68
22,0,63415,69
22,0,63415,70
22,0,63415,71
22,0,63415,72
22,0,63415,73
22,0,63415,74
22,0,63415,75
22,0,63415,76
22,0,63415,77
22,0,63415,78
22,0,63415,79
22,0,63415,80
22,0,63415,81
22,0,63415,82
22,0,63415,83
22,0,63415,84
22,0,63415,85
22,0,63415,86
22,0,63415,87
22,0,63415,88
22,0,63415,89
22,0,63415,90
22,0,63415,91
22,0,63415,92
22,0,63415,93
22,0,63415,94
22,0,63415,95
22,0,63415,96
22,0,63415,97
22,0,63415,98
22,0,63415,99
22,0,63415,100
22,0,63415,101
22,0,63415,102
22,0,63415,103
22,0,63415,104
22,0,63415,105
22,0,63415,106
22,0,63415,107
22,0,63415,108
22,0,63415,109
22,0,63415,110
22,0,63415,111
22,0,63415,112
22,0,63415,113
22,0,63415,114
22,0,63415,115
22,0,63415,116
22,0,63415,117
22,0,63415,118
22,0,63415,119
22,0,63415,120
22,0,63415,121
22,0,63415,122
22,0,63415,123
22,0,63415,124
22,0,63415,125
22,0,63415,126
22,0,63415,127
22,0,63415,128
22,0,63415,129
22,0,63415,130
22,0,63415,131
22,0,63415,132
22,0,63415,133
22,0,63415,134
22,0,63415,135
22,0,63415,136
22,0,63415,137
22,0,63415,138
22,0,63415,139
22,0,63415,140
22,0,63415,141
22,0,63415,142
22,0,63415,143
22,0,63415,144
22,0,63415,145
22,0,63415,146
22,0,63415,147
22,0,63415,148
22,0,63415,149
22,0,63415,150
22,0,63415,151
22,0,63415,152
22,0,63415,153
22,0,63415,154
22,0,63415,155
22,0,63415,156
22,0,63415,157
22,0,63415,158
22,0,63415,159
22,0,63415,160
22,0,63415,161
22,0,63415,162
22,0,63415,163
22,0,63415,164
22,0,63415,165
22,0,63415,166
22,0,63415,167
22,0,63415,168
22,0,63415,169
22,0,63415,170
22,0,63415,171
22,0,63415,172
22,0,63415,173
22,0,63415,174
22,0,63415,175
22,0,63415,176
22,0,63415,177
22,0,63415,178
22,0,63415,179
22,0,63415,180
22,0,63415,181
22,0,63415,182
22,0,63415,183
22,0,63415,184
22,0,63415,185
22,0,63415,186
22,0,63415,187
22,0,63415,188
22,0,63415,189
22,0,63415,190
22,0,63415,191
22,0,63415,192
22,0,63415,193
22,0,63415,194
22,0,63415,195
22,0,63415,196
22,0,63415,197
22,0,63415,198
22,0,63415,199
22,26,90805,0
22,26,90805,1
22,26,90805,2
22,26,90805,3
22,26,90805,4
22,26,90805,5
22,26,90805,6
22,26,90805,7
22,26,90805,8
22,26,90805,9
22,26,90805,10
22,26,90805,11
22,26,90805,12
22,26,90805,13
22,26,90805,14
22,26,90805,15
22,26,90805,16
22,26,90805,17
22,26,90805,18
22,26,90805,19
22,26,90805,20
22,26,90805,21
22,26,90805,22
22,26,90805,23
22,26,90805,24
22,26,90805,25
22,26,90805,26
22,26,90805,27
22,26,90805,28
22,26,90805,29
22,26,90805,30
22,26,90805,31
22,26,90805,32
22,26,90805,33
22,26,90805,34
22,26,90805,35
22,26,90805,36
22,26,90805,37
22,26,90805,38
22,26,90805,39
22,26,90805,40
22,26,90805,41
22,26,90805,42
22,26,90805,43
22,26,90805,44
22,26,90805,45
22,26,90805,46
22,26,90805,47
22,26,90805,48
22,26,90805,49
22,26,90805,50
22,26,90805,51
22,26,90805,52
22,26,90805,53
22,26,90805,54
22,26,90805,55
22,26,90805,56
22,26,90805,57
22,26,90805,58
22,26,90805,59
22,26,90805,60
22,26,90805,61
22,26,90805,62
22,26,90805,63
22,26,90805,64
22,26,90805,65
22,26,90805,66
22,26,90805,67
22,26,90805,68
22,26,90805,69
22,26,90805,70
22,26,90805,71
22,26,90805,72
22,26,90805,73
22,26,90805,74
22,26,90805,75
22,26,90805,76
22,26,90805,77
22,26,90805,78
22,26,90805,79
22,26,90805,80
22,26,90805,81
22,26,90805,82
22,26,90805,83
22,26,90805,84
22,26,90805,85
22,26,90805,86
22,26,90805,87
22,26,90805,88
22,26,90805,89
22,26,90805,90
22,26,90805,91
22,26,90805,92
22,26,90805,93
22,26,90805,94
22,26,90805,95
22,26,90805,96
22,26,90805,97
22,26,90805,98
22,26,90805,99
22,26,90805,100
22,26,90805,101
22,26,90805,102
22,26,90805,103
22,26,90805,104
22,26,90805,105
22,26,90805,106
22,26,90805,107
22,26,90805,108
22,26,90805,109
22,26,90805,110
22,26,90805,111
22,26,90805,112
22,26,90805,113
22,26,90805,114
22,26,90805,115
22,26,90805,116
22,26,90805,117
22,26,90805,118
22,26,90805,119
22,26,90805,120
22,26,90805,121
22,26,90805,122
22,26,90805,123
22,26,90805,124
22,26,90805,125
22,26,90805,126
22,26,90805,127
22,26,90805,128
22,26,90805,129
22,26,90805,130
22,26,90805,131
22,26,90805,132
22,26,90805,133
22,26,90805,134
22,26,90805,135
22,26,90805,136
22,26,90805,137
22,26,90805,138
22,26,90805,139
22,26,90805,140
22,26,90805,141
22,26,90805,142
22,26,90805,143
22,26,90805,144
22,26,90805,145
22,26,90805,146
22,26,90805,147
22,26,90805,148
22,26,90805,149
22,26,90805,150
22,26,90805,151
22,26,90805,152
22,26,90805,153
22,26,90805,154
22,26,90805,155
22,26,90805,156
22,26,90805,157
22,26,90805,158
22,26,90805,159
22,26,90805,160
22,26,90805,161
22,26,90805,162
22,26,90805,163
22,26,90805,164
22,26,90805,165
22,26,90805,166
22,26,90805,167
22,26,90805,168
22,26,90805,169
22,26,90805,170
22,26,90805,171
22,26,90805,172
22,26,90805,173
22,26,90805,174
22,26,90805,175
22,26,90805,176
22,26,90805,177
22,26,90805,178
22,26,90805,179
22,26,90805,180
22,26,90805,181
22,26,90805,182
22,26,90805,183
22,26,90805,184
22,26,90805,185
22,26,90805,186
22,26,90805,187
22,26,90805,188
22,26,90805,189
22,26,90805,190
22,26,90805,191
22,26,90805,192
22,26,90805,193
22,26,90805,194
22,26,90805,195
22,26,90805,196
22,26,90805,197
22,26,90805,198
22,26,90805,199
22,1,137960,0
22,1,137960,1
22,1,137960,2
22,1,137960,3
22,1,137960,4
22,1,137960,5
22,1,137960,6
22,1,137960,7
22,1,137960,8
22,1,137960,9
22,1,137960,10
22,1,137960,11
22,1,137960,12
22,1,137960,13
22,1,137960,14
22,1,137960,15
22,1,137960,16
22,1,137960,17
22,1,137960,18
22,1,137960,19
22,1,137960,20
22,1,137960,21
22,1,137960,22
22,1,137960,23
22,1,137960,24
22,1,137960,25
22,1,137960,26
22,1,137960,27
22,1,137960,28
22,1,137960,29
22,1,137960,30
22,1,137960,31
22,1,137960,32
22,1,137960,33
22,1,137960,34
22,1,137960,35
22,1,137960,36
22,1,137960,37
22,1,137960,38
22,1,137960,39
22,1,137960,40
22,1,137960,41
22,1,137960,42
22,1,137960,43
22,1,137960,44
22,1,137960,45
22,1,137960,46
22,1,137960,47
22,1,137960,48
22,1,137960,49
22,1,137960,50
22,1,137960,51
22,1,137960,52
22,1,137960,53
22,1,137960,54
22,1,137960,55
22,1,137960,56
22,1,137960,57
22,1,137960,58
22,1,137960,59
22,1,137960,60
22,1,137960,61
22,1,137960,62
22,1,137960,63
22,1,137960,64
22,1,137960,65
22,1,137960,66
22,1,137960,67
22,1,137960,68
22,1,137960,69
22,1,137960,70
22,1,137960,71
22,1,137960,72
22,1,137960,73
22,1,137960,74
22,1,137960,75
22,1,137960,76
22,1,137960,77
22,1,137960,78
22,1,137960,79
22,1,137960,80
22,1,137960,81
22,1,137960,82
22,1,137960,83
22,1,137960,84
22,1,137960,85
22,1,137960,86
22,1,137960,87
22,1,137960,88
22,1,137960,89
22,1,137960,90
22,1,137960,91
22,1,137960,92
22,1,137960,93
22,1,137960,94
22,1,137960,95
22,1,137960,96
22,1,137960,97
22,1,137960,98
22,1,137960,99
22,1,137960,100
22,1,137960,101
22,1,137960,102
22,1,137960,103
22,1,137960,104
22,1,137960,105
22,1,137960,106
22,1,137960,107
22,1,137960,108
22,1,137960,109
22,1,137960,110
22,1,137960,111
22,1,137960,112
22,1,137960,113
22,1,137960,114
22,1,137960,115
22,1,137960,116
22,1,137960,117
22,1,137960,118
22,1,137960,119
22,1,137960,120
22,1,137960,121
22,1,137960,122
22,1,137960,123
22,1,137960,124
22,1,137960,125
22,1,137960,126
22,1,137960,127
22,1,137960,128
22,1,137960,129
22,1,137960,130
22,1,137960,131
22,1,137960,132
22,1,137960,133
22,1,137960,134
22,1,137960,135
22,1,137960,136
22,1,137960,137
22,1,137960,138
22,1,137960,139
22,1,137960,140
22,1,137960,141
22,1,137960,142
22,1,137960,143
22,1,137960,144
22,1,137960,145
22,1,137960,146
22,1,137960,147
22,1,137960,148
22,1,137960,149
22,1,137960,150
22,1,137960,151
22,1,137960,152
22,1,137960,153
22,1,137960,154
22,1,137960,155
22,1,137960,156
22,1,137960,157
22,1,137960,158
22,1,137960,159
22,1,137960,160
22,1,137960,161
22,1,137960,162
22,1,137960,163
22,1,137960,164
22,1,137960,165
22,1,137960,166
22,1,137960,167
22,1,137960,168
22,1,137960,169
22,1,137960,170
22,1,137960,171
22,1,137960,172
22,1,137960,173
22,1,137960,174
22,1,137960,175
22,1,137960,176
22,1,137960,177
22,1,137960,178
22,1,137960,179
22,1,137960,180
22,1,137960,181
22,1,137960,182
22,1,137960,183
22,1,137960,184
22,1,137960,185
22,1,137960,186
22,1,137960,187
22,1,137960,188
22,1,137960,189
22,1,137960,190
22,1,137960,191
22,1,137960,192
22,1,137960,193
22,1,137960,194
22,1,137960,195
22,1,137960,196
22,1,137960,197
22,1,137960,198
22,1,137960,199
22,19,71575,0
22,19,71575,1
22,19,71575,2
22,19,71575,3
22,19,71575,4
22,19,71575,5
22,19,71575,6
22,19,71575,7
22,19,71575,8
22,19,71575,9
22,19,71575,10
22,19,71575,11
22,19,71575,12
22,19,71575,13
22,19,71575,14
22,19,71575,15
22,19,71575,16
22,19,71575,17
22,19,71575,18
22,19,71575,19
22,19,71575,20
22,19,71575,21
22,19,71575,22
22,19,71575,23
22,19,71575,24
22,19,71575,25
22,19,71575,26
22,19,71575,27
22,19,71575,28
22,19,71575,29
22,19,71575,30
22,19,71575,31
22,19,71575,32
22,19,71575,33
22,19,71575,34
22,19,71575,35
22,19,71575,36
22,19,71575,37
22,19,71575,38
22,19,71575,39
22,19,71575,40
22,19,71575,41
22,19,71575,42
22,19,71575,43
22,19,71575,44
22,19,71575,45
22,19,71575,46
22,19,71575,47
22,19,71575,48
22,19,71575,49
22,19,71575,50
22,19,71575,51
22,19,71575,52
22,19,71575,53
22,19,71575,54
22,19,71575,55
22,19,71575,56
22,19,71575,57
22,19,71575,58
22,19,71575,59
22,19,71575,60
22,19,71575,61
22,19,71575,62
22,19,71575,63
22,19,71575,64
22,19,71575,65
22,19,71575,66
22,19,71575,67
22,19,71575,68
22,19,71575,69
22,19,71575,70
22,19,71575,71
22,19,71575,72
22,19,71575,73
22,19,71575,74
22,19,71575,75
22,19,71575,76
22,19,71575,77
22,19,71575,78
22,19,71575,79
22,19,71575,80
22,19,71575,81
22,19,71575,82
22,19,71575,83
22,19,71575,84
22,19,71575,85
22,19,71575,86
22,19,71575,87
22,19,71575,88
22,19,71575,89
22,19,71575,90
22,19,71575,91
22,19,71575,92
22,19,71575,93
22,19,71575,94
22,19,71575,95
22,19,71575,96
22,19,71575,97
22,19,71575,98
22,19,71575,99
22,19,71575,100
22,19,71575,101
22,19,71575,102
22,19,71575,103
22,19,71575,104
22,19,71575,105
22,19,71575,106
22,19,71575,107
22,19,71575,108
22,19,71575,109
22,19,71575,110
22,19,71575,111
22,19,71575,112
22,19,71575,113
22,19,71575,114
22,19,71575,115
22,19,71575,116
22,19,71575,117
22,19,71575,118
22,19,71575,119
22,19,71575,120
22,19,71575,121
22,19,71575,122
22,19,71575,123
22,19,71575,124
22,19,71575,125
22,19,71575,126
22,19,71575,127
22,19,71575,128
22,19,71575,129
22,19,71575,130
22,19,71575,131
22,19,71575,132
22,19,71575,133
22,19,71575,134
22,19,71575,135
22,19,71575,136
22,19,71575,137
22,19,71575,138
22,19,71575,139
22,19,71575,140
22,19,71575,141
22,19,71575,142
22,19,71575,143
22,19,71575,144
22,19,71575,145
22,19,71575,146
22,19,71575,147
22,19,71575,148
22,19,71575,149
22,19,71575,150
22,19,71575,151
22,19,71575,152
22,19,71575,153
22,19,71575,154
22,19,71575,155
22,19,71575,156
22,19,71575,157
22,19,71575,158
22,19,71575,159
22,19,71575,160
22,19,71575,161
22,19,71575,162
22,19,71575,163
22,19,71575,164
22,19,71575,165
22,19,71575,166
22,19,71575,167
22,19,71575,168
22,19,71575,169
22,19,71575,170
22,19,71575,171
22,19,71575,172
22,19,71575,173
22,19,71575,174
22,19,71575,175
22,19,71575,176
22,19,71575,177
22,19,71575,178
22,19,71575,179
22,19,71575,180
22,19,71575,181
22,19,71575,182
22,19,71575,183
22,19,71575,184
22,19,71575,185
22,19,71575,186
22,19,71575,187
22,19,71575,188
22,19,71575,189
22,19,71575,190
22,19,71575,191
22,19,71575,192
22,19,71575,193
22,19,71575,194
22,19,71575,195
22,19,71575,196
22,19,71575,197
22,19,71575,198
22,19,71575,199
22,17,61915,0
22,17,61915,1
22,17,61915,2
22,17,61915,3
22,17,61915,4
22,17,61915,5
22,17,61915,6
22,17,61915,7
22,17,61915,8
22,17,61915,9
22,17,61915,10
22,17,61915,11
22,17,61915,12
22,17,61915,13
22,17,61915,14
22,17,61915,15
22,17,61915,16
22,17,61915,17
22,17,61915,18
22,17,61915,19
22,17,61915,20
22,17,61915,21
22,17,61915,22
22,17,61915,23
22,17,61915,24
22,17,61915,25
22,17,61915,26
22,17,61915,27
22,17,61915,28
22,17,61915,29
22,17,61915,30
22,17,61915,31
22,17,61915,32
22,17,61915,33
22,17,61915,34
22,17,61915,35
22,17,61915,36
22,17,61915,37
22,17,61915,38
22,17,61915,39
22,17,61915,40
22,17,61915,41
22,17,61915,42
22,17,61915,43
22,17,61915,44
22,17,61915,45
22,17,61915,46
22,17,61915,47
22,17,61915,48
22,17,61915,49
22,17,61915,50
22,17,61915,51
22,17,61915,52
22,17,61915,53
22,17,61915,54
22,17,61915,55
22,17,61915,56
22,17,61915,57
22,17,61915,58
22,17,61915,59
22,17,61915,60
22,17,61915,61
22,17,61915,62
22,17,61915,63
22,17,61915,64
22,17,61915,65
22,17,61915,66
22,17,61915,67
22,17,61915,68
22,17,61915,69
22,17,61915,70
22,17,61915,71
22,17,61915,72
22,17,61915,73
22,17,61915,74
22,17,61915,75
22,17,61915,76
22,17,61915,77
22,17,61915,78
22,17,61915,79
22,17,61915,80
22,17,61915,81
22,17,61915,82
22,17,61915,83
22,17,61915,84
22,17,61915,85
22,17,61915,86
22,17,61915,87
22,17,61915,88
22,17,61915,89
22,17,61915,90
22,17,61915,91
22,17,61915,92
22,17,61915,93
22,17,61915,94
22,17,61915,95
22,17,61915,96
22,17,61915,97
22,17,61915,98
22,17,61915,99
22,17,61915,100
22,17,61915,101
22,17,61915,102
22,17,61915,103
22,17,61915,104
22,17,61915,105
22,17,61915,106
22,17,61915,107
22,17,61915,108
22,17,61915,109
22,17,61915,110
22,17,61915,111
22,17,61915,112
22,17,61915,113
22,17,61915,114
22,17,61915,115
22,17,61915,116
22,17,61915,117
22,17,61915,118
22,17,61915,119
22,17,61915,120
22,17,61915,121
22,17,61915,122
22,17,61915,123
22,17,61915,124
22,17,61915,125
22,17,61915,126
22,17,61915,127
22,17,61915,128
22,17,61915,129
22,17,61915,130
22,17,61915,131
22,17,61915,132
22,17,61915,133
22,17,61915,134
22,17,61915,135
22,17,61915,136
22,17,61915,137
22,17,61915,138
22,17,61915,139
22,17,61915,140
22,17,61915,141
22,17,61915,142
22,17,61915,143
22,17,61915,144
22,17,61915,145
22,17,61915,146
22,17,61915,147
22,17,61915,148
22,17,61915,149
22,17,61915,150
22,17,61915,151
22,17,61915,152
22,17,61915,153
22,17,61915,154
22,17,61915,155
22,17,61915,156
22,17,61915,157
22,17,61915,158
22,17,61915,159
22,17,61915,160
22,17,61915,161
22,17,61915,162
22,17,61915,163
22,17,61915,164
22,17,61915,165
22,17,61915,166
22,17,61915,167
22,17,61915,168
22,17,61915,169
22,17,61915,170
22,17,61915,171
22,17,61915,172
22,17,61915,173
22,17,61915,174
22,17,61915,175
22,17,61915,176
22,17,61915,177
22,17,61915,178
22,17,61915,179
22,17,61915,180
22,17,61915,181
22,17,61915,182
22,17,61915,183
22,17,61915,184
22,17,61915,185
22,17,61915,186
22,17,61915,187
22,17,61915,188
22,17,61915,189
22,17,61915,190
22,17,61915,191
22,17,61915,192
22,17,61915,193
22,17,61915,194
22,17,61915,195
22,17,61915,196
22,17,61915,197
22,17,61915,198
22,17,61915,199
22,3,27870,0
22,3,27870,1
22,3,27870,2
22,3,27870,3
22,3,27870,4
22,3,27870,5
22,3,27870,6
22,3,27870,7
22,3,27870,8
22,3,27870,9
22,3,27870,10
22,3,27870,11
22,3,27870,12
22,3,27870,13
22,3,27870,14
22,3,27870,15
22,3,27870,16
22,3,27870,17
22,3,27870,18
22,3,27870,19
22,3,27870,20
22,3,27870,21
22,3,27870,22
22,3,27870,23
22,3,27870,24
22,3,27870,25
22,3,27870,26
22,3,27870,27
22,3,27870,28
22,3,27870,29
22,3,27870,30
22,3,27870,31
22,3,27870,32
22,3,27870,33
22,3,27870,34
22,3,27870,35
22,3,27870,36
22,3,27870,37
22,3,27870,38
22,3,27870,39
22,3,27870,40
22,3,27870,41
22,3,27870,42
22,3,27870,43
22,3,27870,44
22,3,27870,45
22,3,27870,46
22,3,27870,47
22,3,27870,48
22,3,27870,49
22,3,27870,50
22,3,27870,51
22,3,27870,52
22,3,27870,53
22,3,27870,54
22,3,27870,55
22,3,27870,56
22,3,27870,57
22,3,27870,58
22,3,27870,59
22,3,27870,60
22,3,27870,61
22,3,27870,62
22,3,27870,63
22,3,27870,64
22,3,27870,65
22,3,27870,66
22,3,27870,67
22,3,27870,68
22,3,27870,69
22,3,27870,70
22,3,27870,71
22,3,27870,72
22,3,27870,73
22,3,27870,74
22,3,27870,75
22,3,27870,76
22,3,27870,77
22,3,27870,78
22,3,27870,79
22,3,27870,80
22,3,27870,81
22,3,27870,82
22,3,27870,83
22,3,27870,84
22,3,27870,85
22,3,27870,86
22,3,27870,87
22,3,27870,88
22,3,27870,89
22,3,27870,90
22,3,27870,91
22,3,27870,92
22,3,27870,93
22,3,27870,94
22,3,27870,95
22,3,27870,96
22,3,27870,97
22,3,27870,98
22,3,27870,99
22,3,27870,100
22,3,27870,101
22,3,27870,102
22,3,27870,103
22,3,27870,104
22,3,27870,105
22,3,27870,106
22,3,27870,107
22,3,27870,108
22,3,27870,109
22,3,27870,110
22,3,27870,111
22,3,27870,112
22,3,27870,113
22,3,27870,114
22,3,27870,115
22,3,27870,116
22,3,27870,117
22,3,27870,118
22,3,27870,119
22,3,27870,120
22,3,27870,121
22,3,27870,122
22,3,27870,123
22,3,27870,124
22,3,27870,125
22,3,27870,126
22,3,27870,127
22,3,27870,128
22,3,27870,129
22,3,27870,130
22,3,27870,131
22,3,27870,132
22,3,27870,133
22,3,27870,134
22,3,27870,135
22,3,27870,136
22,3,27870,137
22,3,27870,138
22,3,27870,139
22,3,27870,140
22,3,27870,141
22,3,27870,142
22,3,27870,143
22,3,27870,144
22,3,27870,145
22,3,27870,146
22,3,27870,147
22,3,27870,148
22,3,27870,149
22,3,27870,150
22,3,27870,151
22,3,27870,152
22,3,27870,153
22,3,27870,154
22,3,27870,155
22,3,27870,156
22,3,27870,157
22,3,27870,158
22,3,27870,159
22,3,27870,160
22,3,27870,161
22,3,27870,162
22,3,27870,163
22,3,27870,164
22,3,27870,165
22,3,27870,166
22,3,27870,167
22,3,27870,168
22,3,27870,169
22,3,27870,170
22,3,27870,171
22,3,27870,172
22,3,27870,173
22,3,27870,174
22,3,27870,175
22,3,27870,176
22,3,27870,177
22,3,27870,178
22,3,27870,179
22,3,27870,180
22,3,27870,181
22,3,27870,182
22,3,27870,183
22,3,27870,184
22,3,27870,185
22,3,27870,186
22,3,27870,187
22,3,27870,188
22,3,27870,189
22,3,27870,190
22,3,27870,191
22,3,27870,192
22,3,27870,193
22,3,27870,194
22,3,27870,195
22,3,27870,196
22,3,27870,197
22,3,27870,198
22,3,27870,199
22,5,406215,0
22,5,406215,1
22,5,406215,2
22,5,406215,3
22,5,406215,4
22,5,406215,5
22,5,406215,6
22,5,406215,7
22,5,406215,8
22,5,406215,9
22,5,406215,10
22,5,406215,11
22,5,406215,12
22,5,406215,13
22,5,406215,14
22,5,406215,15
22,5,406215,16
22,5,406215,17
22,5,406215,18
22,5,406215,19
22,5,406215,20
22,5,406215,21
22,5,406215,22
22,5,406215,23
22,5,406215,24
22,5,406215,25
22,5,406215,26
22,5,406215,27
22,5,406215,28
22,5,406215,29
22,5,406215,30
22,5,406215,31
22,5,406215,32
22,5,406215,33
22,5,406215,34
22,5,406215,35
22,5,406215,36
22,5,406215,37
22,5,406215,38
22,5,406215,39
22,5,406215,40
22,5,406215,41
22,5,406215,42
22,5,406215,43
22,5,406215,44
22,5,406215,45
22,5,406215,46
22,5,406215,47
22,5,406215,48
22,5,406215,49
22,5,406215,50
22,5,406215,51
22,5,406215,52
22,5,406215,53
22,5,406215,54
22,5,406215,55
22,5,406215,56
22,5,406215,57
22,5,406215,58
22,5,406215,59
22,5,406215,60
22,5,406215,61
22,5,406215,62
22,5,406215,63
22,5,406215,64
22,5,406215,65
22,5,406215,66
22,5,406215,67
22,5,406215,68
22,5,406215,69
22,5,406215,70
22,5,406215,71
22,5,406215,72
22,5,406215,73
22,5,406215,74
22,5,406215,75
22,5,406215,76
22,5,406215,77
22,5,406215,78
22,5,406215,79
22,5,406215,80
22,5,406215,81
22,5,406215,82
22,5,406215,83
22,5,406215,84
22,5,406215,85
22,5,406215,86
22,5,406215,87
22,5,406215,88
22,5,406215,89
22,5,406215,90
22,5,406215,91
22,5,406215,92
22,5,406215,93
22,5,406215,94
22,5,406215,95
22,5,406215,96
22,5,406215,97
22,5,406215,98
22,5,406215,99
22,5,406215,100
22,5,406215,101
22,5,406215,102
22,5,406215,103
22,5,406215,104
22,5,406215,105
22,5,406215,106
22,5,406215,107
22,5,406215,108
22,5,406215,109
22,5,406215,110
22,5,406215,111
22,5,406215,112
22,5,406215,113
22,5,406215,114
22,5,406215,115
22,5,406215,116
22,5,406215,117
22,5,406215,118
22,5,406215,119
22,5,406215,120
22,5,406215,121
22,5,406215,122
22,5,406215,123
22,5,406215,124
22,5,406215,125
22,5,406215,126
22,5,406215,127
22,5,406215,128
22,5,406215,129
22,5,406215,130
22,5,406215,131
22,5,406215,132
22,5,406215,133
22,5,406215,134
22,5,406215,135
22,5,406215,136
22,5,406215,137
22,5,406215,138
22,5,406215,139
22,5,406215,140
22,5,406215,141
22,5,406215,142
22,5,406215,143
22,5,406215,144
22,5,406215,145
22,5,406215,146
22,5,406215,147
22,5,406215,148
22,5,406215,149
22,5,406215,150
22,5,406215,151
22,5,406215,152
22,5,406215,153
22,5,406215,154
22,5,406215,155
22,5,406215,156
22,5,406215,157
22,5,406215,158
22,5,406215,159
22,5,406215,160
22,5,406215,161
22,5,406215,162
22,5,406215,163
22,5,406215,164
22,5,406215,165
22,5,406215,166
22,5,406215,167
22,5,406215,168
22,5,406215,169
22,5,406215,170
22,5,406215,171
22,5,406215,172
22,5,406215,173
22,5,406215,174
22,5,406215,175
22,5,406215,176
22,5,406215,177
22,5,406215,178
22,5,406215,179
22,5,406215,180
22,5,406215,181
22,5,406215,182
22,5,406215,183
22,5,406215,184
22,5,406215,185
22,5,406215,186
22,5,406215,187
22,5,406215,188
22,5,406215,189
22,5,406215,190
22,5,406215,191
22,5,406215,192
22,5,406215,193
22,5,406215,194
22,5,406215,195
22,5,406215,196
22,5,406215,197
22,5,406215,198
22,5,406215,199
22,9,523585,0
22,9,523585,1
22,9,523585,2
22,9,523585,3
22,9,523585,4
22,9,523585,5
22,9,523585,6
22,9,523585,7
22,9,523585,8
22,9,523585,9
22,9,523585,10
22,9,523585,11
22,9,523585,12
22,9,523585,13
22,9,523585,14
22,9,523585,15
22,9,523585,16
22,9,523585,17
22,9,523585,18
22,9,523585,19
22,9,523585,20
22,9,523585,21
22,9,523585,22
22,9,523585,23
22,9,523585,24
22,9,523585,25
22,9,523585,26
22,9,523585,27
22,9,523585,28
22,9,523585,29
22,9,523585,30
22,9,523585,31
22,9,523585,32
22,9,523585,33
22,9,523585,34
22,9,523585,35
22,9,523585,36
22,9,523585,37
22,9,523585,38
22,9,523585,39
22,9,523585,40
22,9,523585,41
22,9,523585,42
22,9,523585,43
22,9,523585,44
22,9,523585,45
22,9,523585,46
22,9,523585,47
22,9,523585,48
22,9,523585,49
22,9,523585,50
22,9,523585,51
22,9,523585,52
22,9,523585,53
22,9,523585,54
22,9,523585,55
22,9,523585,56
22,9,523585,57
22,9,523585,58
22,9,523585,59
22,9,523585,60
22,9,523585,61
22,9,523585,62
22,9,523585,63
22,9,523585,64
22,9,523585,65
22,9,523585,66
22,9,523585,67
22,9,523585,68
22,9,523585,69
22,9,523585,70
22,9,523585,71
22,9,523585,72
22,9,523585,73
22,9,523585,74
22,9,523585,75
22,9,523585,76
22,9,523585,77
22,9,523585,78
22,9,523585,79
22,9,523585,80
22,9,523585,81
22,9,523585,82
22,9,523585,83
22,9,523585,84
22,9,523585,85
22,9,523585,86
22,9,523585,87
22,9,523585,88
22,9,523585,89
22,9,523585,90
22,9,523585,91
22,9,523585,92
22,9,523585,93
22,9,523585,94
22,9,523585,95
22,9,523585,96
22,9,523585,97
22,9,523585,98
22,9,523585,99
22,9,523585,100
22,9,523585,101
22,9,523585,102
22,9,523585,103
22,9,523585,104
22,9,523585,105
22,9,523585,106
22,9,523585,107
22,9,523585,108
22,9,523585,109
22,9,523585,110
22,9,523585,111
22,9,523585,112
22,9,523585,113
22,9,523585,114
22,9,523585,115
22,9,523585,116
22,9,523585,117
22,9,523585,118
22,9,523585,119
22,9,523585,120
22,9,523585,121
22,9,523585,122
22,9,523585,123
22,9,523585,124
22,9,523585,125
22,9,523585,126
22,9,523585,127
22,9,523585,128
22,9,523585,129
22,9,523585,130
22,9,523585,131
22,9,523585,132
22,9,523585,133
22,9,523585,134
22,9,523585,135
22,9,523585,136
22,9,523585,137
22,9,523585,138
22,9,523585,139
22,9,523585,140
22,9,523585,141
22,9,523585,142
22,9,523585,143
22,9,523585,144
22,9,523585,145
22,9,523585,146
22,9,523585,147
22,9,523585,148
22,9,523585,149
22,9,523585,150
22,9,523585,151
22,9,523585,152
22,9,523585,153
22,9,523585,154
22,9,523585,155
22,9,523585,156
22,9,523585,157
22,9,523585,158
22,9,523585,159
22,9,523585,160
22,9,523585,161
22,9,523585,162
22,9,523585,163
22,9,523585,164
22,9,523585,165
22,9,523585,166
22,9,523585,167
22,9,523585,168
22,9,523585,169
22,9,523585,170
22,9,523585,171
22,9,523585,172
22,9,523585,173
22,9,523585,174
22,9,523585,175
22,9,523585,176
22,9,523585,177
22,9,523585,178
22,9,523585,179
22,9,523585,180
22,9,523585,181
22,9,523585,182
22,9,523585,183
22,9,523585,184
22,9,523585,185
22,9,523585,186
22,9,523585,187
22,9,523585,188
22,9,523585,189
22,9,523585,190
22,9,523585,191
22,9,523585,192
22,9,523585,193
22,9,523585,194
22,9,523585,195
22,9,523585,196
22,9,523585,197
22,9,523585,198
22,9,523585,199
22,21,212220,0
22,21,212220,1
22,21,212220,2
22,21,212220,3
22,21,212220,4
22,21,212220,5
22,21,212220,6
22,21,212220,7
22,21,212220,8
22,21,212220,9
22,21,212220,10
22,21,212220,11
22,21,212220,12
22,21,212220,13
22,21,212220,14
22,21,212220,15
22,21,212220,16
22,21,212220,17
22,21,212220,18
22,21,212220,19
22,21,212220,20
22,21,212220,21
22,21,212220,22
22,21,212220,23
22,21,212220,24
22,21,212220,25
22,21,212220,26
22,21,212220,27
22,21,212220,28
22,21,212220,29
22,21,212220,30
22,21,212220,31
22,21,212220,32
22,21,212220,33
22,21,212220,34
22,21,212220,35
22,21,212220,36
22,21,212220,37
22,21,212220,38
22,21,212220,39
22,21,212220,40
22,21,212220,41
22,21,212220,42
22,21,212220,43
22,21,212220,44
22,21,212220,45
22,21,212220,46
22,21,212220,47
22,21,212220,48
22,21,212220,49
22,21,212220,50
22,21,212220,51
22,21,212220,52
22,21,212220,53
22,21,212220,54
22,21,212220,55
22,21,212220,56
22,21,212220,57
22,21,212220,58
22,21,212220,59
22,21,212220,60
22,21,212220,61
22,21,212220,62
22,21,212220,63
22,21,212220,64
22,21,212220,65
22,21,212220,66
22,21,212220,67
22,21,212220,68
22,21,212220,69
22,21,212220,70
22,21,212220,71
22,21,212220,72
22,21,212220,73
22,21,212220,74
22,21,212220,75
22,21,212220,76
22,21,212220,77
22,21,212220,78
22,21,212220,79
22,21,212220,80
22,21,212220,81
22,21,212220,82
22,21,212220,83
22,21,212220,84
22,21,212220,85
22,21,212220,86
22,21,212220,87
22,21,212220,88
22,21,212220,89
22,21,212220,90
22,21,212220,91
22,21,212220,92
22,21,212220,93
22,21,212220,94
22,21,212220,95
22,21,212220,96
22,21,212220,97
22,21,212220,98
22,21,212220,99
22,21,212220,100
22,21,212220,101
22,21,212220,102
22,21,212220,103
22,21,212220,104
22,21,212220,105
22,21,212220,106
22,21,212220,107
22,21,212220,108
22,21,212220,109
22,21,212220,110
22,21,212220,111
22,21,212220,112
22,21,212220,113
22,21,212220,114
22,21,212220,115
22,21,212220,116
22,21,212220,117
22,21,212220,118
22,21,212220,119
22,21,212220,120
22,21,212220,121
22,21,212220,122
22,21,212220,123
22,21,212220,124
22,21,212220,125
22,21,212220,126
22,21,212220,127
22,21,212220,128
22,21,212220,129
22,21,212220,130
22,21,212220,131
22,21,212220,132
22,21,212220,133
22,21,212220,134
22,21,212220,135
22,21,212220,136
22,21,212220,137
22,21,212220,138
22,21,212220,139
22,21,212220,140
22,21,212220,141
22,21,212220,142
22,21,212220,143
22,21,212220,144
22,21,212220,145
22,21,212220,146
22,21,212220,147
22,21,212220,148
22,21,212220,149
22,21,212220,150
22,21,212220,151
22,21,212220,152
22,21,212220,153
22,21,212220,154
22,21,212220,155
22,21,212220,156
22,21,212220,157
22,21,212220,158
22,21,212220,159
22,21,212220,160
22,21,212220,161
22,21,212220,162
22,21,212220,163
22,21,212220,164
22,21,212220,165
22,21,212220,166
22,21,212220,167
22,21,212220,168
22,21,212220,169
22,21,212220,170
22,21,212220,171
22,21,212220,172
22,21,212220,173
22,21,212220,174
22,21,212220,175
22,21,212220,176
22,21,212220,177
22,21,212220,178
22,21,212220,179
22,21,212220,180
22,21,212220,181
22,21,212220,182
22,21,212220,183
22,21,212220,184
22,21,212220,185
22,21,212220,186
22,21,212220,187
22,21,212220,188
22,21,212220,189
22,21,212220,190
22,21,212220,191
22,21,212220,192
22,21,212220,193
22,21,212220,194
22,21,212220,195
22,21,212220,196
22,21,212220,197
22,21,212220,198
22,21,212220,199
22,12,18405,0
22,12,18405,1
22,12,18405,2
22,12,18405,3
22,12,18405,4
22,12,18405,5
22,12,18405,6
22,12,18405,7
22,12,18405,8
22,12,18405,9
22,12,18405,10
22,12,18405,11
22,12,18405,12
22,12,18405,13
22,12,18405,14
22,12,18405,15
22,12,18405,16
22,12,18405,17
22,12,18405,18
22,12,18405,19
22,12,18405,20
22,12,18405,21
22,12,18405,22
22,12,18405,23
22,12,18405,24
22,12,18405,25
22,12,18405,26
22,12,18405,27
22,12,18405,28
22,12,18405,29
22,12,18405,30
22,12,18405,31
22,12,18405,32
22,12,18405,33
22,12,18405,34
22,12,18405,35
22,12,18405,36
22,12,18405,37
22,12,18405,38
22,12,18405,39
22,12,18405,40
22,12,18405,41
22,12,18405,42
22,12,18405,43
22,12,18405,44
22,12,18405,45
22,12,18405,46
22,12,18405,47
22,12,18405,48
22,12,18405,49
22,12,18405,50
22,12,18405,51
22,12,18405,52
22,12,18405,53
22,12,18405,54
22,12,18405,55
22,12,18405,56
22,12,18405,57
22,12,18405,58
22,12,18405,59
22,12,18405,60
22,12,18405,61
22,12,18405,62
22,12,18405,63
22,12,18405,64
22,12,18405,65
22,12,18405,66
22,12,18405,67
22,12,18405,68
22,12,18405,69
22,12,18405,70
22,12,18405,71
22,12,18405,72
22,12,18405,73
22,12,18405,74
22,12,18405,75
22,12,18405,76
22,12,18405,77
22,12,18405,78
22,12,18405,79
22,12,18405,80
22,12,18405,81
22,12,18405,82
22,12,18405,83
22,12,18405,84
22,12,18405,85
22,12,18405,86
22,12,18405,87
22,12,18405,88
22,12,18405,89
22,12,18405,90
22,12,18405,91
22,12,18405,92
22,12,18405,93
22,12,18405,94
22,12,18405,95
22,12,18405,96
22,12,18405,97
22,12,18405,98
22,12,18405,99
22,12,18405,100
22,12,18405,101
22,12,18405,102
22,12,18405,103
22,12,18405,104
22,12,18405,105
22,12,18405,106
22,12,18405,107
22,12,18405,108
22,12,18405,109
22,12,18405,110
22,12,18405,111
22,12,18405,112
22,12,18405,113
22,12,18405,114
22,12,18405,115
22,12,18405,116
22,12,18405,117
22,12,18405,118
22,12,18405,119
22,12,18405,120
22,12,18405,121
22,12,18405,122
22,12,18405,123
22,12,18405,124
22,12,18405,125
22,12,18405,126
22,12,18405,127
22,12,18405,128
22,12,18405,129
22,12,18405,130
22,12,18405,131
22,12,18405,132
22,12,18405,133
22,12,18405,134
22,12,18405,135
22,12,18405,136
22,12,18405,137
22,12,18405,138
22,12,18405,139
22,12,18405,140
22,12,18405,141
22,12,18405,142
22,12,18405,143
22,12,18405,144
22,12,18405,145
22,12,18405,146
22,12,18405,147
22,12,18405,148
22,12,18405,149
22,12,18405,150
22,12,18405,151
22,12,18405,152
22,12,18405,153
22,12,18405,154
22,12,18405,155
22,12,18405,156
22,12,18405,157
22,12,18405,158
22,12,18405,159
22,12,18405,160
22,12,18405,161
22,12,18405,162
22,12,18405,163
22,12,18405,164
22,12,18405,165
22,12,18405,166
22,12,18405,167
22,12,18405,168
22,12,18405,169
22,12,18405,170
22,12,18405,171
22,12,18405,172
22,12,18405,173
22,12,18405,174
22,12,18405,175
22,12,18405,176
22,12,18405,177
22,12,18405,178
22,12,18405,179
22,12,18405,180
22,12,18405,181
22,12,18405,182
22,12,18405,183
22,12,18405,184
22,12,18405,185
22,12,18405,186
22,12,18405,187
22,12,18405,188
22,12,18405,189
22,12,18405,190
22,12,18405,191
22,12,18405,192
22,12,18405,193
22,12,18405,194
22,12,18405,195
22,12,18405,196
22,12,18405,197
22,12,18405,198
22,12,18405,199
22,16,20210,0
22,16,20210,1
22,16,20210,2
22,16,20210,3
22,16,20210,4
22,16,20210,5
22,16,20210,6
22,16,20210,7
22,16,20210,8
22,16,20210,9
22,16,20210,10
22,16,20210,11
22,16,20210,12
22,16,20210,13
22,16,20210,14
22,16,20210,15
22,16,20210,16
22,16,20210,17
22,16,20210,18
22,16,20210,19
22,16,20210,20
22,16,20210,21
22,16,20210,22
22,16,20210,23
22,16,20210,24
22,16,20210,25
22,16,20210,26
22,16,20210,27
22,16,20210,28
22,16,20210,29
22,16,20210,30
22,16,20210,31
22,16,20210,32
22,16,20210,33
22,16,20210,34
22,16,20210,35
22,16,20210,36
22,16,20210,37
22,16,20210,38
22,16,20210,39
22,16,20210,40
22,16,20210,41
22,16,20210,42
22,16,20210,43
22,16,20210,44
22,16,20210,45
22,16,20210,46
22,16,20210,47
22,16,20210,48
22,16,20210,49
22,16,20210,50
22,16,20210,51
22,16,20210,52
22,16,20210,53
22,16,20210,54
22,16,20210,55
22,16,20210,56
22,16,20210,57
22,16,20210,58
22,16,20210,59
22,16,20210,60
22,16,20210,61
22,16,20210,62
22,16,20210,63
22,16,20210,64
22,16,20210,65
22,16,20210,66
22,16,20210,67
22,16,20210,68
22,16,20210,69
22,16,20210,70
22,16,20210,71
22,16,20210,72
22,16,20210,73
22,16,20210,74
22,16,20210,75
22,16,20210,76
22,16,20210,77
22,16,20210,78
22,16,20210,79
22,16,20210,80
22,16,20210,81
22,16,20210,82
22,16,20210,83
22,16,20210,84
22,16,20210,85
22,16,20210,86
22,16,20210,87
22,16,20210,88
22,16,20210,89
22,16,20210,90
22,16,20210,91
22,16,20210,92
22,16,20210,93
22,16,20210,94
22,16,20210,95
22,16,20210,96
22,16,20210,97
22,16,20210,98
22,16,20210,99
22,16,20210,100
22,16,20210,101
22,16,20210,102
22,16,20210,103
22,16,20210,104
22,16,20210,105
22,16,20210,106
22,16,20210,107
22,16,20210,108
22,16,20210,109
22,16,20210,110
22,16,20210,111
22,16,20210,112
22,16,20210,113
22,16,20210,114
22,16,20210,115
22,16,20210,116
22,16,20210,117
22,16,20210,118
22,16,20210,119
22,16,20210,120
22,16,20210,121
22,16,20210,122
22,16,20210,123
22,16,20210,124
22,16,20210,125
22,16,20210,126
22,16,20210,127
22,16,20210,128
22,16,20210,129
22,16,20210,130
22,16,20210,131
22,16,20210,132
22,16,20210,133
22,16,20210,134
22,16,20210,135
22,16,20210,136
22,16,20210,137
22,16,20210,138
22,16,20210,139
22,16,20210,140
22,16,20210,141
22,16,20210,142
22,16,20210,143
22,16,20210,144
22,16,20210,145
22,16,20210,146
22,16,20210,147
22,16,20210,148
22,16,20210,149
22,16,20210,150
22,16,20210,151
22,16,20210,152
22,16,20210,153
22,16,20210,154
22,16,20210,155
22,16,20210,156
22,16,20210,157
22,16,20210,158
22,16,20210,159
22,16,20210,160
22,16,20210,161
22,16,20210,162
22,16,20210,163
22,16,20210,164
22,16,20210,165
22,16,20210,166
22,16,20210,167
22,16,20210,168
22,16,20210,169
22,16,20210,170
22,16,20210,171
22,16,20210,172
22,16,20210,173
22,16,20210,174
22,16,20210,175
22,16,20210,176
22,16,20210,177
22,16,20210,178
22,16,20210,179
22,16,20210,180
22,16,20210,181
22,16,20210,182
22,16,20210,183
22,16,20210,184
22,16,20210,185
22,16,20210,186
22,16,20210,187
22,16,20210,188
22,16,20210,189
22,16,20210,190
22,16,20210,191
22,16,20210,192
22,16,20210,193
22,16,20210,194
22,16,20210,195
22,16,20210,196
22,16,20210,197
22,16,20210,198
22,16,20210,199
22,14,170085,0
22,14,170085,1
22,14,170085,2
22,14,170085,3
22,14,170085,4
22,14,170085,5
22,14,170085,6
22,14,170085,7
22,14,170085,8
22,14,170085,9
22,14,170085,10
22,14,170085,11
22,14,170085,12
22,14,170085,13
22,14,170085,14
22,14,170085,15
22,14,170085,16
22,14,170085,17
22,14,170085,18
22,14,170085,19
22,14,170085,20
22,14,170085,21
22,14,170085,22
22,14,170085,23
22,14,170085,24
22,14,170085,25
22,14,170085,26
22,14,170085,27
22,14,170085,28
22,14,170085,29
22,14,170085,30
22,14,170085,31
22,14,170085,32
22,14,170085,33
22,14,170085,34
22,14,170085,35
22,14,170085,36
22,14,170085,37
22,14,170085,38
22,14,170085,39
22,14,170085,40
22,14,170085,41
22,14,170085,42
22,14,170085,43
22,14,170085,44
22,14,170085,45
22,14,170085,46
22,14,170085,47
22,14,170085,48
22,14,170085,49
22,14,170085,50
22,14,170085,51
22,14,170085,52
22,14,170085,53
22,14,170085,54
22,14,170085,55
22,14,170085,56
22,14,170085,57
22,14,170085,58
22,14,170085,59
22,14,170085,60
22,14,170085,61
22,14,170085,62
22,14,170085,63
22,14,170085,64
22,14,170085,65
22,14,170085,66
22,14,170085,67
22,14,170085,68
22,14,170085,69
22,14,170085,70
22,14,170085,71
22,14,170085,72
22,14,170085,73
22,14,170085,74
22,14,170085,75
22,14,170085,76
22,14,170085,77
22,14,170085,78
22,14,170085,79
22,14,170085,80
22,14,170085,81
22,14,170085,82
22,14,170085,83
22,14,170085,84
22,14,170085,85
22,14,170085,86
22,14,170085,87
22,14,170085,88
22,14,170085,89
22,14,170085,90
22,14,170085,91
22,14,170085,92
22,14,170085,93
22,14,170085,94
22,14,170085,95
22,14,170085,96
22,14,170085,97
22,14,170085,98
22,14,170085,99
22,14,170085,100
22,14,170085,101
22,14,170085,102
22,14,170085,103
22,14,170085,104
22,14,170085,105
22,14,170085,106
22,14,170085,107
22,14,170085,108
22,14,170085,109
22,14,170085,110
22,14,170085,111
22,14,170085,112
22,14,170085,113
22,14,170085,114
22,14,170085,115
22,14,170085,116
22,14,170085,117
22,14,170085,118
22,14,170085,119
22,14,170085,120
22,14,170085,121
22,14,170085,122
22,14,170085,123
22,14,170085,124
22,14,170085,125
22,14,170085,126
22,14,170085,127
22,14,170085,128
22,14,170085,129
22,14,170085,130
22,14,170085,131
22,14,170085,132
22,14,170085,133
22,14,170085,134
22,14,170085,135
22,14,170085,136
22,14,170085,137
22,14,170085,138
22,14,170085,139
22,14,170085,140
22,14,170085,141
22,14,170085,142
22,14,170085,143
22,14,170085,144
22,14,170085,145
22,14,170085,146
22,14,170085,147
22,14,170085,148
22,14,170085,149
22,14,170085,150
22,14,170085,151
22,14,170085,152
22,14,170085,153
22,14,170085,154
22,14,170085,155
22,14,170085,156
22,14,170085,157
22,14,170085,158
22,14,170085,159
22,14,170085,160
22,14,170085,161
22,14,170085,162
22,14,170085,163
22,14,170085,164
22,14,170085,165
22,14,170085,166
22,14,170085,167
22,14,170085,168
22,14,170085,169
22,14,170085,170
22,14,170085,171
22,14,170085,172
22,14,170085,173
22,14,170085,174
22,14,170085,175
22,14,170085,176
22,14,170085,177
22,14,170085,178
22,14,170085,179
22,14,170085,180
22,14,170085,181
22,14,170085,182
22,14,170085,183
22,14,170085,184
22,14,170085,185
22,14,170085,186
22,14,170085,187
22,14,170085,188
22,14,170085,189
22,14,170085,190
22,14,170085,191
22,14,170085,192
22,14,170085,193
22,14,170085,194
22,14,170085,195
22,14,170085,196
22,14,170085,197
22,14,170085,198
22,14,170085,199
22,39,135395,0
22,39,135395,1
22,39,135395,2
22,39,135395,3
22,39,135395,4
22,39,135395,5
22,39,135395,6
22,39,135395,7
22,39,135395,8
22,39,135395,9
22,39,135395,10
22,39,135395,11
22,39,135395,12
22,39,135395,13
22,39,135395,14
22,39,135395,15
22,39,135395,16
22,39,135395,17
22,39,135395,18
22,39,135395,19
22,39,135395,20
22,39,135395,21
22,39,135395,22
22,39,135395,23
22,39,135395,24
22,39,135395,25
22,39,135395,26
22,39,135395,27
22,39,135395,28
22,39,135395,29
22,39,135395,30
22,39,135395,31
22,39,135395,32
22,39,135395,33
22,39,135395,34
22,39,135395,35
22,39,135395,36
22,39,135395,37
22,39,135395,38
22,39,135395,39
22,39,135395,40
22,39,135395,41
22,39,135395,42
22,39,135395,43
22,39,135395,44
22,39,135395,45
22,39,135395,46
22,39,135395,47
22,39,135395,48
22,39,135395,49
22,39,135395,50
22,39,135395,51
22,39,135395,52
22,39,135395,53
22,39,135395,54
22,39,135395,55
22,39,135395,56
22,39,135395,57
22,39,135395,58
22,39,135395,59
22,39,135395,60
22,39,135395,61
22,39,135395,62
22,39,135395,63
22,39,135395,64
22,39,135395,65
22,39,135395,66
22,39,135395,67
22,39,135395,68
22,39,135395,69
22,39,135395,70
22,39,135395,71
22,39,135395,72
22,39,135395,73
22,39,135395,74
22,39,135395,75
22,39,135395,76
22,39,135395,77
22,39,135395,78
22,39,135395,79
22,39,135395,80
22,39,135395,81
22,39,135395,82
22,39,135395,83
22,39,135395,84
22,39,135395,85
22,39,135395,86
22,39,135395,87
22,39,135395,88
22,39,135395,89
22,39,135395,90
22,39,135395,91
22,39,135395,92
22,39,135395,93
22,39,135395,94
22,39,135395,95
22,39,135395,96
22,39,135395,97
22,39,135395,98
22,39,135395,99
22,39,135395,100
22,39,135395,101
22,39,135395,102
22,39,135395,103
22,39,135395,104
22,39,135395,105
22,39,135395,106
22,39,135395,107
22,39,135395,108
22,39,135395,109
22,39,135395,110
22,39,135395,111
22,39,135395,112
22,39,135395,113
22,39,135395,114
22,39,135395,115
22,39,135395,116
22,39,135395,117
22,39,135395,118
22,39,135395,119
22,39,135395,120
22,39,135395,121
22,39,135395,122
22,39,135395,123
22,39,135395,124
22,39,135395,125
22,39,135395,126
22,39,135395,127
22,39,135395,128
22,39,135395,129
22,39,135395,130
22,39,135395,131
22,39,135395,132
22,39,135395,133
22,39,135395,134
22,39,135395,135
22,39,135395,136
22,39,135395,137
22,39,135395,138
22,39,135395,139
22,39,135395,140
22,39,135395,141
22,39,135395,142
22,39,135395,143
22,39,135395,144
22,39,135395,145
22,39,135395,146
22,39,135395,147
22,39,135395,148
22,39,135395,149
22,39,135395,150
22,39,135395,151
22,39,135395,152
22,39,135395,153
22,39,135395,154
22,39,135395,155
22,39,135395,156
22,39,135395,157
22,39,135395,158
22,39,135395,159
22,39,135395,160
22,39,135395,161
22,39,135395,162
22,39,135395,163
22,39,135395,164
22,39,135395,165
22,39,135395,166
22,39,135395,167
22,39,135395,168
22,39,135395,169
22,39,135395,170
22,39,135395,171
22,39,135395,172
22,39,135395,173
22,39,135395,174
22,39,135395,175
22,39,135395,176
22,39,135395,177
22,39,135395,178
22,39,135395,179
22,39,135395,180
22,39,135395,181
22,39,135395,182
22,39,135395,183
22,39,135395,184
22,39,135395,185
22,39,135395,186
22,39,135395,187
22,39,135395,188
22,39,135395,189
22,39,135395,190
22,39,135395,191
22,39,135395,192
22,39,135395,193
22,39,135395,194
22,39,135395,195
22,39,135395,196
22,39,135395,197
22,39,135395,198
22,39,135395,199
22,18,22275,0
22,18,22275,1
22,18,22275,2
22,18,22275,3
22,18,22275,4
22,18,22275,5
22,18,22275,6
22,18,22275,7
22,18,22275,8
22,18,22275,9
22,18,22275,10
22,18,22275,11
22,18,22275,12
22,18,22275,13
22,18,22275,14
22,18,22275,15
22,18,22275,16
22,18,22275,17
22,18,22275,18
22,18,22275,19
22,18,22275,20
22,18,22275,21
22,18,22275,22
22,18,22275,23
22,18,22275,24
22,18,22275,25
22,18,22275,26
22,18,22275,27
22,18,22275,28
22,18,22275,29
22,18,22275,30
22,18,22275,31
22,18,22275,32
22,18,22275,33
22,18,22275,34
22,18,22275,35
22,18,22275,36
22,18,22275,37
22,18,22275,38
22,18,22275,39
22,18,22275,40
22,18,22275,41
22,18,22275,42
22,18,22275,43
22,18,22275,44
22,18,22275,45
22,18,22275,46
22,18,22275,47
22,18,22275,48
22,18,22275,49
22,18,22275,50
22,18,22275,51
22,18,22275,52
22,18,22275,53
22,18,22275,54
22,18,22275,55
22,18,22275,56
22,18,22275,57
22,18,22275,58
22,18,22275,59
22,18,22275,60
22,18,22275,61
22,18,22275,62
22,18,22275,63
22,18,22275,64
22,18,22275,65
22,18,22275,66
22,18,22275,67
22,18,22275,68
22,18,22275,69
22,18,22275,70
22,18,22275,71
22,18,22275,72
22,18,22275,73
22,18,22275,74
22,18,22275,75
22,18,22275,76
22,18,22275,77
22,18,22275,78
22,18,22275,79
22,18,22275,80
22,18,22275,81
22,18,22275,82
22,18,22275,83
22,18,22275,84
22,18,22275,85
22,18,22275,86
22,18,22275,87
22,18,22275,88
22,18,22275,89
22,18,22275,90
22,18,22275,91
22,18,22275,92
22,18,22275,93
22,18,22275,94
22,18,22275,95
22,18,22275,96
22,18,22275,97
22,18,22275,98
22,18,22275,99
22,18,22275,100
22,18,22275,101
22,18,22275,102
22,18,22275,103
22,18,22275,104
22,18,22275,105
22,18,22275,106
22,18,22275,107
22,18,22275,108
22,18,22275,109
22,18,22275,110
22,18,22275,111
22,18,22275,112
22,18,22275,113
22,18,22275,114
22,18,22275,115
22,18,22275,116
22,18,22275,117
22,18,22275,118
22,18,22275,119
22,18,22275,120
22,18,22275,121
22,18,22275,122
22,18,22275,123
22,18,22275,124
22,18,22275,125
22,18,22275,126
22,18,22275,127
22,18,22275,128
22,18,22275,129
22,18,22275,130
22,18,22275,131
22,18,22275,132
22,18,22275,133
22,18,22275,134
22,18,22275,135
22,18,22275,136
22,18,22275,137
22,18,22275,138
22,18,22275,139
22,18,22275,140
22,18,22275,141
22,18,22275,142
22,18,22275,143
22,18,22275,144
22,18,22275,145
22,18,22275,146
22,18,22275,147
22,18,22275,148
22,18,22275,149
22,18,22275,150
22,18,22275,151
22,18,22275,152
22,18,22275,153
22,18,22275,154
22,18,22275,155
22,18,22275,156
22,18,22275,157
22,18,22275,158
22,18,22275,159
22,18,22275,160
22,18,22275,161
22,18,22275,162
22,18,22275,163
22,18,22275,164
22,18,22275,165
22,18,22275,166
22,18,22275,167
22,18,22275,168
22,18,22275,169
22,18,22275,170
22,18,22275,171
22,18,22275,172
22,18,22275,173
22,18,22275,174
22,18,22275,175
22,18,22275,176
22,18,22275,177
22,18,22275,178
22,18,22275,179
22,18,22275,180
22,18,22275,181
22,18,22275,182
22,18,22275,183
22,18,22275,184
22,18,22275,185
22,18,22275,186
22,18,22275,187
22,18,22275,188
22,18,22275,189
22,18,22275,190
22,18,22275,191
22,18,22275,192
22,18,22275,193
22,18,22275,194
22,18,22275,195
22,18,22275,196
22,18,22275,197
22,18,22275,198
22,18,22275,199
22,20,254725,0
22,20,254725,1
22,20,254725,2
22,20,254725,3
22,20,254725,4
22,20,254725,5
22,20,254725,6
22,20,254725,7
22,20,254725,8
22,20,254725,9
22,20,254725,10
22,20,254725,11
22,20,254725,12
22,20,254725,13
22,20,254725,14
22,20,254725,15
22,20,254725,16
22,20,254725,17
22,20,254725,18
22,20,254725,19
22,20,254725,20
22,20,254725,21
22,20,254725,22
22,20,254725,23
22,20,254725,24
22,20,254725,25
22,20,254725,26
22,20,254725,27
22,20,254725,28
22,20,254725,29
22,20,254725,30
22,20,254725,31
22,20,254725,32
22,20,254725,33
22,20,254725,34
22,20,254725,35
22,20,254725,36
22,20,254725,37
22,20,254725,38
22,20,254725,39
22,20,254725,40
22,20,254725,41
22,20,254725,42
22,20,254725,43
22,20,254725,44
22,20,254725,45
22,20,254725,46
22,20,254725,47
22,20,254725,48
22,20,254725,49
22,20,254725,50
22,20,254725,51
22,20,254725,52
22,20,254725,53
22,20,254725,54
22,20,254725,55
22,20,254725,56
22,20,254725,57
22,20,254725,58
22,20,254725,59
22,20,254725,60
22,20,254725,61
22,20,254725,62
22,20,254725,63
22,20,254725,64
22,20,254725,65
22,20,254725,66
22,20,254725,67
22,20,254725,68
22,20,254725,69
22,20,254725,70
22,20,254725,71
22,20,254725,72
22,20,254725,73
22,20,254725,74
22,20,254725,75
22,20,254725,76
22,20,254725,77
22,20,254725,78
22,20,254725,79
22,20,254725,80
22,20,254725,81
22,20,254725,82
22,20,254725,83
22,20,254725,84
22,20,254725,85
22,20,254725,86
22,20,254725,87
22,20,254725,88
22,20,254725,89
22,20,254725,90
22,20,254725,91
22,20,254725,92
22,20,254725,93
22,20,254725,94
22,20,254725,95
22,20,254725,96
22,20,254725,97
22,20,254725,98
22,20,254725,99
22,20,254725,100
22,20,254725,101
22,20,254725,102
22,20,254725,103
22,20,254725,104
22,20,254725,105
22,20,254725,106
22,20,254725,107
22,20,254725,108
22,20,254725,109
22,20,254725,110
22,20,254725,111
22,20,254725,112
22,20,254725,113
22,20,254725,114
22,20,254725,115
22,20,254725,116
22,20,254725,117
22,20,254725,118
22,20,254725,119
22,20,254725,120
22,20,254725,121
22,20,254725,122
22,20,254725,123
22,20,254725,124
22,20,254725,125
22,20,254725,126
22,20,254725,127
22,20,254725,128
22,20,254725,129
22,20,254725,130
22,20,254725,131
22,20,254725,132
22,20,254725,133
22,20,254725,134
22,20,254725,135
22,20,254725,136
22,20,254725,137
22,20,254725,138
22,20,254725,139
22,20,254725,140
22,20,254725,141
22,20,254725,142
22,20,254725,143
22,20,254725,144
22,20,254725,145
22,20,254725,146
22,20,254725,147
22,20,254725,148
22,20,254725,149
22,20,254725,150
22,20,254725,151
22,20,254725,152
22,20,254725,153
22,20,254725,154
22,20,254725,155
22,20,254725,156
22,20,254725,157
22,20,254725,158
22,20,254725,159
22,20,254725,160
22,20,254725,161
22,20,254725,162
22,20,254725,163
22,20,254725,164
22,20,254725,165
22,20,254725,166
22,20,254725,167
22,20,254725,168
22,20,254725,169
22,20,254725,170
22,20,254725,171
22,20,254725,172
22,20,254725,173
22,20,254725,174
22,20,254725,175
22,20,254725,176
22,20,254725,177
22,20,254725,178
22,20,254725,179
22,20,254725,180
22,20,254725,181
22,20,254725,182
22,20,254725,183
22,20,254725,184
22,20,254725,185
22,20,254725,186
22,20,254725,187
22,20,254725,188
22,20,254725,189
22,20,254725,190
22,20,254725,191
22,20,254725,192
22,20,254725,193
22,20,254725,194
22,20,254725,195
22,20,254725,196
22,20,254725,197
22,20,254725,198
22,20,254725,199
22,27,196155,0
22,27,196155,1
22,27,196155,2
22,27,196155,3
22,27,196155,4
22,27,196155,5
22,27,196155,6
22,27,196155,7
22,27,196155,8
22,27,196155,9
22,27,196155,10
22,27,196155,11
22,27,196155,12
22,27,196155,13
22,27,196155,14
22,27,196155,15
22,27,196155,16
22,27,196155,17
22,27,196155,18
22,27,196155,19
22,27,196155,20
22,27,196155,21
22,27,196155,22
22,27,196155,23
22,27,196155,24
22,27,196155,25
22,27,196155,26
22,27,196155,27
22,27,196155,28
22,27,196155,29
22,27,196155,30
22,27,196155,31
22,27,196155,32
22,27,196155,33
22,27,196155,34
22,27,196155,35
22,27,196155,36
22,27,196155,37
22,27,196155,38
22,27,196155,39
22,27,196155,40
22,27,196155,41
22,27,196155,42
22,27,196155,43
22,27,196155,44
22,27,196155,45
22,27,196155,46
22,27,196155,47
22,27,196155,48
22,27,196155,49
22,27,196155,50
22,27,196155,51
22,27,196155,52
22,27,196155,53
22,27,196155,54
22,27,196155,55
22,27,196155,56
22,27,196155,57
22,27,196155,58
22,27,196155,59
22,27,196155,60
22,27,196155,61
22,27,196155,62
22,27,196155,63
22,27,196155,64
22,27,196155,65
22,27,196155,66
22,27,196155,67
22,27,196155,68
22,27,196155,69
22,27,196155,70
22,27,196155,71
22,27,196155,72
22,27,196155,73
22,27,196155,74
22,27,196155,75
22,27,196155,76
22,27,196155,77
22,27,196155,78
22,27,196155,79
22,27,196155,80
22,27,196155,81
22,27,196155,82
22,27,196155,83
22,27,196155,84
22,27,196155,85
22,27,196155,86
22,27,196155,87
22,27,196155,88
22,27,196155,89
22,27,196155,90
22,27,196155,91
22,27,196155,92
22,27,196155,93
22,27,196155,94
22,27,196155,95
22,27,196155,96
22,27,196155,97
22,27,196155,98
22,27,196155,99
22,27,196155,100
22,27,196155,101
22,27,196155,102
22,27,196155,103
22,27,196155,104
22,27,196155,105
22,27,196155,106
22,27,196155,107
22,27,196155,108
22,27,196155,109
22,27,196155,110
22,27,196155,111
22,27,196155,112
22,27,196155,113
22,27,196155,114
22,27,196155,115
22,27,196155,116
22,27,196155,117
22,27,196155,118
22,27,196155,119
22,27,196155,120
22,27,196155,121
22,27,196155,122
22,27,196155,123
22,27,196155,124
22,27,196155,125
22,27,196155,126
22,27,196155,127
22,27,196155,128
22,27,196155,129
22,27,196155,130
22,27,196155,131
22,27,196155,132
22,27,196155,133
22,27,196155,134
22,27,196155,135
22,27,196155,136
22,27,196155,137
22,27,196155,138
22,27,196155,139
22,27,196155,140
22,27,196155,141
22,27,196155,142
22,27,196155,143
22,27,196155,144
22,27,196155,145
22,27,196155,146
22,27,196155,147
22,27,196155,148
22,27,196155,149
22,27,196155,150
22,27,196155,151
22,27,196155,152
22,27,196155,153
22,27,196155,154
22,27,196155,155
22,27,196155,156
22,27,196155,157
22,27,196155,158
22,27,196155,159
22,27,196155,160
22,27,196155,161
22,27,196155,162
22,27,196155,163
22,27,196155,164
22,27,196155,165
22,27,196155,166
22,27,196155,167
22,27,196155,168
22,27,196155,169
22,27,196155,170
22,27,196155,171
22,27,196155,172
22,27,196155,173
22,27,196155,174
22,27,196155,175
22,27,196155,176
22,27,196155,177
22,27,196155,178
22,27,196155,179
22,27,196155,180
22,27,196155,181
22,27,196155,182
22,27,196155,183
22,27,196155,184
22,27,196155,185
22,27,196155,186
22,27,196155,187
22,27,196155,188
22,27,196155,189
22,27,196155,190
22,27,196155,191
22,27,196155,192
22,27,196155,193
22,27,196155,194
22,27,196155,195
22,27,196155,196
22,27,196155,197
22,27,196155,198
22,27,196155,199
22,29,10560,0
22,29,10560,1
22,29,10560,2
22,29,10560,3
22,29,10560,4
22,29,10560,5
22,29,10560,6
22,29,10560,7
22,29,10560,8
22,29,10560,9
22,29,10560,10
22,29,10560,11
22,29,10560,12
22,29,10560,13
22,29,10560,14
22,29,10560,15
22,29,10560,16
22,29,10560,17
22,29,10560,18
22,29,10560,19
22,29,10560,20
22,29,10560,21
22,29,10560,22
22,29,10560,23
22,29,10560,24
22,29,10560,25
22,29,10560,26
22,29,10560,27
22,29,10560,28
22,29,10560,29
22,29,10560,30
22,29,10560,31
22,29,10560,32
22,29,10560,33
22,29,10560,34
22,29,10560,35
22,29,10560,36
22,29,10560,37
22,29,10560,38
22,29,10560,39
22,29,10560,40
22,29,10560,41
22,29,10560,42
22,29,10560,43
22,29,10560,44
22,29,10560,45
22,29,10560,46
22,29,10560,47
22,29,10560,48
22,29,10560,49
22,29,10560,50
22,29,10560,51
22,29,10560,52
22,29,10560,53
22,29,10560,54
22,29,10560,55
22,29,10560,56
22,29,10560,57
22,29,10560,58
22,29,10560,59
22,29,10560,60
22,29,10560,61
22,29,10560,62
22,29,10560,63
22,29,10560,64
22,29,10560,65
22,29,10560,66
22,29,10560,67
22,29,10560,68
22,29,10560,69
22,29,10560,70
22,29,10560,71
22,29,10560,72
22,29,10560,73
22,29,10560,74
22,29,10560,75
22,29,10560,76
22,29,10560,77
22,29,10560,78
22,29,10560,79
22,29,10560,80
22,29,10560,81
22,29,10560,82
22,29,10560,83
22,29,10560,84
22,29,10560,85
22,29,10560,86
22,29,10560,87
22,29,10560,88
22,29,10560,89
22,29,10560,90
22,29,10560,91
22,29,10560,92
22,29,10560,93
22,29,10560,94
22,29,10560,95
22,29,10560,96
22,29,10560,97
22,29,10560,98
22,29,10560,99
22,29,10560,100
22,29,10560,101
22,29,10560,102
22,29,10560,103
22,29,10560,104
22,29,10560,105
22,29,10560,106
22,29,10560,107
22,29,10560,108
22,29,10560,109
22,29,10560,110
22,29,10560,111
22,29,10560,112
22,29,10560,113
22,29,10560,114
22,29,10560,115
22,29,10560,116
22,29,10560,117
22,29,10560,118
22,29,10560,119
22,29,10560,120
22,29,10560,121
22,29,10560,122
22,29,10560,123
22,29,10560,124
22,29,10560,125
22,29,10560,126
22,29,10560,127
22,29,10560,128
22,29,10560,129
22,29,10560,130
22,29,10560,131
22,29,10560,132
22,29,10560,133
22,29,10560,134
22,29,10560,135
22,29,10560,136
22,29,10560,137
22,29,10560,138
22,29,10560,139
22,29,10560,140
22,29,10560,141
22,29,10560,142
22,29,10560,143
22,29,10560,144
22,29,10560,145
22,29,10560,146
22,29,10560,147
22,29,10560,148
22,29,10560,149
22,29,10560,150
22,29,10560,151
22,29,10560,152
22,29,10560,153
22,29,10560,154
22,29,10560,155
22,29,10560,156
22,29,10560,157
22,29,10560,158
22,29,10560,159
22,29,10560,160
22,29,10560,161
22,29,10560,162
22,29,10560,163
22,29,10560,164
22,29,10560,165
22,29,10560,166
22,29,10560,167
22,29,10560,168
22,29,10560,169
22,29,10560,170
22,29,10560,171
22,29,10560,172
22,29,10560,173
22,29,10560,174
22,29,10560,175
22,29,10560,176
22,29,10560,177
22,29,10560,178
22,29,10560,179
22,29,10560,180
22,29,10560,181
22,29,10560,182
22,29,10560,183
22,29,10560,184
22,29,10560,185
22,29,10560,186
22,29,10560,187
22,29,10560,188
22,29,10560,189
22,29,10560,190
22,29,10560,191
22,29,10560,192
22,29,10560,193
22,29,10560,194
22,29,10560,195
22,29,10560,196
22,29,10560,197
22,29,10560,198
22,29,10560,199
18,0,13520,0
18,0,13520,1
18,0,13520,2
18,0,13520,3
18,0,13520,4
18,0,13520,5
18,0,13520,6
18,0,13520,7
18,0,13520,8
18,0,13520,9
18,0,13520,10
18,0,13520,11
18,0,13520,12
18,0,13520,13
18,0,13520,14
18,0,13520,15
18,0,13520,16
18,0,13520,17
18,0,13520,18
18,0,13520,19
18,0,13520,20
18,0,13520,21
18,0,13520,22
18,0,13520,23
18,0,13520,24
18,0,13520,25
18,0,13520,26
18,0,13520,27
18,0,13520,28
18,0,13520,29
18,0,13520,30
18,0,13520,31
18,0,13520,32
18,0,13520,33
18,0,13520,34
18,0,13520,35
18,0,13520,36
18,0,13520,37
18,0,13520,38
18,0,13520,39
18,0,13520,40
18,0,13520,41
18,0,13520,42
18,0,13520,43
18,0,13520,44
18,0,13520,45
18,0,13520,46
18,0,13520,47
18,0,13520,48
18,0,13520,49
18,0,13520,50
18,0,13520,51
18,0,13520,52
18,0,13520,53
18,0,13520,54
18,0,13520,55
18,0,13520,56
18,0,13520,57
18,0,13520,58
18,0,13520,59
18,0,13520,60
18,0,13520,61
18,0,13520,62
18,0,13520,63
18,0,13520,64
18,0,13520,65
18,0,13520,66
18,0,13520,67
18,0,13520,68
18,0,13520,69
18,0,13520,70
18,0,13520,71
18,0,13520,72
18,0,13520,73
18,0,13520,74
18,0,13520,75
18,0,13520,76
18,0,13520,77
18,0,13520,78
18,0,13520,79
18,0,13520,80
18,0,13520,81
18,0,13520,82
18,0,13520,83
18,0,13520,84
18,0,13520,85
18,0,13520,86
18,0,13520,87
18,0,13520,88
18,0,13520,89
18,0,13520,90
18,0,13520,91
18,0,13520,92
18,0,13520,93
18,0,13520,94
18,0,13520,95
18,0,13520,96
18,0,13520,97
18,0,13520,98
18,0,13520,99
18,0,13520,100
18,0,13520,101
18,0,13520,102
18,0,13520,103
18,0,13520,104
18,0,13520,105
18,0,13520,106
18,0,13520,107
18,0,13520,108
18,0,13520,109
18,0,13520,110
18,0,13520,111
18,0,13520,112
18,0,13520,113
18,0,13520,114
18,0,13520,115
18,0,13520,116
18,0,13520,117
18,0,13520,118
18,0,13520,119
18,0,13520,120
18,0,13520,121
18,0,13520,122
18,0,13520,123
18,0,13520,124
18,0,13520,125
18,0,13520,126
18,0,13520,127
18,0,13520,128
18,0,13520,129
18,0,13520,130
18,0,13520,131
18,0,13520,132
18,0,13520,133
18,0,13520,134
18,0,13520,135
18,0,13520,136
18,0,13520,137
18,0,13520,138
18,0,13520,139
18,0,13520,140
18,0,13520,141
18,0,13520,142
18,0,13520,143
18,0,13520,144
18,0,13520,145
18,0,13520,146
18,0,13520,147
18,0,13520,148
18,0,13520,149
18,0,13520,150
18,0,13520,151
18,0,13520,152
18,0,13520,153
18,0,13520,154
18,0,13520,155
18,0,13520,156
18,0,13520,157
18,0,13520,158
18,0,13520,159
18,0,13520,160
18,0,13520,161
18,0,13520,162
18,0,13520,163
18,0,13520,164
18,0,13520,165
18,0,13520,166
18,0,13520,167
18,0,13520,168
18,0,13520,169
18,0,13520,170
18,0,13520,171
18,0,13520,172
18,0,13520,173
18,0,13520,174
18,0,13520,175
18,0,13520,176
18,0,13520,177
18,0,13520,178
18,0,13520,179
18,0,13520,180
18,0,13520,181
18,0,13520,182
18,0,13520,183
18,0,13520,184
18,0,13520,185
18,0,13520,186
18,0,13520,187
18,0,13520,188
18,0,13520,189
18,0,13520,190
18,0,13520,191
18,0,13520,192
18,0,13520,193
18,0,13520,194
18,0,13520,195
18,0,13520,196
18,0,13520,197
18,0,13520,198
18,0,13520,199
18,26,16860,0
18,26,16860,1
18,26,16860,2
18,26,16860,3
18,26,16860,4
18,26,16860,5
18,26,16860,6
18,26,16860,7
18,26,16860,8
18,26,16860,9
18,26,16860,10
18,26,16860,11
18,26,16860,12
18,26,16860,13
18,26,16860,14
18,26,16860,15
18,26,16860,16
18,26,16860,17
18,26,16860,18
18,26,16860,19
18,26,16860,20
18,26,16860,21
18,26,16860,22
18,26,16860,23
18,26,16860,24
18,26,16860,25
18,26,16860,26
18,26,16860,27
18,26,16860,28
18,26,16860,29
18,26,16860,30
18,26,16860,31
18,26,16860,32
18,26,16860,33
18,26,16860,34
18,26,16860,35
18,26,16860,36
18,26,16860,37
18,26,16860,38
18,26,16860,39
18,26,16860,40
18,26,16860,41
18,26,16860,42
18,26,16860,43
18,26,16860,44
18,26,16860,45
18,26,16860,46
18,26,16860,47
18,26,16860,48
18,26,16860,49
18,26,16860,50
18,26,16860,51
18,26,16860,52
18,26,16860,53
18,26,16860,54
18,26,16860,55
18,26,16860,56
18,26,16860,57
18,26,16860,58
18,26,16860,59
18,26,16860,60
18,26,16860,61
18,26,16860,62
18,26,16860,63
18,26,16860,64
18,26,16860,65
18,26,16860,66
18,26,16860,67
18,26,16860,68
18,26,16860,69
18,26,16860,70
18,26,16860,71
18,26,16860,72
18,26,16860,73
18,26,16860,74
18,26,16860,75
18,26,16860,76
18,26,16860,77
18,26,16860,78
18,26,16860,79
18,26,16860,80
18,26,16860,81
18,26,16860,82
18,26,16860,83
18,26,16860,84
18,26,16860,85
18,26,16860,86
18,26,16860,87
18,26,16860,88
18,26,16860,89
18,26,16860,90
18,26,16860,91
18,26,16860,92
18,26,16860,93
18,26,16860,94
18,26,16860,95
18,26,16860,96
18,26,16860,97
18,26,16860,98
18,26,16860,99
18,26,16860,100
18,26,16860,101
18,26,16860,102
18,26,16860,103
18,26,16860,104
18,26,16860,105
18,26,16860,106
18,26,16860,107
18,26,16860,108
18,26,16860,109
18,26,16860,110
18,26,16860,111
18,26,16860,112
18,26,16860,113
18,26,16860,114
18,26,16860,115
18,26,16860,116
18,26,16860,117
18,26,16860,118
18,26,16860,119
18,26,16860,120
18,26,16860,121
18,26,16860,122
18,26,16860,123
18,26,16860,124
18,26,16860,125
18,26,16860,126
18,26,16860,127
18,26,16860,128
18,26,16860,129
18,26,16860,130
18,26,16860,131
18,26,16860,132
18,26,16860,133
18,26,16860,134
18,26,16860,135
18,26,16860,136
18,26,16860,137
18,26,16860,138
18,26,16860,139
18,26,16860,140
18,26,16860,141
18,26,16860,142
18,26,16860,143
18,26,16860,144
18,26,16860,145
18,26,16860,146
18,26,16860,147
18,26,16860,148
18,26,16860,149
18,26,16860,150
18,26,16860,151
18,26,16860,152
18,26,16860,153
18,26,16860,154
18,26,16860,155
18,26,16860,156
18,26,16860,157
18,26,16860,158
18,26,16860,159
18,26,16860,160
18,26,16860,161
18,26,16860,162
18,26,16860,163
18,26,16860,164
18,26,16860,165
18,26,16860,166
18,26,16860,167
18,26,16860,168
18,26,16860,169
18,26,16860,170
18,26,16860,171
18,26,16860,172
18,26,16860,173
18,26,16860,174
18,26,16860,175
18,26,16860,176
18,26,16860,177
18,26,16860,178
18,26,16860,179
18,26,16860,180
18,26,16860,181
18,26,16860,182
18,26,16860,183
18,26,16860,184
18,26,16860,185
18,26,16860,186
18,26,16860,187
18,26,16860,188
18,26,16860,189
18,26,16860,190
18,26,16860,191
18,26,16860,192
18,26,16860,193
18,26,16860,194
18,26,16860,195
18,26,16860,196
18,26,16860,197
18,26,16860,198
18,26,16860,199
18,1,18915,0
18,1,18915,1
18,1,18915,2
18,1,18915,3
18,1,18915,4
18,1,18915,5
18,1,18915,6
18,1,18915,7
18,1,18915,8
18,1,18915,9
18,1,18915,10
18,1,18915,11
18,1,18915,12
18,1,18915,13
18,1,18915,14
18,1,18915,15
18,1,18915,16
18,1,18915,17
18,1,18915,18
18,1,18915,19
18,1,18915,20
18,1,18915,21
18,1,18915,22
18,1,18915,23
18,1,18915,24
18,1,18915,25
18,1,18915,26
18,1,18915,27
18,1,18915,28
18,1,18915,29
18,1,18915,30
18,1,18915,31
18,1,18915,32
18,1,18915,33
18,1,18915,34
18,1,18915,35
18,1,18915,36
18,1,18915,37
18,1,18915,38
18,1,18915,39
18,1,18915,40
18,1,18915,41
18,1,18915,42
18,1,18915,43
18,1,18915,44
18,1,18915,45
18,1,18915,46
18,1,18915,47
18,1,18915,48
18,1,18915,49
18,1,18915,50
18,1,18915,51
18,1,18915,52
18,1,18915,53
18,1,18915,54
18,1,18915,55
18,1,18915,56
18,1,18915,57
18,1,18915,58
18,1,18915,59
18,1,18915,60
18,1,18915,61
18,1,18915,62
18,1,18915,63
18,1,18915,64
18,1,18915,65
18,1,18915,66
18,1,18915,67
18,1,18915,68
18,1,18915,69
18,1,18915,70
18,1,18915,71
18,1,18915,72
18,1,18915,73
18,1,18915,74
18,1,18915,75
18,1,18915,76
18,1,18915,77
18,1,18915,78
18,1,18915,79
18,1,18915,80
18,1,18915,81
18,1,18915,82
18,1,18915,83
18,1,18915,84
18,1,18915,85
18,1,18915,86
18,1,18915,87
18,1,18915,88
18,1,18915,89
18,1,18915,90
18,1,18915,91
18,1,18915,92
18,1,18915,93
18,1,18915,94
18,1,18915,95
18,1,18915,96
18,1,18915,97
18,1,18915,98
18,1,18915,99
18,1,18915,100
18,1,18915,101
18,1,18915,102
18,1,18915,103
18,1,18915,104
18,1,18915,105
18,1,18915,106
18,1,18915,107
18,1,18915,108
18,1,18915,109
18,1,18915,110
18,1,18915,111
18,1,18915,112
18,1,18915,113
18,1,18915,114
18,1,18915,115
18,1,18915,116
18,1,18915,117
18,1,18915,118
18,1,18915,119
18,1,18915,120
18,1,18915,121
18,1,18915,122
18,1,18915,123
18,1,18915,124
18,1,18915,125
18,1,18915,126
18,1,18915,127
18,1,18915,128
18,1,18915,129
18,1,18915,130
18,1,18915,131
18,1,18915,132
18,1,18915,133
18,1,18915,134
18,1,18915,135
18,1,18915,136
18,1,18915,137
18,1,18915,138
18,1,18915,139
18,1,18915,140
18,1,18915,141
18,1,18915,142
18,1,18915,143
18,1,18915,144
18,1,18915,145
18,1,18915,146
18,1,18915,147
18,1,18915,148
18,1,18915,149
18,1,18915,150
18,1,18915,151
18,1,18915,152
18,1,18915,153
18,1,18915,154
18,1,18915,155
18,1,18915,156
18,1,18915,157
18,1,18915,158
18,1,18915,159
18,1,18915,160
18,1,18915,161
18,1,18915,162
18,1,18915,163
18,1,18915,164
18,1,18915,165
18,1,18915,166
18,1,18915,167
18,1,18915,168
18,1,18915,169
18,1,18915,170
18,1,18915,171
18,1,18915,172
18,1,18915,173
18,1,18915,174
18,1,18915,175
18,1,18915,176
18,1,18915,177
18,1,18915,178
18,1,18915,179
18,1,18915,180
18,1,18915,181
18,1,18915,182
18,1,18915,183
18,1,18915,184
18,1,18915,185
18,1,18915,186
18,1,18915,187
18,1,18915,188
18,1,18915,189
18,1,18915,190
18,1,18915,191
18,1,18915,192
18,1,18915,193
18,1,18915,194
18,1,18915,195
18,1,18915,196
18,1,18915,197
18,1,18915,198
18,1,18915,199
18,19,12350,0
18,19,12350,1
18,19,12350,2
18,19,12350,3
18,19,12350,4
18,19,12350,5
18,19,12350,6
18,19,12350,7
18,19,12350,8
18,19,12350,9
18,19,12350,10
18,19,12350,11
18,19,12350,12
18,19,12350,13
18,19,12350,14
18,19,12350,15
18,19,12350,16
18,19,12350,17
18,19,12350,18
18,19,12350,19
18,19,12350,20
18,19,12350,21
18,19,12350,22
18,19,12350,23
18,19,12350,24
18,19,12350,25
18,19,12350,26
18,19,12350,27
18,19,12350,28
18,19,12350,29
18,19,12350,30
18,19,12350,31
18,19,12350,32
18,19,12350,33
18,19,12350,34
18,19,12350,35
18,19,12350,36
18,19,12350,37
18,19,12350,38
18,19,12350,39
18,19,12350,40
18,19,12350,41
18,19,12350,42
18,19,12350,43
18,19,12350,44
18,19,12350,45
18,19,12350,46
18,19,12350,47
18,19,12350,48
18,19,12350,49
18,19,12350,50
18,19,12350,51
18,19,12350,52
18,19,12350,53
18,19,12350,54
18,19,12350,55
18,19,12350,56
18,19,12350,57
18,19,12350,58
18,19,12350,59
18,19,12350,60
18,19,12350,61
18,19,12350,62
18,19,12350,63
18,19,12350,64
18,19,12350,65
18,19,12350,66
18,19,12350,67
18,19,12350,68
18,19,12350,69
18,19,12350,70
18,19,12350,71
18,19,12350,72
18,19,12350,73
18,19,12350,74
18,19,12350,75
18,19,12350,76
18,19,12350,77
18,19,12350,78
18,19,12350,79
18,19,12350,80
18,19,12350,81
18,19,12350,82
18,19,12350,83
18,19,12350,84
18,19,12350,85
18,19,12350,86
18,19,12350,87
18,19,12350,88
18,19,12350,89
18,19,12350,90
18,19,12350,91
18,19,12350,92
18,19,12350,93
18,19,12350,94
18,19,12350,95
18,19,12350,96
18,19,12350,97
18,19,12350,98
18,19,12350,99
18,19,12350,100
18,19,12350,101
18,19,12350,102
18,19,12350,103
18,19,12350,104
18,19,12350,105
18,19,12350,106
18,19,12350,107
18,19,12350,108
18,19,12350,109
18,19,12350,110
18,19,12350,111
18,19,12350,112
18,19,12350,113
18,19,12350,114
18,19,12350,115
18,19,12350,116
18,19,12350,117
18,19,12350,118
18,19,12350,119
18,19,12350,120
18,19,12350,121
18,19,12350,122
18,19,12350,123
18,19,12350,124
18,19,12350,125
18,19,12350,126
18,19,12350,127
18,19,12350,128
18,19,12350,129
18,19,12350,130
18,19,12350,131
18,19,12350,132
18,19,12350,133
18,19,12350,134
18,19,12350,135
18,19,12350,136
18,19,12350,137
18,19,12350,138
18,19,12350,139
18,19,12350,140
18,19,12350,141
18,19,12350,142
18,19,12350,143
18,19,12350,144
18,19,12350,145
18,19,12350,146
18,19,12350,147
18,19,12350,148
18,19,12350,149
18,19,12350,150
18,19,12350,151
18,19,12350,152
18,19,12350,153
18,19,12350,154
18,19,12350,155
18,19,12350,156
18,19,12350,157
18,19,12350,158
18,19,12350,159
18,19,12350,160
18,19,12350,161
18,19,12350,162
18,19,12350,163
18,19,12350,164
18,19,12350,165
18,19,12350,166
18,19,12350,167
18,19,12350,168
18,19,12350,169
18,19,12350,170
18,19,12350,171
18,19,12350,172
18,19,12350,173
18,19,12350,174
18,19,12350,175
18,19,12350,176
18,19,12350,177
18,19,12350,178
18,19,12350,179
18,19,12350,180
18,19,12350,181
18,19,12350,182
18,19,12350,183
18,19,12350,184
18,19,12350,185
18,19,12350,186
18,19,12350,187
18,19,12350,188
18,19,12350,189
18,19,12350,190
18,19,12350,191
18,19,12350,192
18,19,12350,193
18,19,12350,194
18,19,12350,195
18,19,12350,196
18,19,12350,197
18,19,12350,198
18,19,12350,199
18,17,11390,0
18,17,11390,1
18,17,11390,2
18,17,11390,3
18,17,11390,4
18,17,11390,5
18,17,11390,6
18,17,11390,7
18,17,11390,8
18,17,11390,9
18,17,11390,10
18,17,11390,11
18,17,11390,12
18,17,11390,13
18,17,11390,14
18,17,11390,15
18,17,11390,16
18,17,11390,17
18,17,11390,18
18,17,11390,19
18,17,11390,20
18,17,11390,21
18,17,11390,22
18,17,11390,23
18,17,11390,24
18,17,11390,25
18,17,11390,26
18,17,11390,27
18,17,11390,28
18,17,11390,29
18,17,11390,30
18,17,11390,31
18,17,11390,32
18,17,11390,33
18,17,11390,34
18,17,11390,35
18,17,11390,36
18,17,11390,37
18,17,11390,38
18,17,11390,39
18,17,11390,40
18,17,11390,41
18,17,11390,42
18,17,11390,43
18,17,11390,44
18,17,11390,45
18,17,11390,46
18,17,11390,47
18,17,11390,48
18,17,11390,49
18,17,11390,50
18,17,11390,51
18,17,11390,52
18,17,11390,53
18,17,11390,54
18,17,11390,55
18,17,11390,56
18,17,11390,57
18,17,11390,58
18,17,11390,59
18,17,11390,60
18,17,11390,61
18,17,11390,62
18,17,11390,63
18,17,11390,64
18,17,11390,65
18,17,11390,66
18,17,11390,67
18,17,11390,68
18,17,11390,69
18,17,11390,70
18,17,11390,71
18,17,11390,72
18,17,11390,73
18,17,11390,74
18,17,11390,75
18,17,11390,76
18,17,11390,77
18,17,11390,78
18,17,11390,79
18,17,11390,80
18,17,11390,81
18,17,11390,82
18,17,11390,83
18,17,11390,84
18,17,11390,85
18,17,11390,86
18,17,11390,87
18,17,11390,88
18,17,11390,89
18,17,11390,90
18,17,11390,91
18,17,11390,92
18,17,11390,93
18,17,11390,94
18,17,11390,95
18,17,11390,96
18,17,11390,97
18,17,11390,98
18,17,11390,99
18,17,11390,100
18,17,11390,101
18,17,11390,102
18,17,11390,103
18,17,11390,104
18,17,11390,105
18,17,11390,106
18,17,11390,107
18,17,11390,108
18,17,11390,109
18,17,11390,110
18,17,11390,111
18,17,11390,112
18,17,11390,113
18,17,11390,114
18,17,11390,115
18,17,11390,116
18,17,11390,117
18,17,11390,118
18,17,11390,119
18,17,11390,120
18,17,11390,121
18,17,11390,122
18,17,11390,123
18,17,11390,124
18,17,11390,125
18,17,11390,126
18,17,11390,127
18,17,11390,128
18,17,11390,129
18,17,11390,130
18,17,11390,131
18,17,11390,132
18,17,11390,133
18,17,11390,134
18,17,11390,135
18,17,11390,136
18,17,11390,137
18,17,11390,138
18,17,11390,139
18,17,11390,140
18,17,11390,141
18,17,11390,142
18,17,11390,143
18,17,11390,144
18,17,11390,145
18,17,11390,146
18,17,11390,147
18,17,11390,148
18,17,11390,149
18,17,11390,150
18,17,11390,151
18,17,11390,152
18,17,11390,153
18,17,11390,154
18,17,11390,155
18,17,11390,156
18,17,11390,157
18,17,11390,158
18,17,11390,159
18,17,11390,160
18,17,11390,161
18,17,11390,162
18,17,11390,163
18,17,11390,164
18,17,11390,165
18,17,11390,166
18,17,11390,167
18,17,11390,168
18,17,11390,169
18,17,11390,170
18,17,11390,171
18,17,11390,172
18,17,11390,173
18,17,11390,174
18,17,11390,175
18,17,11390,176
18,17,11390,177
18,17,11390,178
18,17,11390,179
18,17,11390,180
18,17,11390,181
18,17,11390,182
18,17,11390,183
18,17,11390,184
18,17,11390,185
18,17,11390,186
18,17,11390,187
18,17,11390,188
18,17,11390,189
18,17,11390,190
18,17,11390,191
18,17,11390,192
18,17,11390,193
18,17,11390,194
18,17,11390,195
18,17,11390,196
18,17,11390,197
18,17,11390,198
18,17,11390,199
18,3,836055,0
18,3,836055,1
18,3,836055,2
18,3,836055,3
18,3,836055,4
18,3,836055,5
18,3,836055,6
18,3,836055,7
18,3,836055,8
18,3,836055,9
18,3,836055,10
18,3,836055,11
18,3,836055,12
18,3,836055,13
18,3,836055,14
18,3,836055,15
18,3,836055,16
18,3,836055,17
18,3,836055,18
18,3,836055,19
18,3,836055,20
18,3,836055,21
18,3,836055,22
18,3,836055,23
18,3,836055,24
18,3,836055,25
18,3,836055,26
18,3,836055,27
18,3,836055,28
18,3,836055,29
18,3,836055,30
18,3,836055,31
18,3,836055,32
18,3,836055,33
18,3,836055,34
18,3,836055,35
18,3,836055,36
18,3,836055,37
18,3,836055,38
18,3,836055,39
18,3,836055,40
18,3,836055,41
18,3,836055,42
18,3,836055,43
18,3,836055,44
18,3,836055,45
18,3,836055,46
18,3,836055,47
18,3,836055,48
18,3,836055,49
18,3,836055,50
18,3,836055,51
18,3,836055,52
18,3,836055,53
18,3,836055,54
18,3,836055,55
18,3,836055,56
18,3,836055,57
18,3,836055,58
18,3,836055,59
18,3,836055,60
18,3,836055,61
18,3,836055,62
18,3,836055,63
18,3,836055,64
18,3,836055,65
18,3,836055,66
18,3,836055,67
18,3,836055,68
18,3,836055,69
18,3,836055,70
18,3,836055,71
18,3,836055,72
18,3,836055,73
18,3,836055,74
18,3,836055,75
18,3,836055,76
18,3,836055,77
18,3,836055,78
18,3,836055,79
18,3,836055,80
18,3,836055,81
18,3,836055,82
18,3,836055,83
18,3,836055,84
18,3,836055,85
18,3,836055,86
18,3,836055,87
18,3,836055,88
18,3,836055,89
18,3,836055,90
18,3,836055,91
18,3,836055,92
18,3,836055,93
18,3,836055,94
18,3,836055,95
18,3,836055,96
18,3,836055,97
18,3,836055,98
18,3,836055,99
18,3,836055,100
18,3,836055,101
18,3,836055,102
18,3,836055,103
18,3,836055,104
18,3,836055,105
18,3,836055,106
18,3,836055,107
18,3,836055,108
18,3,836055,109
18,3,836055,110
18,3,836055,111
18,3,836055,112
18,3,836055,113
18,3,836055,114
18,3,836055,115
18,3,836055,116
18,3,836055,117
18,3,836055,118
18,3,836055,119
18,3,836055,120
18,3,836055,121
18,3,836055,122
18,3,836055,123
18,3,836055,124
18,3,836055,125
18,3,836055,126
18,3,836055,127
18,3,836055,128
18,3,836055,129
18,3,836055,130
18,3,836055,131
18,3,836055,132
18,3,836055,133
18,3,836055,134
18,3,836055,135
18,3,836055,136
18,3,836055,137
18,3,836055,138
18,3,836055,139
18,3,836055,140
18,3,836055,141
18,3,836055,142
18,3,836055,143
18,3,836055,144
18,3,836055,145
18,3,836055,146
18,3,836055,147
18,3,836055,148
18,3,836055,149
18,3,836055,150
18,3,836055,151
18,3,836055,152
18,3,836055,153
18,3,836055,154
18,3,836055,155
18,3,836055,156
18,3,836055,157
18,3,836055,158
18,3,836055,159
18,3,836055,160
18,3,836055,161
18,3,836055,162
18,3,836055,163
18,3,836055,164
18,3,836055,165
18,3,836055,166
18,3,836055,167
18,3,836055,168
18,3,836055,169
18,3,836055,170
18,3,836055,171
18,3,836055,172
18,3,836055,173
18,3,836055,174
18,3,836055,175
18,3,836055,176
18,3,836055,177
18,3,836055,178
18,3,836055,179
18,3,836055,180
18,3,836055,181
18,3,836055,182
18,3,836055,183
18,3,836055,184
18,3,836055,185
18,3,836055,186
18,3,836055,187
18,3,836055,188
18,3,836055,189
18,3,836055,190
18,3,836055,191
18,3,836055,192
18,3,836055,193
18,3,836055,194
18,3,836055,195
18,3,836055,196
18,3,836055,197
18,3,836055,198
18,3,836055,199
18,5,303495,0
18,5,303495,1
18,5,303495,2
18,5,303495,3
18,5,303495,4
18,5,303495,5
18,5,303495,6
18,5,303495,7
18,5,303495,8
18,5,303495,9
18,5,303495,10
18,5,303495,11
18,5,303495,12
18,5,303495,13
18,5,303495,14
18,5,303495,15
18,5,303495,16
18,5,303495,17
18,5,303495,18
18,5,303495,19
18,5,303495,20
18,5,303495,21
18,5,303495,22
18,5,303495,23
18,5,303495,24
18,5,303495,25
18,5,303495,26
18,5,303495,27
18,5,303495,28
18,5,303495,29
18,5,303495,30
18,5,303495,31
18,5,303495,32
18,5,303495,33
18,5,303495,34
18,5,303495,35
18,5,303495,36
18,5,303495,37
18,5,303495,38
18,5,303495,39
18,5,303495,40
18,5,303495,41
18,5,303495,42
18,5,303495,43
18,5,303495,44
18,5,303495,45
18,5,303495,46
18,5,303495,47
18,5,303495,48
18,5,303495,49
18,5,303495,50
18,5,303495,51
18,5,303495,52
18,5,303495,53
18,5,303495,54
18,5,303495,55
18,5,303495,56
18,5,303495,57
18,5,303495,58
18,5,303495,59
18,5,303495,60
18,5,303495,61
18,5,303495,62
18,5,303495,63
18,5,303495,64
18,5,303495,65
18,5,303495,66
18,5,303495,67
18,5,303495,68
18,5,303495,69
18,5,303495,70
18,5,303495,71
18,5,303495,72
18,5,303495,73
18,5,303495,74
18,5,303495,75
18,5,303495,76
18,5,303495,77
18,5,303495,78
18,5,303495,79
18,5,303495,80
18,5,303495,81
18,5,303495,82
18,5,303495,83
18,5,303495,84
18,5,303495,85
18,5,303495,86
18,5,303495,87
18,5,303495,88
18,5,303495,89
18,5,303495,90
18,5,303495,91
18,5,303495,92
18,5,303495,93
18,5,303495,94
18,5,303495,95
18,5,303495,96
18,5,303495,97
18,5,303495,98
18,5,303495,99
18,5,303495,100
18,5,303495,101
18,5,303495,102
18,5,303495,103
18,5,303495,104
18,5,303495,105
18,5,303495,106
18,5,303495,107
18,5,303495,108
18,5,303495,109
18,5,303495,110
18,5,303495,111
18,5,303495,112
18,5,303495,113
18,5,303495,114
18,5,303495,115
18,5,303495,116
18,5,303495,117
18,5,303495,118
18,5,303495,119
18,5,303495,120
18,5,303495,121
18,5,303495,122
18,5,303495,123
18,5,303495,124
18,5,303495,125
18,5,303495,126
18,5,303495,127
18,5,303495,128
18,5,303495,129
18,5,303495,130
18,5,303495,131
18,5,303495,132
18,5,303495,133
18,5,303495,134
18,5,303495,135
18,5,303495,136
18,5,303495,137
18,5,303495,138
18,5,303495,139
18,5,303495,140
18,5,303495,141
18,5,303495,142
18,5,303495,143
18,5,303495,144
18,5,303495,145
18,5,303495,146
18,5,303495,147
18,5,303495,148
18,5,303495,149
18,5,303495,150
18,5,303495,151
18,5,303495,152
18,5,303495,153
18,5,303495,154
18,5,303495,155
18,5,303495,156
18,5,303495,157
18,5,303495,158
18,5,303495,159
18,5,303495,160
18,5,303495,161
18,5,303495,162
18,5,303495,163
18,5,303495,164
18,5,303495,165
18,5,303495,166
18,5,303495,167
18,5,303495,168
18,5,303495,169
18,5,303495,170
18,5,303495,171
18,5,303495,172
18,5,303495,173
18,5,303495,174
18,5,303495,175
18,5,303495,176
18,5,303495,177
18,5,303495,178
18,5,303495,179
18,5,303495,180
18,5,303495,181
18,5,303495,182
18,5,303495,183
18,5,303495,184
18,5,303495,185
18,5,303495,186
18,5,303495,187
18,5,303495,188
18,5,303495,189
18,5,303495,190
18,5,303495,191
18,5,303495,192
18,5,303495,193
18,5,303495,194
18,5,303495,195
18,5,303495,196
18,5,303495,197
18,5,303495,198
18,5,303495,199
18,9,279670,0
18,9,279670,1
18,9,279670,2
18,9,279670,3
18,9,279670,4
18,9,279670,5
18,9,279670,6
18,9,279670,7
18,9,279670,8
18,9,279670,9
18,9,279670,10
18,9,279670,11
18,9,279670,12
18,9,279670,13
18,9,279670,14
18,9,279670,15
18,9,279670,16
18,9,279670,17
18,9,279670,18
18,9,279670,19
18,9,279670,20
18,9,279670,21
18,9,279670,22
18,9,279670,23
18,9,279670,24
18,9,279670,25
18,9,279670,26
18,9,279670,27
18,9,279670,28
18,9,279670,29
18,9,279670,30
18,9,279670,31
18,9,279670,32
18,9,279670,33
18,9,279670,34
18,9,279670,35
18,9,279670,36
18,9,279670,37
18,9,279670,38
18,9,279670,39
18,9,279670,40
18,9,279670,41
18,9,279670,42
18,9,279670,43
18,9,279670,44
18,9,279670,45
18,9,279670,46
18,9,279670,47
18,9,279670,48
18,9,279670,49
18,9,279670,50
18,9,279670,51
18,9,279670,52
18,9,279670,53
18,9,279670,54
18,9,279670,55
18,9,279670,56
18,9,279670,57
18,9,279670,58
18,9,279670,59
18,9,279670,60
18,9,279670,61
18,9,279670,62
18,9,279670,63
18,9,279670,64
18,9,279670,65
18,9,279670,66
18,9,279670,67
18,9,279670,68
18,9,279670,69
18,9,279670,70
18,9,279670,71
18,9,279670,72
18,9,279670,73
18,9,279670,74
18,9,279670,75
18,9,279670,76
18,9,279670,77
18,9,279670,78
18,9,279670,79
18,9,279670,80
18,9,279670,81
18,9,279670,82
18,9,279670,83
18,9,279670,84
18,9,279670,85
18,9,279670,86
18,9,279670,87
18,9,279670,88
18,9,279670,89
18,9,279670,90
18,9,279670,91
18,9,279670,92
18,9,279670,93
18,9,279670,94
18,9,279670,95
18,9,279670,96
18,9,279670,97
18,9,279670,98
18,9,279670,99
18,9,279670,100
18,9,279670,101
18,9,279670,102
18,9,279670,103
18,9,279670,104
18,9,279670,105
18,9,279670,106
18,9,279670,107
18,9,279670,108
18,9,279670,109
18,9,279670,110
18,9,279670,111
18,9,279670,112
18,9,279670,113
18,9,279670,114
18,9,279670,115
18,9,279670,116
18,9,279670,117
18,9,279670,118
18,9,279670,119
18,9,279670,120
18,9,279670,121
18,9,279670,122
18,9,279670,123
18,9,279670,124
18,9,279670,125
18,9,279670,126
18,9,279670,127
18,9,279670,128
18,9,279670,129
18,9,279670,130
18,9,279670,131
18,9,279670,132
18,9,279670,133
18,9,279670,134
18,9,279670,135
18,9,279670,136
18,9,279670,137
18,9,279670,138
18,9,279670,139
18,9,279670,140
18,9,279670,141
18,9,279670,142
18,9,279670,143
18,9,279670,144
18,9,279670,145
18,9,279670,146
18,9,279670,147
18,9,279670,148
18,9,279670,149
18,9,279670,150
18,9,279670,151
18,9,279670,152
18,9,279670,153
18,9,279670,154
18,9,279670,155
18,9,279670,156
18,9,279670,157
18,9,279670,158
18,9,279670,159
18,9,279670,160
18,9,279670,161
18,9,279670,162
18,9,279670,163
18,9,279670,164
18,9,279670,165
18,9,279670,166
18,9,279670,167
18,9,279670,168
18,9,279670,169
18,9,279670,170
18,9,279670,171
18,9,279670,172
18,9,279670,173
18,9,279670,174
18,9,279670,175
18,9,279670,176
18,9,279670,177
18,9,279670,178
18,9,279670,179
18,9,279670,180
18,9,279670,181
18,9,279670,182
18,9,279670,183
18,9,279670,184
18,9,279670,185
18,9,279670,186
18,9,279670,187
18,9,279670,188
18,9,279670,189
18,9,279670,190
18,9,279670,191
18,9,279670,192
18,9,279670,193
18,9,279670,194
18,9,279670,195
18,9,279670,196
18,9,279670,197
18,9,279670,198
18,9,279670,199
18,21,34790,0
18,21,34790,1
18,21,34790,2
18,21,34790,3
18,21,34790,4
18,21,34790,5
18,21,34790,6
18,21,34790,7
18,21,34790,8
18,21,34790,9
18,21,34790,10
18,21,34790,11
18,21,34790,12
18,21,34790,13
18,21,34790,14
18,21,34790,15
18,21,34790,16
18,21,34790,17
18,21,34790,18
18,21,34790,19
18,21,34790,20
18,21,34790,21
18,21,34790,22
18,21,34790,23
18,21,34790,24
18,21,34790,25
18,21,34790,26
18,21,34790,27
18,21,34790,28
18,21,34790,29
18,21,34790,30
18,21,34790,31
18,21,34790,32
18,21,34790,33
18,21,34790,34
18,21,34790,35
18,21,34790,36
18,21,34790,37
18,21,34790,38
18,21,34790,39
18,21,34790,40
18,21,34790,41
18,21,34790,42
18,21,34790,43
18,21,34790,44
18,21,34790,45
18,21,34790,46
18,21,34790,47
18,21,34790,48
18,21,34790,49
18,21,34790,50
18,21,34790,51
18,21,34790,52
18,21,34790,53
18,21,34790,54
18,21,34790,55
18,21,34790,56
18,21,34790,57
18,21,34790,58
18,21,34790,59
18,21,34790,60
18,21,34790,61
18,21,34790,62
18,21,34790,63
18,21,34790,64
18,21,34790,65
18,21,34790,66
18,21,34790,67
18,21,34790,68
18,21,34790,69
18,21,34790,70
18,21,34790,71
18,21,34790,72
18,21,34790,73
18,21,34790,74
18,21,34790,75
18,21,34790,76
18,21,34790,77
18,21,34790,78
18,21,34790,79
18,21,34790,80
18,21,34790,81
18,21,34790,82
18,21,34790,83
18,21,34790,84
18,21,34790,85
18,21,34790,86
18,21,34790,87
18,21,34790,88
18,21,34790,89
18,21,34790,90
18,21,34790,91
18,21,34790,92
18,21,34790,93
18,21,34790,94
18,21,34790,95
18,21,34790,96
18,21,34790,97
18,21,34790,98
18,21,34790,99
18,21,34790,100
18,21,34790,101
18,21,34790,102
18,21,34790,103
18,21,34790,104
18,21,34790,105
18,21,34790,106
18,21,34790,107
18,21,34790,108
18,21,34790,109
18,21,34790,110
18,21,34790,111
18,21,34790,112
18,21,34790,113
18,21,34790,114
18,21,34790,115
18,21,34790,116
18,21,34790,117
18,21,34790,118
18,21,34790,119
18,21,34790,120
18,21,34790,121
18,21,34790,122
18,21,34790,123
18,21,34790,124
18,21,34790,125
18,21,34790,126
18,21,34790,127
18,21,34790,128
18,21,34790,129
18,21,34790,130
18,21,34790,131
18,21,34790,132
18,21,34790,133
18,21,34790,134
18,21,34790,135
18,21,34790,136
18,21,34790,137
18,21,34790,138
18,21,34790,139
18,21,34790,140
18,21,34790,141
18,21,34790,142
18,21,34790,143
18,21,34790,144
18,21,34790,145
18,21,34790,146
18,21,34790,147
18,21,34790,148
18,21,34790,149
18,21,34790,150
18,21,34790,151
18,21,34790,152
18,21,34790,153
18,21,34790,154
18,21,34790,155
18,21,34790,156
18,21,34790,157
18,21,34790,158
18,21,34790,159
18,21,34790,160
18,21,34790,161
18,21,34790,162
18,21,34790,163
18,21,34790,164
18,21,34790,165
18,21,34790,166
18,21,34790,167
18,21,34790,168
18,21,34790,169
18,21,34790,170
18,21,34790,171
18,21,34790,172
18,21,34790,173
18,21,34790,174
18,21,34790,175
18,21,34790,176
18,21,34790,177
18,21,34790,178
18,21,34790,179
18,21,34790,180
18,21,34790,181
18,21,34790,182
18,21,34790,183
18,21,34790,184
18,21,34790,185
18,21,34790,186
18,21,34790,187
18,21,34790,188
18,21,34790,189
18,21,34790,190
18,21,34790,191
18,21,34790,192
18,21,34790,193
18,21,34790,194
18,21,34790,195
18,21,34790,196
18,21,34790,197
18,21,34790,198
18,21,34790,199
18,12,55310,0
18,12,55310,1
18,12,55310,2
18,12,55310,3
18,12,55310,4
18,12,55310,5
18,12,55310,6
18,12,55310,7
18,12,55310,8
18,12,55310,9
18,12,55310,10
18,12,55310,11
18,12,55310,12
18,12,55310,13
18,12,55310,14
18,12,55310,15
18,12,55310,16
18,12,55310,17
18,12,55310,18
18,12,55310,19
18,12,55310,20
18,12,55310,21
18,12,55310,22
18,12,55310,23
18,12,55310,24
18,12,55310,25
18,12,55310,26
18,12,55310,27
18,12,55310,28
18,12,55310,29
18,12,55310,30
18,12,55310,31
18,12,55310,32
18,12,55310,33
18,12,55310,34
18,12,55310,35
18,12,55310,36
18,12,55310,37
18,12,55310,38
18,12,55310,39
18,12,55310,40
18,12,55310,41
18,12,55310,42
18,12,55310,43
18,12,55310,44
18,12,55310,45
18,12,55310,46
18,12,55310,47
18,12,55310,48
18,12,55310,49
18,12,55310,50
18,12,55310,51
18,12,55310,52
18,12,55310,53
18,12,55310,54
18,12,55310,55
18,12,55310,56
18,12,55310,57
18,12,55310,58
18,12,55310,59
18,12,55310,60
18,12,55310,61
18,12,55310,62
18,12,55310,63
18,12,55310,64
18,12,55310,65
18,12,55310,66
18,12,55310,67
18,12,55310,68
18,12,55310,69
18,12,55310,70
18,12,55310,71
18,12,55310,72
18,12,55310,73
18,12,55310,74
18,12,55310,75
18,12,55310,76
18,12,55310,77
18,12,55310,78
18,12,55310,79
18,12,55310,80
18,12,55310,81
18,12,55310,82
18,12,55310,83
18,12,55310,84
18,12,55310,85
18,12,55310,86
18,12,55310,87
18,12,55310,88
18,12,55310,89
18,12,55310,90
18,12,55310,91
18,12,55310,92
18,12,55310,93
18,12,55310,94
18,12,55310,95
18,12,55310,96
18,12,55310,97
18,12,55310,98
18,12,55310,99
18,12,55310,100
18,12,55310,101
18,12,55310,102
18,12,55310,103
18,12,55310,104
18,12,55310,105
18,12,55310,106
18,12,55310,107
18,12,55310,108
18,12,55310,109
18,12,55310,110
18,12,55310,111
18,12,55310,112
18,12,55310,113
18,12,55310,114
18,12,55310,115
18,12,55310,116
18,12,55310,117
18,12,55310,118
18,12,55310,119
18,12,55310,120
18,12,55310,121
18,12,55310,122
18,12,55310,123
18,12,55310,124
18,12,55310,125
18,12,55310,126
18,12,55310,127
18,12,55310,128
18,12,55310,129
18,12,55310,130
18,12,55310,131
18,12,55310,132
18,12,55310,133
18,12,55310,134
18,12,55310,135
18,12,55310,136
18,12,55310,137
18,12,55310,138
18,12,55310,139
18,12,55310,140
18,12,55310,141
18,12,55310,142
18,12,55310,143
18,12,55310,144
18,12,55310,145
18,12,55310,146
18,12,55310,147
18,12,55310,148
18,12,55310,149
18,12,55310,150
18,12,55310,151
18,12,55310,152
18,12,55310,153
18,12,55310,154
18,12,55310,155
18,12,55310,156
18,12,55310,157
18,12,55310,158
18,12,55310,159
18,12,55310,160
18,12,55310,161
18,12,55310,162
18,12,55310,163
18,12,55310,164
18,12,55310,165
18,12,55310,166
18,12,55310,167
18,12,55310,168
18,12,55310,169
18,12,55310,170
18,12,55310,171
18,12,55310,172
18,12,55310,173
18,12,55310,174
18,12,55310,175
18,12,55310,176
18,12,55310,177
18,12,55310,178
18,12,55310,179
18,12,55310,180
18,12,55310,181
18,12,55310,182
18,12,55310,183
18,12,55310,184
18,12,55310,185
18,12,55310,186
18,12,55310,187
18,12,55310,188
18,12,55310,189
18,12,55310,190
18,12,55310,191
18,12,55310,192
18,12,55310,193
18,12,55310,194
18,12,55310,195
18,12,55310,196
18,12,55310,197
18,12,55310,198
18,12,55310,199
18,14,21465,0
18,14,21465,1
18,14,21465,2
18,14,21465,3
18,14,21465,4
18,14,21465,5
18,14,21465,6
18,14,21465,7
18,14,21465,8
18,14,21465,9
18,14,21465,10
18,14,21465,11
18,14,21465,12
18,14,21465,13
18,14,21465,14
18,14,21465,15
18,14,21465,16
18,14,21465,17
18,14,21465,18
18,14,21465,19
18,14,21465,20
18,14,21465,21
18,14,21465,22
18,14,21465,23
18,14,21465,24
18,14,21465,25
18,14,21465,26
18,14,21465,27
18,14,21465,28
18,14,21465,29
18,14,21465,30
18,14,21465,31
18,14,21465,32
18,14,21465,33
18,14,21465,34
18,14,21465,35
18,14,21465,36
18,14,21465,37
18,14,21465,38
18,14,21465,39
18,14,21465,40
18,14,21465,41
18,14,21465,42
18,14,21465,43
18,14,21465,44
18,14,21465,45
18,14,21465,46
18,14,21465,47
18,14,21465,48
18,14,21465,49
18,14,21465,50
18,14,21465,51
18,14,21465,52
18,14,21465,53
18,14,21465,54
18,14,21465,55
18,14,21465,56
18,14,21465,57
18,14,21465,58
18,14,21465,59
18,14,21465,60
18,14,21465,61
18,14,21465,62
18,14,21465,63
18,14,21465,64
18,14,21465,65
18,14,21465,66
18,14,21465,67
18,14,21465,68
18,14,21465,69
18,14,21465,70
18,14,21465,71
18,14,21465,72
18,14,21465,73
18,14,21465,74
18,14,21465,75
18,14,21465,76
18,14,21465,77
18,14,21465,78
18,14,21465,79
18,14,21465,80
18,14,21465,81
18,14,21465,82
18,14,21465,83
18,14,21465,84
18,14,21465,85
18,14,21465,86
18,14,21465,87
18,14,21465,88
18,14,21465,89
18,14,21465,90
18,14,21465,91
18,14,21465,92
18,14,21465,93
18,14,21465,94
18,14,21465,95
18,14,21465,96
18,14,21465,97
18,14,21465,98
18,14,21465,99
18,14,21465,100
18,14,21465,101
18,14,21465,102
18,14,21465,103
18,14,21465,104
18,14,21465,105
18,14,21465,106
18,14,21465,107
18,14,21465,108
18,14,21465,109
18,14,21465,110
18,14,21465,111
18,14,21465,112
18,14,21465,113
18,14,21465,114
18,14,21465,115
18,14,21465,116
18,14,21465,117
18,14,21465,118
18,14,21465,119
18,14,21465,120
18,14,21465,121
18,14,21465,122
18,14,21465,123
18,14,21465,124
18,14,21465,125
18,14,21465,126
18,14,21465,127
18,14,21465,128
18,14,21465,129
18,14,21465,130
18,14,21465,131
18,14,21465,132
18,14,21465,133
18,14,21465,134
18,14,21465,135
18,14,21465,136
18,14,21465,137
18,14,21465,138
18,14,21465,139
18,14,21465,140
18,14,21465,141
18,14,21465,142
18,14,21465,143
18,14,21465,144
18,14,21465,145
18,14,21465,146
18,14,21465,147
18,14,21465,148
18,14,21465,149
18,14,21465,150
18,14,21465,151
18,14,21465,152
18,14,21465,153
18,14,21465,154
18,14,21465,155
18,14,21465,156
18,14,21465,157
18,14,21465,158
18,14,21465,159
18,14,21465,160
18,14,21465,161
18,14,21465,162
18,14,21465,163
18,14,21465,164
18,14,21465,165
18,14,21465,166
18,14,21465,167
18,14,21465,168
18,14,21465,169
18,14,21465,170
18,14,21465,171
18,14,21465,172
18,14,21465,173
18,14,21465,174
18,14,21465,175
18,14,21465,176
18,14,21465,177
18,14,21465,178
18,14,21465,179
18,14,21465,180
18,14,21465,181
18,14,21465,182
18,14,21465,183
18,14,21465,184
18,14,21465,185
18,14,21465,186
18,14,21465,187
18,14,21465,188
18,14,21465,189
18,14,21465,190
18,14,21465,191
18,14,21465,192
18,14,21465,193
18,14,21465,194
18,14,21465,195
18,14,21465,196
18,14,21465,197
18,14,21465,198
18,14,21465,199
18,39,16215,0
18,39,16215,1
18,39,16215,2
18,39,16215,3
18,39,16215,4
18,39,16215,5
18,39,16215,6
18,39,16215,7
18,39,16215,8
18,39,16215,9
18,39,16215,10
18,39,16215,11
18,39,16215,12
18,39,16215,13
18,39,16215,14
18,39,16215,15
18,39,16215,16
18,39,16215,17
18,39,16215,18
18,39,16215,19
18,39,16215,20
18,39,16215,21
18,39,16215,22
18,39,16215,23
18,39,16215,24
18,39,16215,25
18,39,16215,26
18,39,16215,27
18,39,16215,28
18,39,16215,29
18,39,16215,30
18,39,16215,31
18,39,16215,32
18,39,16215,33
18,39,16215,34
18,39,16215,35
18,39,16215,36
18,39,16215,37
18,39,16215,38
18,39,16215,39
18,39,16215,40
18,39,16215,41
18,39,16215,42
18,39,16215,43
18,39,16215,44
18,39,16215,45
18,39,16215,46
18,39,16215,47
18,39,16215,48
18,39,16215,49
18,39,16215,50
18,39,16215,51
18,39,16215,52
18,39,16215,53
18,39,16215,54
18,39,16215,55
18,39,16215,56
18,39,16215,57
18,39,16215,58
18,39,16215,59
18,39,16215,60
18,39,16215,61
18,39,16215,62
18,39,16215,63
18,39,16215,64
18,39,16215,65
18,39,16215,66
18,39,16215,67
18,39,16215,68
18,39,16215,69
18,39,16215,70
18,39,16215,71
18,39,16215,72
18,39,16215,73
18,39,16215,74
18,39,16215,75
18,39,16215,76
18,39,16215,77
18,39,16215,78
18,39,16215,79
18,39,16215,80
18,39,16215,81
18,39,16215,82
18,39,16215,83
18,39,16215,84
18,39,16215,85
18,39,16215,86
18,39,16215,87
18,39,16215,88
18,39,16215,89
18,39,16215,90
18,39,16215,91
18,39,16215,92
18,39,16215,93
18,39,16215,94
18,39,16215,95
18,39,16215,96
18,39,16215,97
18,39,16215,98
18,39,16215,99
18,39,16215,100
18,39,16215,101
18,39,16215,102
18,39,16215,103
18,39,16215,104
18,39,16215,105
18,39,16215,106
18,39,16215,107
18,39,16215,108
18,39,16215,109
18,39,16215,110
18,39,16215,111
18,39,16215,112
18,39,16215,113
18,39,16215,114
18,39,16215,115
18,39,16215,116
18,39,16215,117
18,39,16215,118
18,39,16215,119
18,39,16215,120
18,39,16215,121
18,39,16215,122
18,39,16215,123
18,39,16215,124
18,39,16215,125
18,39,16215,126
18,39,16215,127
18,39,16215,128
18,39,16215,129
18,39,16215,130
18,39,16215,131
18,39,16215,132
18,39,16215,133
18,39,16215,134
18,39,16215,135
18,39,16215,136
18,39,16215,137
18,39,16215,138
18,39,16215,139
18,39,16215,140
18,39,16215,141
18,39,16215,142
18,39,16215,143
18,39,16215,144
18,39,16215,145
18,39,16215,146
18,39,16215,147
18,39,16215,148
18,39,16215,149
18,39,16215,150
18,39,16215,151
18,39,16215,152
18,39,16215,153
18,39,16215,154
18,39,16215,155
18,39,16215,156
18,39,16215,157
18,39,16215,158
18,39,16215,159
18,39,16215,160
18,39,16215,161
18,39,16215,162
18,39,16215,163
18,39,16215,164
18,39,16215,165
18,39,16215,166
18,39,16215,167
18,39,16215,168
18,39,16215,169
18,39,16215,170
18,39,16215,171
18,39,16215,172
18,39,16215,173
18,39,16215,174
18,39,16215,175
18,39,16215,176
18,39,16215,177
18,39,16215,178
18,39,16215,179
18,39,16215,180
18,39,16215,181
18,39,16215,182
18,39,16215,183
18,39,16215,184
18,39,16215,185
18,39,16215,186
18,39,16215,187
18,39,16215,188
18,39,16215,189
18,39,16215,190
18,39,16215,191
18,39,16215,192
18,39,16215,193
18,39,16215,194
18,39,16215,195
18,39,16215,196
18,39,16215,197
18,39,16215,198
18,39,16215,199
18,20,147540,0
18,20,147540,1
18,20,147540,2
18,20,147540,3
18,20,147540,4
18,20,147540,5
18,20,147540,6
18,20,147540,7
18,20,147540,8
18,20,147540,9
18,20,147540,10
18,20,147540,11
18,20,147540,12
18,20,147540,13
18,20,147540,14
18,20,147540,15
18,20,147540,16
18,20,147540,17
18,20,147540,18
18,20,147540,19
18,20,147540,20
18,20,147540,21
18,20,147540,22
18,20,147540,23
18,20,147540,24
18,20,147540,25
18,20,147540,26
18,20,147540,27
18,20,147540,28
18,20,147540,29
18,20,147540,30
18,20,147540,31
18,20,147540,32
18,20,147540,33
18,20,147540,34
18,20,147540,35
18,20,147540,36
18,20,147540,37
18,20,147540,38
18,20,147540,39
18,20,147540,40
18,20,147540,41
18,20,147540,42
18,20,147540,43
18,20,147540,44
18,20,147540,45
18,20,147540,46
18,20,147540,47
18,20,147540,48
18,20,147540,49
18,20,147540,50
18,20,147540,51
18,20,147540,52
18,20,147540,53
18,20,147540,54
18,20,147540,55
18,20,147540,56
18,20,147540,57
18,20,147540,58
18,20,147540,59
18,20,147540,60
18,20,147540,61
18,20,147540,62
18,20,147540,63
18,20,147540,64
18,20,147540,65
18,20,147540,66
18,20,147540,67
18,20,147540,68
18,20,147540,69
18,20,147540,70
18,20,147540,71
18,20,147540,72
18,20,147540,73
18,20,147540,74
18,20,147540,75
18,20,147540,76
18,20,147540,77
18,20,147540,78
18,20,147540,79
18,20,147540,80
18,20,147540,81
18,20,147540,82
18,20,147540,83
18,20,147540,84
18,20,147540,85
18,20,147540,86
18,20,147540,87
18,20,147540,88
18,20,147540,89
18,20,147540,90
18,20,147540,91
18,20,147540,92
18,20,147540,93
18,20,147540,94
18,20,147540,95
18,20,147540,96
18,20,147540,97
18,20,147540,98
18,20,147540,99
18,20,147540,100
18,20,147540,101
18,20,147540,102
18,20,147540,103
18,20,147540,104
18,20,147540,105
18,20,147540,106
18,20,147540,107
18,20,147540,108
18,20,147540,109
18,20,147540,110
18,20,147540,111
18,20,147540,112
18,20,147540,113
18,20,147540,114
18,20,147540,115
18,20,147540,116
18,20,147540,117
18,20,147540,118
18,20,147540,119
18,20,147540,120
18,20,147540,121
18,20,147540,122
18,20,147540,123
18,20,147540,124
18,20,147540,125
18,20,147540,126
18,20,147540,127
18,20,147540,128
18,20,147540,129
18,20,147540,130
18,20,147540,131
18,20,147540,132
18,20,147540,133
18,20,147540,134
18,20,147540,135
18,20,147540,136
18,20,147540,137
18,20,147540,138
18,20,147540,139
18,20,147540,140
18,20,147540,141
18,20,147540,142
18,20,147540,143
18,20,147540,144
18,20,147540,145
18,20,147540,146
18,20,147540,147
18,20,147540,148
18,20,147540,149
18,20,147540,150
18,20,147540,151
18,20,147540,152
18,20,147540,153
18,20,147540,154
18,20,147540,155
18,20,147540,156
18,20,147540,157
18,20,147540,158
18,20,147540,159
18,20,147540,160
18,20,147540,161
18,20,147540,162
18,20,147540,163
18,20,147540,164
18,20,147540,165
18,20,147540,166
18,20,147540,167
18,20,147540,168
18,20,147540,169
18,20,147540,170
18,20,147540,171
18,20,147540,172
18,20,147540,173
18,20,147540,174
18,20,147540,175
18,20,147540,176
18,20,147540,177
18,20,147540,178
18,20,147540,179
18,20,147540,180
18,20,147540,181
18,20,147540,182
18,20,147540,183
18,20,147540,184
18,20,147540,185
18,20,147540,186
18,20,147540,187
18,20,147540,188
18,20,147540,189
18,20,147540,190
18,20,147540,191
18,20,147540,192
18,20,147540,193
18,20,147540,194
18,20,147540,195
18,20,147540,196
18,20,147540,197
18,20,147540,198
18,20,147540,199
18,27,39005,0
18,27,39005,1
18,27,39005,2
18,27,39005,3
18,27,39005,4
18,27,39005,5
18,27,39005,6
18,27,39005,7
18,27,39005,8
18,27,39005,9
18,27,39005,10
18,27,39005,11
18,27,39005,12
18,27,39005,13
18,27,39005,14
18,27,39005,15
18,27,39005,16
18,27,39005,17
18,27,39005,18
18,27,39005,19
18,27,39005,20
18,27,39005,21
18,27,39005,22
18,27,39005,23
18,27,39005,24
18,27,39005,25
18,27,39005,26
18,27,39005,27
18,27,39005,28
18,27,39005,29
18,27,39005,30
18,27,39005,31
18,27,39005,32
18,27,39005,33
18,27,39005,34
18,27,39005,35
18,27,39005,36
18,27,39005,37
18,27,39005,38
18,27,39005,39
18,27,39005,40
18,27,39005,41
18,27,39005,42
18,27,39005,43
18,27,39005,44
18,27,39005,45
18,27,39005,46
18,27,39005,47
18,27,39005,48
18,27,39005,49
18,27,39005,50
18,27,39005,51
18,27,39005,52
18,27,39005,53
18,27,39005,54
18,27,39005,55
18,27,39005,56
18,27,39005,57
18,27,39005,58
18,27,39005,59
18,27,39005,60
18,27,39005,61
18,27,39005,62
18,27,39005,63
18,27,39005,64
18,27,39005,65
18,27,39005,66
18,27,39005,67
18,27,39005,68
18,27,39005,69
18,27,39005,70
18,27,39005,71
18,27,39005,72
18,27,39005,73
18,27,39005,74
18,27,39005,75
18,27,39005,76
18,27,39005,77
18,27,39005,78
18,27,39005,79
18,27,39005,80
18,27,39005,81
18,27,39005,82
18,27,39005,83
18,27,39005,84
18,27,39005,85
18,27,39005,86
18,27,39005,87
18,27,39005,88
18,27,39005,89
18,27,39005,90
18,27,39005,91
18,27,39005,92
18,27,39005,93
18,27,39005,94
18,27,39005,95
18,27,39005,96
18,27,39005,97
18,27,39005,98
18,27,39005,99
18,27,39005,100
18,27,39005,101
18,27,39005,102
18,27,39005,103
18,27,39005,104
18,27,39005,105
18,27,39005,106
18,27,39005,107
18,27,39005,108
18,27,39005,109
18,27,39005,110
18,27,39005,111
18,27,39005,112
18,27,39005,113
18,27,39005,114
18,27,39005,115
18,27,39005,116
18,27,39005,117
18,27,39005,118
18,27,39005,119
18,27,39005,120
18,27,39005,121
18,27,39005,122
18,27,39005,123
18,27,39005,124
18,27,39005,125
18,27,39005,126
18,27,39005,127
18,27,39005,128
18,27,39005,129
18,27,39005,130
18,27,39005,131
18,27,39005,132
18,27,39005,133
18,27,39005,134
18,27,39005,135
18,27,39005,136
18,27,39005,137
18,27,39005,138
18,27,39005,139
18,27,39005,140
18,27,39005,141
18,27,39005,142
18,27,39005,143
18,27,39005,144
18,27,39005,145
18,27,39005,146
18,27,39005,147
18,27,39005,148
18,27,39005,149
18,27,39005,150
18,27,39005,151
18,27,39005,152
18,27,39005,153
18,27,39005,154
18,27,39005,155
18,27,39005,156
18,27,39005,157
18,27,39005,158
18,27,39005,159
18,27,39005,160
18,27,39005,161
18,27,39005,162
18,27,39005,163
18,27,39005,164
18,27,39005,165
18,27,39005,166
18,27,39005,167
18,27,39005,168
18,27,39005,169
18,27,39005,170
18,27,39005,171
18,27,39005,172
18,27,39005,173
18,27,39005,174
18,27,39005,175
18,27,39005,176
18,27,39005,177
18,27,39005,178
18,27,39005,179
18,27,39005,180
18,27,39005,181
18,27,39005,182
18,27,39005,183
18,27,39005,184
18,27,39005,185
18,27,39005,186
18,27,39005,187
18,27,39005,188
18,27,39005,189
18,27,39005,190
18,27,39005,191
18,27,39005,192
18,27,39005,193
18,27,39005,194
18,27,39005,195
18,27,39005,196
18,27,39005,197
18,27,39005,198
18,27,39005,199
18,29,16300,0
18,29,16300,1
18,29,16300,2
18,29,16300,3
18,29,16300,4
18,29,16300,5
18,29,16300,6
18,29,16300,7
18,29,16300,8
18,29,16300,9
18,29,16300,10
18,29,16300,11
18,29,16300,12
18,29,16300,13
18,29,16300,14
18,29,16300,15
18,29,16300,16
18,29,16300,17
18,29,16300,18
18,29,16300,19
18,29,16300,20
18,29,16300,21
18,29,16300,22
18,29,16300,23
18,29,16300,24
18,29,16300,25
18,29,16300,26
18,29,16300,27
18,29,16300,28
18,29,16300,29
18,29,16300,30
18,29,16300,31
18,29,16300,32
18,29,16300,33
18,29,16300,34
18,29,16300,35
18,29,16300,36
18,29,16300,37
18,29,16300,38
18,29,16300,39
18,29,16300,40
18,29,16300,41
18,29,16300,42
18,29,16300,43
18,29,16300,44
18,29,16300,45
18,29,16300,46
18,29,16300,47
18,29,16300,48
18,29,16300,49
18,29,16300,50
18,29,16300,51
18,29,16300,52
18,29,16300,53
18,29,16300,54
18,29,16300,55
18,29,16300,56
18,29,16300,57
18,29,16300,58
18,29,16300,59
18,29,16300,60
18,29,16300,61
18,29,16300,62
18,29,16300,63
18,29,16300,64
18,29,16300,65
18,29,16300,66
18,29,16300,67
18,29,16300,68
18,29,16300,69
18,29,16300,70
18,29,16300,71
18,29,16300,72
18,29,16300,73
18,29,16300,74
18,29,16300,75
18,29,16300,76
18,29,16300,77
18,29,16300,78
18,29,16300,79
18,29,16300,80
18,29,16300,81
18,29,16300,82
18,29,16300,83
18,29,16300,84
18,29,16300,85
18,29,16300,86
18,29,16300,87
18,29,16300,88
18,29,16300,89
18,29,16300,90
18,29,16300,91
18,29,16300,92
18,29,16300,93
18,29,16300,94
18,29,16300,95
18,29,16300,96
18,29,16300,97
18,29,16300,98
18,29,16300,99
18,29,16300,100
18,29,16300,101
18,29,16300,102
18,29,16300,103
18,29,16300,104
18,29,16300,105
18,29,16300,106
18,29,16300,107
18,29,16300,108
18,29,16300,109
18,29,16300,110
18,29,16300,111
18,29,16300,112
18,29,16300,113
18,29,16300,114
18,29,16300,115
18,29,16300,116
18,29,16300,117
18,29,16300,118
18,29,16300,119
18,29,16300,120
18,29,16300,121
18,29,16300,122
18,29,16300,123
18,29,16300,124
18,29,16300,125
18,29,16300,126
18,29,16300,127
18,29,16300,128
18,29,16300,129
18,29,16300,130
18,29,16300,131
18,29,16300,132
18,29,16300,133
18,29,16300,134
18,29,16300,135
18,29,16300,136
18,29,16300,137
18,29,16300,138
18,29,16300,139
18,29,16300,140
18,29,16300,141
18,29,16300,142
18,29,16300,143
18,29,16300,144
18,29,16300,145
18,29,16300,146
18,29,16300,147
18,29,16300,148
18,29,16300,149
18,29,16300,150
18,29,16300,151
18,29,16300,152
18,29,16300,153
18,29,16300,154
18,29,16300,155
18,29,16300,156
18,29,16300,157
18,29,16300,158
18,29,16300,159
18,29,16300,160
18,29,16300,161
18,29,16300,162
18,29,16300,163
18,29,16300,164
18,29,16300,165
18,29,16300,166
18,29,16300,167
18,29,16300,168
18,29,16300,169
18,29,16300,170
18,29,16300,171
18,29,16300,172
18,29,16300,173
18,29,16300,174
18,29,16300,175
18,29,16300,176
18,29,16300,177
18,29,16300,178
18,29,16300,179
18,29,16300,180
18,29,16300,181
18,29,16300,182
18,29,16300,183
18,29,16300,184
18,29,16300,185
18,29,16300,186
18,29,16300,187
18,29,16300,188
18,29,16300,189
18,29,16300,190
18,29,16300,191
18,29,16300,192
18,29,16300,193
18,29,16300,194
18,29,16300,195
18,29,16300,196
18,29,16300,197
18,29,16300,198
18,29,16300,199
20,5,266210,0
20,5,266210,1
20,5,266210,2
20,5,266210,3
20,5,266210,4
20,5,266210,5
20,5,266210,6
20,5,266210,7
20,5,266210,8
20,5,266210,9
20,5,266210,10
20,5,266210,11
20,5,266210,12
20,5,266210,13
20,5,266210,14
20,5,266210,15
20,5,266210,16
20,5,266210,17
20,5,266210,18
20,5,266210,19
20,5,266210,20
20,5,266210,21
20,5,266210,22
20,5,266210,23
20,5,266210,24
20,5,266210,25
20,5,266210,26
20,5,266210,27
20,5,266210,28
20,5,266210,29
20,5,266210,30
20,5,266210,31
20,5,266210,32
20,5,266210,33
20,5,266210,34
20,5,266210,35
20,5,266210,36
20,5,266210,37
20,5,266210,38
20,5,266210,39
20,5,266210,40
20,5,266210,41
20,5,266210,42
20,5,266210,43
20,5,266210,44
20,5,266210,45
20,5,266210,46
20,5,266210,47
20,5,266210,48
20,5,266210,49
20,5,266210,50
20,5,266210,51
20,5,266210,52
20,5,266210,53
20,5,266210,54
20,5,266210,55
20,5,266210,56
20,5,266210,57
20,5,266210,58
20,5,266210,59
20,5,266210,60
20,5,266210,61
20,5,266210,62
20,5,266210,63
20,5,266210,64
20,5,266210,65
20,5,266210,66
20,5,266210,67
20,5,266210,68
20,5,266210,69
20,5,266210,70
20,5,266210,71
20,5,266210,72
20,5,266210,73
20,5,266210,74
20,5,266210,75
20,5,266210,76
20,5,266210,77
20,5,266210,78
20,5,266210,79
20,5,266210,80
20,5,266210,81
20,5,266210,82
20,5,266210,83
20,5,266210,84
20,5,266210,85
20,5,266210,86
20,5,266210,87
20,5,266210,88
20,5,266210,89
20,5,266210,90
20,5,266210,91
20,5,266210,92
20,5,266210,93
20,5,266210,94
20,5,266210,95
20,5,266210,96
20,5,266210,97
20,5,266210,98
20,5,266210,99
20,5,266210,100
20,5,266210,101
20,5,266210,102
20,5,266210,103
20,5,266210,104
20,5,266210,105
20,5,266210,106
20,5,266210,107
20,5,266210,108
20,5,266210,109
20,5,266210,110
20,5,266210,111
20,5,266210,112
20,5,266210,113
20,5,266210,114
20,5,266210,115
20,5,266210,116
20,5,266210,117
20,5,266210,118
20,5,266210,119
20,5,266210,120
20,5,266210,121
20,5,266210,122
20,5,266210,123
20,5,266210,124
20,5,266210,125
20,5,266210,126
20,5,266210,127
20,5,266210,128
20,5,266210,129
20,5,266210,130
20,5,266210,131
20,5,266210,132
20,5,266210,133
20,5,266210,134
20,5,266210,135
20,5,266210,136
20,5,266210,137
20,5,266210,138
20,5,266210,139
20,5,266210,140
20,5,266210,141
20,5,266210,142
20,5,266210,143
20,5,266210,144
20,5,266210,145
20,5,266210,146
20,5,266210,147
20,5,266210,148
20,5,266210,149
20,5,266210,150
20,5,266210,151
20,5,266210,152
20,5,266210,153
20,5,266210,154
20,5,266210,155
20,5,266210,156
20,5,266210,157
20,5,266210,158
20,5,266210,159
20,5,266210,160
20,5,266210,161
20,5,266210,162
20,5,266210,163
20,5,266210,164
20,5,266210,165
20,5,266210,166
20,5,266210,167
20,5,266210,168
20,5,266210,169
20,5,266210,170
20,5,266210,171
20,5,266210,172
20,5,266210,173
20,5,266210,174
20,5,266210,175
20,5,266210,176
20,5,266210,177
20,5,266210,178
20,5,266210,179
20,5,266210,180
20,5,266210,181
20,5,266210,182
20,5,266210,183
20,5,266210,184
20,5,266210,185
20,5,266210,186
20,5,266210,187
20,5,266210,188
20,5,266210,189
20,5,266210,190
20,5,266210,191
20,5,266210,192
20,5,266210,193
20,5,266210,194
20,5,266210,195
20,5,266210,196
20,5,266210,197
20,5,266210,198
20,5,266210,199
20,9,124650,0
20,9,124650,1
20,9,124650,2
20,9,124650,3
20,9,124650,4
20,9,124650,5
20,9,124650,6
20,9,124650,7
20,9,124650,8
20,9,124650,9
20,9,124650,10
20,9,124650,11
20,9,124650,12
20,9,124650,13
20,9,124650,14
20,9,124650,15
20,9,124650,16
20,9,124650,17
20,9,124650,18
20,9,124650,19
20,9,124650,20
20,9,124650,21
20,9,124650,22
20,9,124650,23
20,9,124650,24
20,9,124650,25
20,9,124650,26
20,9,124650,27
20,9,124650,28
20,9,124650,29
20,9,124650,30
20,9,124650,31
20,9,124650,32
20,9,124650,33
20,9,124650,34
20,9,124650,35
20,9,124650,36
20,9,124650,37
20,9,124650,38
20,9,124650,39
20,9,124650,40
20,9,124650,41
20,9,124650,42
20,9,124650,43
20,9,124650,44
20,9,124650,45
20,9,124650,46
20,9,124650,47
20,9,124650,48
20,9,124650,49
20,9,124650,50
20,9,124650,51
20,9,124650,52
20,9,124650,53
20,9,124650,54
20,9,124650,55
20,9,124650,56
20,9,124650,57
20,9,124650,58
20,9,124650,59
20,9,124650,60
20,9,124650,61
20,9,124650,62
20,9,124650,63
20,9,124650,64
20,9,124650,65
20,9,124650,66
20,9,124650,67
20,9,124650,68
20,9,124650,69
20,9,124650,70
20,9,124650,71
20,9,124650,72
20,9,124650,73
20,9,124650,74
20,9,124650,75
20,9,124650,76
20,9,124650,77
20,9,124650,78
20,9,124650,79
20,9,124650,80
20,9,124650,81
20,9,124650,82
20,9,124650,83
20,9,124650,84
20,9,124650,85
20,9,124650,86
20,9,124650,87
20,9,124650,88
20,9,124650,89
20,9,124650,90
20,9,124650,91
20,9,124650,92
20,9,124650,93
20,9,124650,94
20,9,124650,95
20,9,124650,96
20,9,124650,97
20,9,124650,98
20,9,124650,99
20,9,124650,100
20,9,124650,101
20,9,124650,102
20,9,124650,103
20,9,124650,104
20,9,124650,105
20,9,124650,106
20,9,124650,107
20,9,124650,108
20,9,124650,109
20,9,124650,110
20,9,124650,111
20,9,124650,112
20,9,124650,113
20,9,124650,114
20,9,124650,115
20,9,124650,116
20,9,124650,117
20,9,124650,118
20,9,124650,119
20,9,124650,120
20,9,124650,121
20,9,124650,122
20,9,124650,123
20,9,124650,124
20,9,124650,125
20,9,124650,126
20,9,124650,127
20,9,124650,128
20,9,124650,129
20,9,124650,130
20,9,124650,131
20,9,124650,132
20,9,124650,133
20,9,124650,134
20,9,124650,135
20,9,124650,136
20,9,124650,137
20,9,124650,138
20,9,124650,139
20,9,124650,140
20,9,124650,141
20,9,124650,142
20,9,124650,143
20,9,124650,144
20,9,124650,145
20,9,124650,146
20,9,124650,147
20,9,124650,148
20,9,124650,149
20,9,124650,150
20,9,124650,151
20,9,124650,152
20,9,124650,153
20,9,124650,154
20,9,124650,155
20,9,124650,156
20,9,124650,157
20,9,124650,158
20,9,124650,159
20,9,124650,160
20,9,124650,161
20,9,124650,162
20,9,124650,163
20,9,124650,164
20,9,124650,165
20,9,124650,166
20,9,124650,167
20,9,124650,168
20,9,124650,169
20,9,124650,170
20,9,124650,171
20,9,124650,172
20,9,124650,173
20,9,124650,174
20,9,124650,175
20,9,124650,176
20,9,124650,177
20,9,124650,178
20,9,124650,179
20,9,124650,180
20,9,124650,181
20,9,124650,182
20,9,124650,183
20,9,124650,184
20,9,124650,185
20,9,124650,186
20,9,124650,187
20,9,124650,188
20,9,124650,189
20,9,124650,190
20,9,124650,191
20,9,124650,192
20,9,124650,193
20,9,124650,194
20,9,124650,195
20,9,124650,196
20,9,124650,197
20,9,124650,198
20,9,124650,199
27,0,110140,0
27,0,110140,1
27,0,110140,2
27,0,110140,3
27,0,110140,4
27,0,110140,5
27,0,110140,6
27,0,110140,7
27,0,110140,8
27,0,110140,9
27,0,110140,10
27,0,110140,11
27,0,110140,12
27,0,110140,13
27,0,110140,14
27,0,110140,15
27,0,110140,16
27,0,110140,17
27,0,110140,18
27,0,110140,19
27,0,110140,20
27,0,110140,21
27,0,110140,22
27,0,110140,23
27,0,110140,24
27,0,110140,25
27,0,110140,26
27,0,110140,27
27,0,110140,28
27,0,110140,29
27,0,110140,30
27,0,110140,31
27,0,110140,32
27,0,110140,33
27,0,110140,34
27,0,110140,35
27,0,110140,36
27,0,110140,37
27,0,110140,38
27,0,110140,39
27,0,110140,40
27,0,110140,41
27,0,110140,42
27,0,110140,43
27,0,110140,44
27,0,110140,45
27,0,110140,46
27,0,110140,47
27,0,110140,48
27,0,110140,49
27,0,110140,50
27,0,110140,51
27,0,110140,52
27,0,110140,53
27,0,110140,54
27,0,110140,55
27,0,110140,56
27,0,110140,57
27,0,110140,58
27,0,110140,59
27,0,110140,60
27,0,110140,61
27,0,110140,62
27,0,110140,63
27,0,110140,64
27,0,110140,65
27,0,110140,66
27,0,110140,67
27,0,110140,68
27,0,110140,69
27,0,110140,70
27,0,110140,71
27,0,110140,72
27,0,110140,73
27,0,110140,74
27,0,110140,75
27,0,110140,76
27,0,110140,77
27,0,110140,78
27,0,110140,79
27,0,110140,80
27,0,110140,81
27,0,110140,82
27,0,110140,83
27,0,110140,84
27,0,110140,85
27,0,110140,86
27,0,110140,87
27,0,110140,88
27,0,110140,89
27,0,110140,90
27,0,110140,91
27,0,110140,92
27,0,110140,93
27,0,110140,94
27,0,110140,95
27,0,110140,96
27,0,110140,97
27,0,110140,98
27,0,110140,99
27,0,110140,100
27,0,110140,101
27,0,110140,102
27,0,110140,103
27,0,110140,104
27,0,110140,105
27,0,110140,106
27,0,110140,107
27,0,110140,108
27,0,110140,109
27,0,110140,110
27,0,110140,111
27,0,110140,112
27,0,110140,113
27,0,110140,114
27,0,110140,115
27,0,110140,116
27,0,110140,117
27,0,110140,118
27,0,110140,119
27,0,110140,120
27,0,110140,121
27,0,110140,122
27,0,110140,123
27,0,110140,124
27,0,110140,125
27,0,110140,126
27,0,110140,127
27,0,110140,128
27,0,110140,129
27,0,110140,130
27,0,110140,131
27,0,110140,132
27,0,110140,133
27,0,110140,134
27,0,110140,135
27,0,110140,136
27,0,110140,137
27,0,110140,138
27,0,110140,139
27,0,110140,140
27,0,110140,141
27,0,110140,142
27,0,110140,143
27,0,110140,144
27,0,110140,145
27,0,110140,146
27,0,110140,147
27,0,110140,148
27,0,110140,149
27,0,110140,150
27,0,110140,151
27,0,110140,152
27,0,110140,153
27,0,110140,154
27,0,110140,155
27,0,110140,156
27,0,110140,157
27,0,110140,158
27,0,110140,159
27,0,110140,160
27,0,110140,161
27,0,110140,162
27,0,110140,163
27,0,110140,164
27,0,110140,165
27,0,110140,166
27,0,110140,167
27,0,110140,168
27,0,110140,169
27,0,110140,170
27,0,110140,171
27,0,110140,172
27,0,110140,173
27,0,110140,174
27,0,110140,175
27,0,110140,176
27,0,110140,177
27,0,110140,178
27,0,110140,179
27,0,110140,180
27,0,110140,181
27,0,110140,182
27,0,110140,183
27,0,110140,184
27,0,110140,185
27,0,110140,186
27,0,110140,187
27,0,110140,188
27,0,110140,189
27,0,110140,190
27,0,110140,191
27,0,110140,192
27,0,110140,193
27,0,110140,194
27,0,110140,195
27,0,110140,196
27,0,110140,197
27,0,110140,198
27,0,110140,199
27,26,77065,0
27,26,77065,1
27,26,77065,2
27,26,77065,3
27,26,77065,4
27,26,77065,5
27,26,77065,6
27,26,77065,7
27,26,77065,8
27,26,77065,9
27,26,77065,10
27,26,77065,11
27,26,77065,12
27,26,77065,13
27,26,77065,14
27,26,77065,15
27,26,77065,16
27,26,77065,17
27,26,77065,18
27,26,77065,19
27,26,77065,20
27,26,77065,21
27,26,77065,22
27,26,77065,23
27,26,77065,24
27,26,77065,25
27,26,77065,26
27,26,77065,27
27,26,77065,28
27,26,77065,29
27,26,77065,30
27,26,77065,31
27,26,77065,32
27,26,77065,33
27,26,77065,34
27,26,77065,35
27,26,77065,36
27,26,77065,37
27,26,77065,38
27,26,77065,39
27,26,77065,40
27,26,77065,41
27,26,77065,42
27,26,77065,43
27,26,77065,44
27,26,77065,45
27,26,77065,46
27,26,77065,47
27,26,77065,48
27,26,77065,49
27,26,77065,50
27,26,77065,51
27,26,77065,52
27,26,77065,53
27,26,77065,54
27,26,77065,55
27,26,77065,56
27,26,77065,57
27,26,77065,58
27,26,77065,59
27,26,77065,60
27,26,77065,61
27,26,77065,62
27,26,77065,63
27,26,77065,64
27,26,77065,65
27,26,77065,66
27,26,77065,67
27,26,77065,68
27,26,77065,69
27,26,77065,70
27,26,77065,71
27,26,77065,72
27,26,77065,73
27,26,77065,74
27,26,77065,75
27,26,77065,76
27,26,77065,77
27,26,77065,78
27,26,77065,79
27,26,77065,80
27,26,77065,81
27,26,77065,82
27,26,77065,83
27,26,77065,84
27,26,77065,85
27,26,77065,86
27,26,77065,87
27,26,77065,88
27,26,77065,89
27,26,77065,90
27,26,77065,91
27,26,77065,92
27,26,77065,93
27,26,77065,94
27,26,77065,95
27,26,77065,96
27,26,77065,97
27,26,77065,98
27,26,77065,99
27,26,77065,100
27,26,77065,101
27,26,77065,102
27,26,77065,103
27,26,77065,104
27,26,77065,105
27,26,77065,106
27,26,77065,107
27,26,77065,108
27,26,77065,109
27,26,77065,110
27,26,77065,111
27,26,77065,112
27,26,77065,113
27,26,77065,114
27,26,77065,115
27,26,77065,116
27,26,77065,117
27,26,77065,118
27,26,77065,119
27,26,77065,120
27,26,77065,121
27,26,77065,122
27,26,77065,123
27,26,77065,124
27,26,77065,125
27,26,77065,126
27,26,77065,127
27,26,77065,128
27,26,77065,129
27,26,77065,130
27,26,77065,131
27,26,77065,132
27,26,77065,133
27,26,77065,134
27,26,77065,135
27,26,77065,136
27,26,77065,137
27,26,77065,138
27,26,77065,139
27,26,77065,140
27,26,77065,141
27,26,77065,142
27,26,77065,143
27,26,77065,144
27,26,77065,145
27,26,77065,146
27,26,77065,147
27,26,77065,148
27,26,77065,149
27,26,77065,150
27,26,77065,151
27,26,77065,152
27,26,77065,153
27,26,77065,154
27,26,77065,155
27,26,77065,156
27,26,77065,157
27,26,77065,158
27,26,77065,159
27,26,77065,160
27,26,77065,161
27,26,77065,162
27,26,77065,163
27,26,77065,164
27,26,77065,165
27,26,77065,166
27,26,77065,167
27,26,77065,168
27,26,77065,169
27,26,77065,170
27,26,77065,171
27,26,77065,172
27,26,77065,173
27,26,77065,174
27,26,77065,175
27,26,77065,176
27,26,77065,177
27,26,77065,178
27,26,77065,179
27,26,77065,180
27,26,77065,181
27,26,77065,182
27,26,77065,183
27,26,77065,184
27,26,77065,185
27,26,77065,186
27,26,77065,187
27,26,77065,188
27,26,77065,189
27,26,77065,190
27,26,77065,191
27,26,77065,192
27,26,77065,193
27,26,77065,194
27,26,77065,195
27,26,77065,196
27,26,77065,197
27,26,77065,198
27,26,77065,199
27,1,173100,0
27,1,173100,1
27,1,173100,2
27,1,173100,3
27,1,173100,4
27,1,173100,5
27,1,173100,6
27,1,173100,7
27,1,173100,8
27,1,173100,9
27,1,173100,10
27,1,173100,11
27,1,173100,12
27,1,173100,13
27,1,173100,14
27,1,173100,15
27,1,173100,16
27,1,173100,17
27,1,173100,18
27,1,173100,19
27,1,173100,20
27,1,173100,21
27,1,173100,22
27,1,173100,23
27,1,173100,24
27,1,173100,25
27,1,173100,26
27,1,173100,27
27,1,173100,28
27,1,173100,29
27,1,173100,30
27,1,173100,31
27,1,173100,32
27,1,173100,33
27,1,173100,34
27,1,173100,35
27,1,173100,36
27,1,173100,37
27,1,173100,38
27,1,173100,39
27,1,173100,40
27,1,173100,41
27,1,173100,42
27,1,173100,43
27,1,173100,44
27,1,173100,45
27,1,173100,46
27,1,173100,47
27,1,173100,48
27,1,173100,49
27,1,173100,50
27,1,173100,51
27,1,173100,52
27,1,173100,53
27,1,173100,54
27,1,173100,55
27,1,173100,56
27,1,173100,57
27,1,173100,58
27,1,173100,59
27,1,173100,60
27,1,173100,61
27,1,173100,62
27,1,173100,63
27,1,173100,64
27,1,173100,65
27,1,173100,66
27,1,173100,67
27,1,173100,68
27,1,173100,69
27,1,173100,70
27,1,173100,71
27,1,173100,72
27,1,173100,73
27,1,173100,74
27,1,173100,75
27,1,173100,76
27,1,173100,77
27,1,173100,78
27,1,173100,79
27,1,173100,80
27,1,173100,81
27,1,173100,82
27,1,173100,83
27,1,173100,84
27,1,173100,85
27,1,173100,86
27,1,173100,87
27,1,173100,88
27,1,173100,89
27,1,173100,90
27,1,173100,91
27,1,173100,92
27,1,173100,93
27,1,173100,94
27,1,173100,95
27,1,173100,96
27,1,173100,97
27,1,173100,98
27,1,173100,99
27,1,173100,100
27,1,173100,101
27,1,173100,102
27,1,173100,103
27,1,173100,104
27,1,173100,105
27,1,173100,106
27,1,173100,107
27,1,173100,108
27,1,173100,109
27,1,173100,110
27,1,173100,111
27,1,173100,112
27,1,173100,113
27,1,173100,114
27,1,173100,115
27,1,173100,116
27,1,173100,117
27,1,173100,118
27,1,173100,119
27,1,173100,120
27,1,173100,121
27,1,173100,122
27,1,173100,123
27,1,173100,124
27,1,173100,125
27,1,173100,126
27,1,173100,127
27,1,173100,128
27,1,173100,129
27,1,173100,130
27,1,173100,131
27,1,173100,132
27,1,173100,133
27,1,173100,134
27,1,173100,135
27,1,173100,136
27,1,173100,137
27,1,173100,138
27,1,173100,139
27,1,173100,140
27,1,173100,141
27,1,173100,142
27,1,173100,143
27,1,173100,144
27,1,173100,145
27,1,173100,146
27,1,173100,147
27,1,173100,148
27,1,173100,149
27,1,173100,150
27,1,173100,151
27,1,173100,152
27,1,173100,153
27,1,173100,154
27,1,173100,155
27,1,173100,156
27,1,173100,157
27,1,173100,158
27,1,173100,159
27,1,173100,160
27,1,173100,161
27,1,173100,162
27,1,173100,163
27,1,173100,164
27,1,173100,165
27,1,173100,166
27,1,173100,167
27,1,173100,168
27,1,173100,169
27,1,173100,170
27,1,173100,171
27,1,173100,172
27,1,173100,173
27,1,173100,174
27,1,173100,175
27,1,173100,176
27,1,173100,177
27,1,173100,178
27,1,173100,179
27,1,173100,180
27,1,173100,181
27,1,173100,182
27,1,173100,183
27,1,173100,184
27,1,173100,185
27,1,173100,186
27,1,173100,187
27,1,173100,188
27,1,173100,189
27,1,173100,190
27,1,173100,191
27,1,173100,192
27,1,173100,193
27,1,173100,194
27,1,173100,195
27,1,173100,196
27,1,173100,197
27,1,173100,198
27,1,173100,199
27,19,94090,0
27,19,94090,1
27,19,94090,2
27,19,94090,3
27,19,94090,4
27,19,94090,5
27,19,94090,6
27,19,94090,7
27,19,94090,8
27,19,94090,9
27,19,94090,10
27,19,94090,11
27,19,94090,12
27,19,94090,13
27,19,94090,14
27,19,94090,15
27,19,94090,16
27,19,94090,17
27,19,94090,18
27,19,94090,19
27,19,94090,20
27,19,94090,21
27,19,94090,22
27,19,94090,23
27,19,94090,24
27,19,94090,25
27,19,94090,26
27,19,94090,27
27,19,94090,28
27,19,94090,29
27,19,94090,30
27,19,94090,31
27,19,94090,32
27,19,94090,33
27,19,94090,34
27,19,94090,35
27,19,94090,36
27,19,94090,37
27,19,94090,38
27,19,94090,39
27,19,94090,40
27,19,94090,41
27,19,94090,42
27,19,94090,43
27,19,94090,44
27,19,94090,45
27,19,94090,46
27,19,94090,47
27,19,94090,48
27,19,94090,49
27,19,94090,50
27,19,94090,51
27,19,94090,52
27,19,94090,53
27,19,94090,54
27,19,94090,55
27,19,94090,56
27,19,94090,57
27,19,94090,58
27,19,94090,59
27,19,94090,60
27,19,94090,61
27,19,94090,62
27,19,94090,63
27,19,94090,64
27,19,94090,65
27,19,94090,66
27,19,94090,67
27,19,94090,68
27,19,94090,69
27,19,94090,70
27,19,94090,71
27,19,94090,72
27,19,94090,73
27,19,94090,74
27,19,94090,75
27,19,94090,76
27,19,94090,77
27,19,94090,78
27,19,94090,79
27,19,94090,80
27,19,94090,81
27,19,94090,82
27,19,94090,83
27,19,94090,84
27,19,94090,85
27,19,94090,86
27,19,94090,87
27,19,94090,88
27,19,94090,89
27,19,94090,90
27,19,94090,91
27,19,94090,92
27,19,94090,93
27,19,94090,94
27,19,94090,95
27,19,94090,96
27,19,94090,97
27,19,94090,98
27,19,94090,99
27,19,94090,100
27,19,94090,101
27,19,94090,102
27,19,94090,103
27,19,94090,104
27,19,94090,105
27,19,94090,106
27,19,94090,107
27,19,94090,108
27,19,94090,109
27,19,94090,110
27,19,94090,111
27,19,94090,112
27,19,94090,113
27,19,94090,114
27,19,94090,115
27,19,94090,116
27,19,94090,117
27,19,94090,118
27,19,94090,119
27,19,94090,120
27,19,94090,121
27,19,94090,122
27,19,94090,123
27,19,94090,124
27,19,94090,125
27,19,94090,126
27,19,94090,127
27,19,94090,128
27,19,94090,129
27,19,94090,130
27,19,94090,131
27,19,94090,132
27,19,94090,133
27,19,94090,134
27,19,94090,135
27,19,94090,136
27,19,94090,137
27,19,94090,138
27,19,94090,139
27,19,94090,140
27,19,94090,141
27,19,94090,142
27,19,94090,143
27,19,94090,144
27,19,94090,145
27,19,94090,146
27,19,94090,147
27,19,94090,148
27,19,94090,149
27,19,94090,150
27,19,94090,151
27,19,94090,152
27,19,94090,153
27,19,94090,154
27,19,94090,155
27,19,94090,156
27,19,94090,157
27,19,94090,158
27,19,94090,159
27,19,94090,160
27,19,94090,161
27,19,94090,162
27,19,94090,163
27,19,94090,164
27,19,94090,165
27,19,94090,166
27,19,94090,167
27,19,94090,168
27,19,94090,169
27,19,94090,170
27,19,94090,171
27,19,94090,172
27,19,94090,173
27,19,94090,174
27,19,94090,175
27,19,94090,176
27,19,94090,177
27,19,94090,178
27,19,94090,179
27,19,94090,180
27,19,94090,181
27,19,94090,182
27,19,94090,183
27,19,94090,184
27,19,94090,185
27,19,94090,186
27,19,94090,187
27,19,94090,188
27,19,94090,189
27,19,94090,190
27,19,94090,191
27,19,94090,192
27,19,94090,193
27,19,94090,194
27,19,94090,195
27,19,94090,196
27,19,94090,197
27,19,94090,198
27,19,94090,199
27,17,75340,0
27,17,75340,1
27,17,75340,2
27,17,75340,3
27,17,75340,4
27,17,75340,5
27,17,75340,6
27,17,75340,7
27,17,75340,8
27,17,75340,9
27,17,75340,10
27,17,75340,11
27,17,75340,12
27,17,75340,13
27,17,75340,14
27,17,75340,15
27,17,75340,16
27,17,75340,17
27,17,75340,18
27,17,75340,19
27,17,75340,20
27,17,75340,21
27,17,75340,22
27,17,75340,23
27,17,75340,24
27,17,75340,25
27,17,75340,26
27,17,75340,27
27,17,75340,28
27,17,75340,29
27,17,75340,30
27,17,75340,31
27,17,75340,32
27,17,75340,33
27,17,75340,34
27,17,75340,35
27,17,75340,36
27,17,75340,37
27,17,75340,38
27,17,75340,39
27,17,75340,40
27,17,75340,41
27,17,75340,42
27,17,75340,43
27,17,75340,44
27,17,75340,45
27,17,75340,46
27,17,75340,47
27,17,75340,48
27,17,75340,49
27,17,75340,50
27,17,75340,51
27,17,75340,52
27,17,75340,53
27,17,75340,54
27,17,75340,55
27,17,75340,56
27,17,75340,57
27,17,75340,58
27,17,75340,59
27,17,75340,60
27,17,75340,61
27,17,75340,62
27,17,75340,63
27,17,75340,64
27,17,75340,65
27,17,75340,66
27,17,75340,67
27,17,75340,68
27,17,75340,69
27,17,75340,70
27,17,75340,71
27,17,75340,72
27,17,75340,73
27,17,75340,74
27,17,75340,75
27,17,75340,76
27,17,75340,77
27,17,75340,78
27,17,75340,79
27,17,75340,80
27,17,75340,81
27,17,75340,82
27,17,75340,83
27,17,75340,84
27,17,75340,85
27,17,75340,86
27,17,75340,87
27,17,75340,88
27,17,75340,89
27,17,75340,90
27,17,75340,91
27,17,75340,92
27,17,75340,93
27,17,75340,94
27,17,75340,95
27,17,75340,96
27,17,75340,97
27,17,75340,98
27,17,75340,99
27,17,75340,100
27,17,75340,101
27,17,75340,102
27,17,75340,103
27,17,75340,104
27,17,75340,105
27,17,75340,106
27,17,75340,107
27,17,75340,108
27,17,75340,109
27,17,75340,110
27,17,75340,111
27,17,75340,112
27,17,75340,113
27,17,75340,114
27,17,75340,115
27,17,75340,116
27,17,75340,117
27,17,75340,118
27,17,75340,119
27,17,75340,120
27,17,75340,121
27,17,75340,122
27,17,75340,123
27,17,75340,124
27,17,75340,125
27,17,75340,126
27,17,75340,127
27,17,75340,128
27,17,75340,129
27,17,75340,130
27,17,75340,131
27,17,75340,132
27,17,75340,133
27,17,75340,134
27,17,75340,135
27,17,75340,136
27,17,75340,137
27,17,75340,138
27,17,75340,139
27,17,75340,140
27,17,75340,141
27,17,75340,142
27,17,75340,143
27,17,75340,144
27,17,75340,145
27,17,75340,146
27,17,75340,147
27,17,75340,148
27,17,75340,149
27,17,75340,150
27,17,75340,151
27,17,75340,152
27,17,75340,153
27,17,75340,154
27,17,75340,155
27,17,75340,156
27,17,75340,157
27,17,75340,158
27,17,75340,159
27,17,75340,160
27,17,75340,161
27,17,75340,162
27,17,75340,163
27,17,75340,164
27,17,75340,165
27,17,75340,166
27,17,75340,167
27,17,75340,168
27,17,75340,169
27,17,75340,170
27,17,75340,171
27,17,75340,172
27,17,75340,173
27,17,75340,174
27,17,75340,175
27,17,75340,176
27,17,75340,177
27,17,75340,178
27,17,75340,179
27,17,75340,180
27,17,75340,181
27,17,75340,182
27,17,75340,183
27,17,75340,184
27,17,75340,185
27,17,75340,186
27,17,75340,187
27,17,75340,188
27,17,75340,189
27,17,75340,190
27,17,75340,191
27,17,75340,192
27,17,75340,193
27,17,75340,194
27,17,75340,195
27,17,75340,196
27,17,75340,197
27,17,75340,198
27,17,75340,199
27,3,18545,0
27,3,18545,1
27,3,18545,2
27,3,18545,3
27,3,18545,4
27,3,18545,5
27,3,18545,6
27,3,18545,7
27,3,18545,8
27,3,18545,9
27,3,18545,10
27,3,18545,11
27,3,18545,12
27,3,18545,13
27,3,18545,14
27,3,18545,15
27,3,18545,16
27,3,18545,17
27,3,18545,18
27,3,18545,19
27,3,18545,20
27,3,18545,21
27,3,18545,22
27,3,18545,23
27,3,18545,24
27,3,18545,25
27,3,18545,26
27,3,18545,27
27,3,18545,28
27,3,18545,29
27,3,18545,30
27,3,18545,31
27,3,18545,32
27,3,18545,33
27,3,18545,34
27,3,18545,35
27,3,18545,36
27,3,18545,37
27,3,18545,38
27,3,18545,39
27,3,18545,40
27,3,18545,41
27,3,18545,42
27,3,18545,43
27,3,18545,44
27,3,18545,45
27,3,18545,46
27,3,18545,47
27,3,18545,48
27,3,18545,49
27,3,18545,50
27,3,18545,51
27,3,18545,52
27,3,18545,53
27,3,18545,54
27,3,18545,55
27,3,18545,56
27,3,18545,57
27,3,18545,58
27,3,18545,59
27,3,18545,60
27,3,18545,61
27,3,18545,62
27,3,18545,63
27,3,18545,64
27,3,18545,65
27,3,18545,66
27,3,18545,67
27,3,18545,68
27,3,18545,69
27,3,18545,70
27,3,18545,71
27,3,18545,72
27,3,18545,73
27,3,18545,74
27,3,18545,75
27,3,18545,76
27,3,18545,77
27,3,18545,78
27,3,18545,79
27,3,18545,80
27,3,18545,81
27,3,18545,82
27,3,18545,83
27,3,18545,84
27,3,18545,85
27,3,18545,86
27,3,18545,87
27,3,18545,88
27,3,18545,89
27,3,18545,90
27,3,18545,91
27,3,18545,92
27,3,18545,93
27,3,18545,94
27,3,18545,95
27,3,18545,96
27,3,18545,97
27,3,18545,98
27,3,18545,99
27,3,18545,100
27,3,18545,101
27,3,18545,102
27,3,18545,103
27,3,18545,104
27,3,18545,105
27,3,18545,106
27,3,18545,107
27,3,18545,108
27,3,18545,109
27,3,18545,110
27,3,18545,111
27,3,18545,112
27,3,18545,113
27,3,18545,114
27,3,18545,115
27,3,18545,116
27,3,18545,117
27,3,18545,118
27,3,18545,119
27,3,18545,120
27,3,18545,121
27,3,18545,122
27,3,18545,123
27,3,18545,124
27,3,18545,125
27,3,18545,126
27,3,18545,127
27,3,18545,128
27,3,18545,129
27,3,18545,130
27,3,18545,131
27,3,18545,132
27,3,18545,133
27,3,18545,134
27,3,18545,135
27,3,18545,136
27,3,18545,137
27,3,18545,138
27,3,18545,139
27,3,18545,140
27,3,18545,141
27,3,18545,142
27,3,18545,143
27,3,18545,144
27,3,18545,145
27,3,18545,146
27,3,18545,147
27,3,18545,148
27,3,18545,149
27,3,18545,150
27,3,18545,151
27,3,18545,152
27,3,18545,153
27,3,18545,154
27,3,18545,155
27,3,18545,156
27,3,18545,157
27,3,18545,158
27,3,18545,159
27,3,18545,160
27,3,18545,161
27,3,18545,162
27,3,18545,163
27,3,18545,164
27,3,18545,165
27,3,18545,166
27,3,18545,167
27,3,18545,168
27,3,18545,169
27,3,18545,170
27,3,18545,171
27,3,18545,172
27,3,18545,173
27,3,18545,174
27,3,18545,175
27,3,18545,176
27,3,18545,177
27,3,18545,178
27,3,18545,179
27,3,18545,180
27,3,18545,181
27,3,18545,182
27,3,18545,183
27,3,18545,184
27,3,18545,185
27,3,18545,186
27,3,18545,187
27,3,18545,188
27,3,18545,189
27,3,18545,190
27,3,18545,191
27,3,18545,192
27,3,18545,193
27,3,18545,194
27,3,18545,195
27,3,18545,196
27,3,18545,197
27,3,18545,198
27,3,18545,199
27,5,728675,0
27,5,728675,1
27,5,728675,2
27,5,728675,3
27,5,728675,4
27,5,728675,5
27,5,728675,6
27,5,728675,7
27,5,728675,8
27,5,728675,9
27,5,728675,10
27,5,728675,11
27,5,728675,12
27,5,728675,13
27,5,728675,14
27,5,728675,15
27,5,728675,16
27,5,728675,17
27,5,728675,18
27,5,728675,19
27,5,728675,20
27,5,728675,21
27,5,728675,22
27,5,728675,23
27,5,728675,24
27,5,728675,25
27,5,728675,26
27,5,728675,27
27,5,728675,28
27,5,728675,29
27,5,728675,30
27,5,728675,31
27,5,728675,32
27,5,728675,33
27,5,728675,34
27,5,728675,35
27,5,728675,36
27,5,728675,37
27,5,728675,38
27,5,728675,39
27,5,728675,40
27,5,728675,41
27,5,728675,42
27,5,728675,43
27,5,728675,44
27,5,728675,45
27,5,728675,46
27,5,728675,47
27,5,728675,48
27,5,728675,49
27,5,728675,50
27,5,728675,51
27,5,728675,52
27,5,728675,53
27,5,728675,54
27,5,728675,55
27,5,728675,56
27,5,728675,57
27,5,728675,58
27,5,728675,59
27,5,728675,60
27,5,728675,61
27,5,728675,62
27,5,728675,63
27,5,728675,64
27,5,728675,65
27,5,728675,66
27,5,728675,67
27,5,728675,68
27,5,728675,69
27,5,728675,70
27,5,728675,71
27,5,728675,72
27,5,728675,73
27,5,728675,74
27,5,728675,75
27,5,728675,76
27,5,728675,77
27,5,728675,78
27,5,728675,79
27,5,728675,80
27,5,728675,81
27,5,728675,82
27,5,728675,83
27,5,728675,84
27,5,728675,85
27,5,728675,86
27,5,728675,87
27,5,728675,88
27,5,728675,89
27,5,728675,90
27,5,728675,91
27,5,728675,92
27,5,728675,93
27,5,728675,94
27,5,728675,95
27,5,728675,96
27,5,728675,97
27,5,728675,98
27,5,728675,99
27,5,728675,100
27,5,728675,101
27,5,728675,102
27,5,728675,103
27,5,728675,104
27,5,728675,105
27,5,728675,106
27,5,728675,107
27,5,728675,108
27,5,728675,109
27,5,728675,110
27,5,728675,111
27,5,728675,112
27,5,728675,113
27,5,728675,114
27,5,728675,115
27,5,728675,116
27,5,728675,117
27,5,728675,118
27,5,728675,119
27,5,728675,120
27,5,728675,121
27,5,728675,122
27,5,728675,123
27,5,728675,124
27,5,728675,125
27,5,728675,126
27,5,728675,127
27,5,728675,128
27,5,728675,129
27,5,728675,130
27,5,728675,131
27,5,728675,132
27,5,728675,133
27,5,728675,134
27,5,728675,135
27,5,728675,136
27,5,728675,137
27,5,728675,138
27,5,728675,139
27,5,728675,140
27,5,728675,141
27,5,728675,142
27,5,728675,143
27,5,728675,144
27,5,728675,145
27,5,728675,146
27,5,728675,147
27,5,728675,148
27,5,728675,149
27,5,728675,150
27,5,728675,151
27,5,728675,152
27,5,728675,153
27,5,728675,154
27,5,728675,155
27,5,728675,156
27,5,728675,157
27,5,728675,158
27,5,728675,159
27,5,728675,160
27,5,728675,161
27,5,728675,162
27,5,728675,163
27,5,728675,164
27,5,728675,165
27,5,728675,166
27,5,728675,167
27,5,728675,168
27,5,728675,169
27,5,728675,170
27,5,728675,171
27,5,728675,172
27,5,728675,173
27,5,728675,174
27,5,728675,175
27,5,728675,176
27,5,728675,177
27,5,728675,178
27,5,728675,179
27,5,728675,180
27,5,728675,181
27,5,728675,182
27,5,728675,183
27,5,728675,184
27,5,728675,185
27,5,728675,186
27,5,728675,187
27,5,728675,188
27,5,728675,189
27,5,728675,190
27,5,728675,191
27,5,728675,192
27,5,728675,193
27,5,728675,194
27,5,728675,195
27,5,728675,196
27,5,728675,197
27,5,728675,198
27,5,728675,199
27,8,8505,0
27,8,8505,1
27,8,8505,2
27,8,8505,3
27,8,8505,4
27,8,8505,5
27,8,8505,6
27,8,8505,7
27,8,8505,8
27,8,8505,9
27,8,8505,10
27,8,8505,11
27,8,8505,12
27,8,8505,13
27,8,8505,14
27,8,8505,15
27,8,8505,16
27,8,8505,17
27,8,8505,18
27,8,8505,19
27,8,8505,20
27,8,8505,21
27,8,8505,22
27,8,8505,23
27,8,8505,24
27,8,8505,25
27,8,8505,26
27,8,8505,27
27,8,8505,28
27,8,8505,29
27,8,8505,30
27,8,8505,31
27,8,8505,32
27,8,8505,33
27,8,8505,34
27,8,8505,35
27,8,8505,36
27,8,8505,37
27,8,8505,38
27,8,8505,39
27,8,8505,40
27,8,8505,41
27,8,8505,42
27,8,8505,43
27,8,8505,44
27,8,8505,45
27,8,8505,46
27,8,8505,47
27,8,8505,48
27,8,8505,49
27,8,8505,50
27,8,8505,51
27,8,8505,52
27,8,8505,53
27,8,8505,54
27,8,8505,55
27,8,8505,56
27,8,8505,57
27,8,8505,58
27,8,8505,59
27,8,8505,60
27,8,8505,61
27,8,8505,62
27,8,8505,63
27,8,8505,64
27,8,8505,65
27,8,8505,66
27,8,8505,67
27,8,8505,68
27,8,8505,69
27,8,8505,70
27,8,8505,71
27,8,8505,72
27,8,8505,73
27,8,8505,74
27,8,8505,75
27,8,8505,76
27,8,8505,77
27,8,8505,78
27,8,8505,79
27,8,8505,80
27,8,8505,81
27,8,8505,82
27,8,8505,83
27,8,8505,84
27,8,8505,85
27,8,8505,86
27,8,8505,87
27,8,8505,88
27,8,8505,89
27,8,8505,90
27,8,8505,91
27,8,8505,92
27,8,8505,93
27,8,8505,94
27,8,8505,95
27,8,8505,96
27,8,8505,97
27,8,8505,98
27,8,8505,99
27,8,8505,100
27,8,8505,101
27,8,8505,102
27,8,8505,103
27,8,8505,104
27,8,8505,105
27,8,8505,106
27,8,8505,107
27,8,8505,108
27,8,8505,109
27,8,8505,110
27,8,8505,111
27,8,8505,112
27,8,8505,113
27,8,8505,114
27,8,8505,115
27,8,8505,116
27,8,8505,117
27,8,8505,118
27,8,8505,119
27,8,8505,120
27,8,8505,121
27,8,8505,122
27,8,8505,123
27,8,8505,124
27,8,8505,125
27,8,8505,126
27,8,8505,127
27,8,8505,128
27,8,8505,129
27,8,8505,130
27,8,8505,131
27,8,8505,132
27,8,8505,133
27,8,8505,134
27,8,8505,135
27,8,8505,136
27,8,8505,137
27,8,8505,138
27,8,8505,139
27,8,8505,140
27,8,8505,141
27,8,8505,142
27,8,8505,143
27,8,8505,144
27,8,8505,145
27,8,8505,146
27,8,8505,147
27,8,8505,148
27,8,8505,149
27,8,8505,150
27,8,8505,151
27,8,8505,152
27,8,8505,153
27,8,8505,154
27,8,8505,155
27,8,8505,156
27,8,8505,157
27,8,8505,158
27,8,8505,159
27,8,8505,160
27,8,8505,161
27,8,8505,162
27,8,8505,163
27,8,8505,164
27,8,8505,165
27,8,8505,166
27,8,8505,167
27,8,8505,168
27,8,8505,169
27,8,8505,170
27,8,8505,171
27,8,8505,172
27,8,8505,173
27,8,8505,174
27,8,8505,175
27,8,8505,176
27,8,8505,177
27,8,8505,178
27,8,8505,179
27,8,8505,180
27,8,8505,181
27,8,8505,182
27,8,8505,183
27,8,8505,184
27,8,8505,185
27,8,8505,186
27,8,8505,187
27,8,8505,188
27,8,8505,189
27,8,8505,190
27,8,8505,191
27,8,8505,192
27,8,8505,193
27,8,8505,194
27,8,8505,195
27,8,8505,196
27,8,8505,197
27,8,8505,198
27,8,8505,199
27,9,1376100,0
27,9,1376100,1
27,9,1376100,2
27,9,1376100,3
27,9,1376100,4
27,9,1376100,5
27,9,1376100,6
27,9,1376100,7
27,9,1376100,8
27,9,1376100,9
27,9,1376100,10
27,9,1376100,11
27,9,1376100,12
27,9,1376100,13
27,9,1376100,14
27,9,1376100,15
27,9,1376100,16
27,9,1376100,17
27,9,1376100,18
27,9,1376100,19
27,9,1376100,20
27,9,1376100,21
27,9,1376100,22
27,9,1376100,23
27,9,1376100,24
27,9,1376100,25
27,9,1376100,26
27,9,1376100,27
27,9,1376100,28
27,9,1376100,29
27,9,1376100,30
27,9,1376100,31
27,9,1376100,32
27,9,1376100,33
27,9,1376100,34
27,9,1376100,35
27,9,1376100,36
27,9,1376100,37
27,9,1376100,38
27,9,1376100,39
27,9,1376100,40
27,9,1376100,41
27,9,1376100,42
27,9,1376100,43
27,9,1376100,44
27,9,1376100,45
27,9,1376100,46
27,9,1376100,47
27,9,1376100,48
27,9,1376100,49
27,9,1376100,50
27,9,1376100,51
27,9,1376100,52
27,9,1376100,53
27,9,1376100,54
27,9,1376100,55
27,9,1376100,56
27,9,1376100,57
27,9,1376100,58
27,9,1376100,59
27,9,1376100,60
27,9,1376100,61
27,9,1376100,62
27,9,1376100,63
27,9,1376100,64
27,9,1376100,65
27,9,1376100,66
27,9,1376100,67
27,9,1376100,68
27,9,1376100,69
27,9,1376100,70
27,9,1376100,71
27,9,1376100,72
27,9,1376100,73
27,9,1376100,74
27,9,1376100,75
27,9,1376100,76
27,9,1376100,77
27,9,1376100,78
27,9,1376100,79
27,9,1376100,80
27,9,1376100,81
27,9,1376100,82
27,9,1376100,83
27,9,1376100,84
27,9,1376100,85
27,9,1376100,86
27,9,1376100,87
27,9,1376100,88
27,9,1376100,89
27,9,1376100,90
27,9,1376100,91
27,9,1376100,92
27,9,1376100,93
27,9,1376100,94
27,9,1376100,95
27,9,1376100,96
27,9,1376100,97
27,9,1376100,98
27,9,1376100,99
27,9,1376100,100
27,9,1376100,101
27,9,1376100,102
27,9,1376100,103
27,9,1376100,104
27,9,1376100,105
27,9,1376100,106
27,9,1376100,107
27,9,1376100,108
27,9,1376100,109
27,9,1376100,110
27,9,1376100,111
27,9,1376100,112
27,9,1376100,113
27,9,1376100,114
27,9,1376100,115
27,9,1376100,116
27,9,1376100,117
27,9,1376100,118
27,9,1376100,119
27,9,1376100,120
27,9,1376100,121
27,9,1376100,122
27,9,1376100,123
27,9,1376100,124
27,9,1376100,125
27,9,1376100,126
27,9,1376100,127
27,9,1376100,128
27,9,1376100,129
27,9,1376100,130
27,9,1376100,131
27,9,1376100,132
27,9,1376100,133
27,9,1376100,134
27,9,1376100,135
27,9,1376100,136
27,9,1376100,137
27,9,1376100,138
27,9,1376100,139
27,9,1376100,140
27,9,1376100,141
27,9,1376100,142
27,9,1376100,143
27,9,1376100,144
27,9,1376100,145
27,9,1376100,146
27,9,1376100,147
27,9,1376100,148
27,9,1376100,149
27,9,1376100,150
27,9,1376100,151
27,9,1376100,152
27,9,1376100,153
27,9,1376100,154
27,9,1376100,155
27,9,1376100,156
27,9,1376100,157
27,9,1376100,158
27,9,1376100,159
27,9,1376100,160
27,9,1376100,161
27,9,1376100,162
27,9,1376100,163
27,9,1376100,164
27,9,1376100,165
27,9,1376100,166
27,9,1376100,167
27,9,1376100,168
27,9,1376100,169
27,9,1376100,170
27,9,1376100,171
27,9,1376100,172
27,9,1376100,173
27,9,1376100,174
27,9,1376100,175
27,9,1376100,176
27,9,1376100,177
27,9,1376100,178
27,9,1376100,179
27,9,1376100,180
27,9,1376100,181
27,9,1376100,182
27,9,1376100,183
27,9,1376100,184
27,9,1376100,185
27,9,1376100,186
27,9,1376100,187
27,9,1376100,188
27,9,1376100,189
27,9,1376100,190
27,9,1376100,191
27,9,1376100,192
27,9,1376100,193
27,9,1376100,194
27,9,1376100,195
27,9,1376100,196
27,9,1376100,197
27,9,1376100,198
27,9,1376100,199
27,21,1035800,0
27,21,1035800,1
27,21,1035800,2
27,21,1035800,3
27,21,1035800,4
27,21,1035800,5
27,21,1035800,6
27,21,1035800,7
27,21,1035800,8
27,21,1035800,9
27,21,1035800,10
27,21,1035800,11
27,21,1035800,12
27,21,1035800,13
27,21,1035800,14
27,21,1035800,15
27,21,1035800,16
27,21,1035800,17
27,21,1035800,18
27,21,1035800,19
27,21,1035800,20
27,21,1035800,21
27,21,1035800,22
27,21,1035800,23
27,21,1035800,24
27,21,1035800,25
27,21,1035800,26
27,21,1035800,27
27,21,1035800,28
27,21,1035800,29
27,21,1035800,30
27,21,1035800,31
27,21,1035800,32
27,21,1035800,33
27,21,1035800,34
27,21,1035800,35
27,21,1035800,36
27,21,1035800,37
27,21,1035800,38
27,21,1035800,39
27,21,1035800,40
27,21,1035800,41
27,21,1035800,42
27,21,1035800,43
27,21,1035800,44
27,21,1035800,45
27,21,1035800,46
27,21,1035800,47
27,21,1035800,48
27,21,1035800,49
27,21,1035800,50
27,21,1035800,51
27,21,1035800,52
27,21,1035800,53
27,21,1035800,54
27,21,1035800,55
27,21,1035800,56
27,21,1035800,57
27,21,1035800,58
27,21,1035800,59
27,21,1035800,60
27,21,1035800,61
27,21,1035800,62
27,21,1035800,63
27,21,1035800,64
27,21,1035800,65
27,21,1035800,66
27,21,1035800,67
27,21,1035800,68
27,21,1035800,69
27,21,1035800,70
27,21,1035800,71
27,21,1035800,72
27,21,1035800,73
27,21,1035800,74
27,21,1035800,75
27,21,1035800,76
27,21,1035800,77
27,21,1035800,78
27,21,1035800,79
27,21,1035800,80
27,21,1035800,81
27,21,1035800,82
27,21,1035800,83
27,21,1035800,84
27,21,1035800,85
27,21,1035800,86
27,21,1035800,87
27,21,1035800,88
27,21,1035800,89
27,21,1035800,90
27,21,1035800,91
27,21,1035800,92
27,21,1035800,93
27,21,1035800,94
27,21,1035800,95
27,21,1035800,96
27,21,1035800,97
27,21,1035800,98
27,21,1035800,99
27,21,1035800,100
27,21,1035800,101
27,21,1035800,102
27,21,1035800,103
27,21,1035800,104
27,21,1035800,105
27,21,1035800,106
27,21,1035800,107
27,21,1035800,108
27,21,1035800,109
27,21,1035800,110
27,21,1035800,111
27,21,1035800,112
27,21,1035800,113
27,21,1035800,114
27,21,1035800,115
27,21,1035800,116
27,21,1035800,117
27,21,1035800,118
27,21,1035800,119
27,21,1035800,120
27,21,1035800,121
27,21,1035800,122
27,21,1035800,123
27,21,1035800,124
27,21,1035800,125
27,21,1035800,126
27,21,1035800,127
27,21,1035800,128
27,21,1035800,129
27,21,1035800,130
27,21,1035800,131
27,21,1035800,132
27,21,1035800,133
27,21,1035800,134
27,21,1035800,135
27,21,1035800,136
27,21,1035800,137
27,21,1035800,138
27,21,1035800,139
27,21,1035800,140
27,21,1035800,141
27,21,1035800,142
27,21,1035800,143
27,21,1035800,144
27,21,1035800,145
27,21,1035800,146
27,21,1035800,147
27,21,1035800,148
27,21,1035800,149
27,21,1035800,150
27,21,1035800,151
27,21,1035800,152
27,21,1035800,153
27,21,1035800,154
27,21,1035800,155
27,21,1035800,156
27,21,1035800,157
27,21,1035800,158
27,21,1035800,159
27,21,1035800,160
27,21,1035800,161
27,21,1035800,162
27,21,1035800,163
27,21,1035800,164
27,21,1035800,165
27,21,1035800,166
27,21,1035800,167
27,21,1035800,168
27,21,1035800,169
27,21,1035800,170
27,21,1035800,171
27,21,1035800,172
27,21,1035800,173
27,21,1035800,174
27,21,1035800,175
27,21,1035800,176
27,21,1035800,177
27,21,1035800,178
27,21,1035800,179
27,21,1035800,180
27,21,1035800,181
27,21,1035800,182
27,21,1035800,183
27,21,1035800,184
27,21,1035800,185
27,21,1035800,186
27,21,1035800,187
27,21,1035800,188
27,21,1035800,189
27,21,1035800,190
27,21,1035800,191
27,21,1035800,192
27,21,1035800,193
27,21,1035800,194
27,21,1035800,195
27,21,1035800,196
27,21,1035800,197
27,21,1035800,198
27,21,1035800,199
27,12,12435,0
27,12,12435,1
27,12,12435,2
27,12,12435,3
27,12,12435,4
27,12,12435,5
27,12,12435,6
27,12,12435,7
27,12,12435,8
27,12,12435,9
27,12,12435,10
27,12,12435,11
27,12,12435,12
27,12,12435,13
27,12,12435,14
27,12,12435,15
27,12,12435,16
27,12,12435,17
27,12,12435,18
27,12,12435,19
27,12,12435,20
27,12,12435,21
27,12,12435,22
27,12,12435,23
27,12,12435,24
27,12,12435,25
27,12,12435,26
27,12,12435,27
27,12,12435,28
27,12,12435,29
27,12,12435,30
27,12,12435,31
27,12,12435,32
27,12,12435,33
27,12,12435,34
27,12,12435,35
27,12,12435,36
27,12,12435,37
27,12,12435,38
27,12,12435,39
27,12,12435,40
27,12,12435,41
27,12,12435,42
27,12,12435,43
27,12,12435,44
27,12,12435,45
27,12,12435,46
27,12,12435,47
27,12,12435,48
27,12,12435,49
27,12,12435,50
27,12,12435,51
27,12,12435,52
27,12,12435,53
27,12,12435,54
27,12,12435,55
27,12,12435,56
27,12,12435,57
27,12,12435,58
27,12,12435,59
27,12,12435,60
27,12,12435,61
27,12,12435,62
27,12,12435,63
27,12,12435,64
27,12,12435,65
27,12,12435,66
27,12,12435,67
27,12,12435,68
27,12,12435,69
27,12,12435,70
27,12,12435,71
27,12,12435,72
27,12,12435,73
27,12,12435,74
27,12,12435,75
27,12,12435,76
27,12,12435,77
27,12,12435,78
27,12,12435,79
27,12,12435,80
27,12,12435,81
27,12,12435,82
27,12,12435,83
27,12,12435,84
27,12,12435,85
27,12,12435,86
27,12,12435,87
27,12,12435,88
27,12,12435,89
27,12,12435,90
27,12,12435,91
27,12,12435,92
27,12,12435,93
27,12,12435,94
27,12,12435,95
27,12,12435,96
27,12,12435,97
27,12,12435,98
27,12,12435,99
27,12,12435,100
27,12,12435,101
27,12,12435,102
27,12,12435,103
27,12,12435,104
27,12,12435,105
27,12,12435,106
27,12,12435,107
27,12,12435,108
27,12,12435,109
27,12,12435,110
27,12,12435,111
27,12,12435,112
27,12,12435,113
27,12,12435,114
27,12,12435,115
27,12,12435,116
27,12,12435,117
27,12,12435,118
27,12,12435,119
27,12,12435,120
27,12,12435,121
27,12,12435,122
27,12,12435,123
27,12,12435,124
27,12,12435,125
27,12,12435,126
27,12,12435,127
27,12,12435,128
27,12,12435,129
27,12,12435,130
27,12,12435,131
27,12,12435,132
27,12,12435,133
27,12,12435,134
27,12,12435,135
27,12,12435,136
27,12,12435,137
27,12,12435,138
27,12,12435,139
27,12,12435,140
27,12,12435,141
27,12,12435,142
27,12,12435,143
27,12,12435,144
27,12,12435,145
27,12,12435,146
27,12,12435,147
27,12,12435,148
27,12,12435,149
27,12,12435,150
27,12,12435,151
27,12,12435,152
27,12,12435,153
27,12,12435,154
27,12,12435,155
27,12,12435,156
27,12,12435,157
27,12,12435,158
27,12,12435,159
27,12,12435,160
27,12,12435,161
27,12,12435,162
27,12,12435,163
27,12,12435,164
27,12,12435,165
27,12,12435,166
27,12,12435,167
27,12,12435,168
27,12,12435,169
27,12,12435,170
27,12,12435,171
27,12,12435,172
27,12,12435,173
27,12,12435,174
27,12,12435,175
27,12,12435,176
27,12,12435,177
27,12,12435,178
27,12,12435,179
27,12,12435,180
27,12,12435,181
27,12,12435,182
27,12,12435,183
27,12,12435,184
27,12,12435,185
27,12,12435,186
27,12,12435,187
27,12,12435,188
27,12,12435,189
27,12,12435,190
27,12,12435,191
27,12,12435,192
27,12,12435,193
27,12,12435,194
27,12,12435,195
27,12,12435,196
27,12,12435,197
27,12,12435,198
27,12,12435,199
27,14,538170,0
27,14,538170,1
27,14,538170,2
27,14,538170,3
27,14,538170,4
27,14,538170,5
27,14,538170,6
27,14,538170,7
27,14,538170,8
27,14,538170,9
27,14,538170,10
27,14,538170,11
27,14,538170,12
27,14,538170,13
27,14,538170,14
27,14,538170,15
27,14,538170,16
27,14,538170,17
27,14,538170,18
27,14,538170,19
27,14,538170,20
27,14,538170,21
27,14,538170,22
27,14,538170,23
27,14,538170,24
27,14,538170,25
27,14,538170,26
27,14,538170,27
27,14,538170,28
27,14,538170,29
27,14,538170,30
27,14,538170,31
27,14,538170,32
27,14,538170,33
27,14,538170,34
27,14,538170,35
27,14,538170,36
27,14,538170,37
27,14,538170,38
27,14,538170,39
27,14,538170,40
27,14,538170,41
27,14,538170,42
27,14,538170,43
27,14,538170,44
27,14,538170,45
27,14,538170,46
27,14,538170,47
27,14,538170,48
27,14,538170,49
27,14,538170,50
27,14,538170,51
27,14,538170,52
27,14,538170,53
27,14,538170,54
27,14,538170,55
27,14,538170,56
27,14,538170,57
27,14,538170,58
27,14,538170,59
27,14,538170,60
27,14,538170,61
27,14,538170,62
27,14,538170,63
27,14,538170,64
27,14,538170,65
27,14,538170,66
27,14,538170,67
27,14,538170,68
27,14,538170,69
27,14,538170,70
27,14,538170,71
27,14,538170,72
27,14,538170,73
27,14,538170,74
27,14,538170,75
27,14,538170,76
27,14,538170,77
27,14,538170,78
27,14,538170,79
27,14,538170,80
27,14,538170,81
27,14,538170,82
27,14,538170,83
27,14,538170,84
27,14,538170,85
27,14,538170,86
27,14,538170,87
27,14,538170,88
27,14,538170,89
27,14,538170,90
27,14,538170,91
27,14,538170,92
27,14,538170,93
27,14,538170,94
27,14,538170,95
27,14,538170,96
27,14,538170,97
27,14,538170,98
27,14,538170,99
27,14,538170,100
27,14,538170,101
27,14,538170,102
27,14,538170,103
27,14,538170,104
27,14,538170,105
27,14,538170,106
27,14,538170,107
27,14,538170,108
27,14,538170,109
27,14,538170,110
27,14,538170,111
27,14,538170,112
27,14,538170,113
27,14,538170,114
27,14,538170,115
27,14,538170,116
27,14,538170,117
27,14,538170,118
27,14,538170,119
27,14,538170,120
27,14,538170,121
27,14,538170,122
27,14,538170,123
27,14,538170,124
27,14,538170,125
27,14,538170,126
27,14,538170,127
27,14,538170,128
27,14,538170,129
27,14,538170,130
27,14,538170,131
27,14,538170,132
27,14,538170,133
27,14,538170,134
27,14,538170,135
27,14,538170,136
27,14,538170,137
27,14,538170,138
27,14,538170,139
27,14,538170,140
27,14,538170,141
27,14,538170,142
27,14,538170,143
27,14,538170,144
27,14,538170,145
27,14,538170,146
27,14,538170,147
27,14,538170,148
27,14,538170,149
27,14,538170,150
27,14,538170,151
27,14,538170,152
27,14,538170,153
27,14,538170,154
27,14,538170,155
27,14,538170,156
27,14,538170,157
27,14,538170,158
27,14,538170,159
27,14,538170,160
27,14,538170,161
27,14,538170,162
27,14,538170,163
27,14,538170,164
27,14,538170,165
27,14,538170,166
27,14,538170,167
27,14,538170,168
27,14,538170,169
27,14,538170,170
27,14,538170,171
27,14,538170,172
27,14,538170,173
27,14,538170,174
27,14,538170,175
27,14,538170,176
27,14,538170,177
27,14,538170,178
27,14,538170,179
27,14,538170,180
27,14,538170,181
27,14,538170,182
27,14,538170,183
27,14,538170,184
27,14,538170,185
27,14,538170,186
27,14,538170,187
27,14,538170,188
27,14,538170,189
27,14,538170,190
27,14,538170,191
27,14,538170,192
27,14,538170,193
27,14,538170,194
27,14,538170,195
27,14,538170,196
27,14,538170,197
27,14,538170,198
27,14,538170,199
27,39,216320,0
27,39,216320,1
27,39,216320,2
27,39,216320,3
27,39,216320,4
27,39,216320,5
27,39,216320,6
27,39,216320,7
27,39,216320,8
27,39,216320,9
27,39,216320,10
27,39,216320,11
27,39,216320,12
27,39,216320,13
27,39,216320,14
27,39,216320,15
27,39,216320,16
27,39,216320,17
27,39,216320,18
27,39,216320,19
27,39,216320,20
27,39,216320,21
27,39,216320,22
27,39,216320,23
27,39,216320,24
27,39,216320,25
27,39,216320,26
27,39,216320,27
27,39,216320,28
27,39,216320,29
27,39,216320,30
27,39,216320,31
27,39,216320,32
27,39,216320,33
27,39,216320,34
27,39,216320,35
27,39,216320,36
27,39,216320,37
27,39,216320,38
27,39,216320,39
27,39,216320,40
27,39,216320,41
27,39,216320,42
27,39,216320,43
27,39,216320,44
27,39,216320,45
27,39,216320,46
27,39,216320,47
27,39,216320,48
27,39,216320,49
27,39,216320,50
27,39,216320,51
27,39,216320,52
27,39,216320,53
27,39,216320,54
27,39,216320,55
27,39,216320,56
27,39,216320,57
27,39,216320,58
27,39,216320,59
27,39,216320,60
27,39,216320,61
27,39,216320,62
27,39,216320,63
27,39,216320,64
27,39,216320,65
27,39,216320,66
27,39,216320,67
27,39,216320,68
27,39,216320,69
27,39,216320,70
27,39,216320,71
27,39,216320,72
27,39,216320,73
27,39,216320,74
27,39,216320,75
27,39,216320,76
27,39,216320,77
27,39,216320,78
27,39,216320,79
27,39,216320,80
27,39,216320,81
27,39,216320,82
27,39,216320,83
27,39,216320,84
27,39,216320,85
27,39,216320,86
27,39,216320,87
27,39,216320,88
27,39,216320,89
27,39,216320,90
27,39,216320,91
27,39,216320,92
27,39,216320,93
27,39,216320,94
27,39,216320,95
27,39,216320,96
27,39,216320,97
27,39,216320,98
27,39,216320,99
27,39,216320,100
27,39,216320,101
27,39,216320,102
27,39,216320,103
27,39,216320,104
27,39,216320,105
27,39,216320,106
27,39,216320,107
27,39,216320,108
27,39,216320,109
27,39,216320,110
27,39,216320,111
27,39,216320,112
27,39,216320,113
27,39,216320,114
27,39,216320,115
27,39,216320,116
27,39,216320,117
27,39,216320,118
27,39,216320,119
27,39,216320,120
27,39,216320,121
27,39,216320,122
27,39,216320,123
27,39,216320,124
27,39,216320,125
27,39,216320,126
27,39,216320,127
27,39,216320,128
27,39,216320,129
27,39,216320,130
27,39,216320,131
27,39,216320,132
27,39,216320,133
27,39,216320,134
27,39,216320,135
27,39,216320,136
27,39,216320,137
27,39,216320,138
27,39,216320,139
27,39,216320,140
27,39,216320,141
27,39,216320,142
27,39,216320,143
27,39,216320,144
27,39,216320,145
27,39,216320,146
27,39,216320,147
27,39,216320,148
27,39,216320,149
27,39,216320,150
27,39,216320,151
27,39,216320,152
27,39,216320,153
27,39,216320,154
27,39,216320,155
27,39,216320,156
27,39,216320,157
27,39,216320,158
27,39,216320,159
27,39,216320,160
27,39,216320,161
27,39,216320,162
27,39,216320,163
27,39,216320,164
27,39,216320,165
27,39,216320,166
27,39,216320,167
27,39,216320,168
27,39,216320,169
27,39,216320,170
27,39,216320,171
27,39,216320,172
27,39,216320,173
27,39,216320,174
27,39,216320,175
27,39,216320,176
27,39,216320,177
27,39,216320,178
27,39,216320,179
27,39,216320,180
27,39,216320,181
27,39,216320,182
27,39,216320,183
27,39,216320,184
27,39,216320,185
27,39,216320,186
27,39,216320,187
27,39,216320,188
27,39,216320,189
27,39,216320,190
27,39,216320,191
27,39,216320,192
27,39,216320,193
27,39,216320,194
27,39,216320,195
27,39,216320,196
27,39,216320,197
27,39,216320,198
27,39,216320,199
27,18,14185,0
27,18,14185,1
27,18,14185,2
27,18,14185,3
27,18,14185,4
27,18,14185,5
27,18,14185,6
27,18,14185,7
27,18,14185,8
27,18,14185,9
27,18,14185,10
27,18,14185,11
27,18,14185,12
27,18,14185,13
27,18,14185,14
27,18,14185,15
27,18,14185,16
27,18,14185,17
27,18,14185,18
27,18,14185,19
27,18,14185,20
27,18,14185,21
27,18,14185,22
27,18,14185,23
27,18,14185,24
27,18,14185,25
27,18,14185,26
27,18,14185,27
27,18,14185,28
27,18,14185,29
27,18,14185,30
27,18,14185,31
27,18,14185,32
27,18,14185,33
27,18,14185,34
27,18,14185,35
27,18,14185,36
27,18,14185,37
27,18,14185,38
27,18,14185,39
27,18,14185,40
27,18,14185,41
27,18,14185,42
27,18,14185,43
27,18,14185,44
27,18,14185,45
27,18,14185,46
27,18,14185,47
27,18,14185,48
27,18,14185,49
27,18,14185,50
27,18,14185,51
27,18,14185,52
27,18,14185,53
27,18,14185,54
27,18,14185,55
27,18,14185,56
27,18,14185,57
27,18,14185,58
27,18,14185,59
27,18,14185,60
27,18,14185,61
27,18,14185,62
27,18,14185,63
27,18,14185,64
27,18,14185,65
27,18,14185,66
27,18,14185,67
27,18,14185,68
27,18,14185,69
27,18,14185,70
27,18,14185,71
27,18,14185,72
27,18,14185,73
27,18,14185,74
27,18,14185,75
27,18,14185,76
27,18,14185,77
27,18,14185,78
27,18,14185,79
27,18,14185,80
27,18,14185,81
27,18,14185,82
27,18,14185,83
27,18,14185,84
27,18,14185,85
27,18,14185,86
27,18,14185,87
27,18,14185,88
27,18,14185,89
27,18,14185,90
27,18,14185,91
27,18,14185,92
27,18,14185,93
27,18,14185,94
27,18,14185,95
27,18,14185,96
27,18,14185,97
27,18,14185,98
27,18,14185,99
27,18,14185,100
27,18,14185,101
27,18,14185,102
27,18,14185,103
27,18,14185,104
27,18,14185,105
27,18,14185,106
27,18,14185,107
27,18,14185,108
27,18,14185,109
27,18,14185,110
27,18,14185,111
27,18,14185,112
27,18,14185,113
27,18,14185,114
27,18,14185,115
27,18,14185,116
27,18,14185,117
27,18,14185,118
27,18,14185,119
27,18,14185,120
27,18,14185,121
27,18,14185,122
27,18,14185,123
27,18,14185,124
27,18,14185,125
27,18,14185,126
27,18,14185,127
27,18,14185,128
27,18,14185,129
27,18,14185,130
27,18,14185,131
27,18,14185,132
27,18,14185,133
27,18,14185,134
27,18,14185,135
27,18,14185,136
27,18,14185,137
27,18,14185,138
27,18,14185,139
27,18,14185,140
27,18,14185,141
27,18,14185,142
27,18,14185,143
27,18,14185,144
27,18,14185,145
27,18,14185,146
27,18,14185,147
27,18,14185,148
27,18,14185,149
27,18,14185,150
27,18,14185,151
27,18,14185,152
27,18,14185,153
27,18,14185,154
27,18,14185,155
27,18,14185,156
27,18,14185,157
27,18,14185,158
27,18,14185,159
27,18,14185,160
27,18,14185,161
27,18,14185,162
27,18,14185,163
27,18,14185,164
27,18,14185,165
27,18,14185,166
27,18,14185,167
27,18,14185,168
27,18,14185,169
27,18,14185,170
27,18,14185,171
27,18,14185,172
27,18,14185,173
27,18,14185,174
27,18,14185,175
27,18,14185,176
27,18,14185,177
27,18,14185,178
27,18,14185,179
27,18,14185,180
27,18,14185,181
27,18,14185,182
27,18,14185,183
27,18,14185,184
27,18,14185,185
27,18,14185,186
27,18,14185,187
27,18,14185,188
27,18,14185,189
27,18,14185,190
27,18,14185,191
27,18,14185,192
27,18,14185,193
27,18,14185,194
27,18,14185,195
27,18,14185,196
27,18,14185,197
27,18,14185,198
27,18,14185,199
27,20,553855,0
27,20,553855,1
27,20,553855,2
27,20,553855,3
27,20,553855,4
27,20,553855,5
27,20,553855,6
27,20,553855,7
27,20,553855,8
27,20,553855,9
27,20,553855,10
27,20,553855,11
27,20,553855,12
27,20,553855,13
27,20,553855,14
27,20,553855,15
27,20,553855,16
27,20,553855,17
27,20,553855,18
27,20,553855,19
27,20,553855,20
27,20,553855,21
27,20,553855,22
27,20,553855,23
27,20,553855,24
27,20,553855,25
27,20,553855,26
27,20,553855,27
27,20,553855,28
27,20,553855,29
27,20,553855,30
27,20,553855,31
27,20,553855,32
27,20,553855,33
27,20,553855,34
27,20,553855,35
27,20,553855,36
27,20,553855,37
27,20,553855,38
27,20,553855,39
27,20,553855,40
27,20,553855,41
27,20,553855,42
27,20,553855,43
27,20,553855,44
27,20,553855,45
27,20,553855,46
27,20,553855,47
27,20,553855,48
27,20,553855,49
27,20,553855,50
27,20,553855,51
27,20,553855,52
27,20,553855,53
27,20,553855,54
27,20,553855,55
27,20,553855,56
27,20,553855,57
27,20,553855,58
27,20,553855,59
27,20,553855,60
27,20,553855,61
27,20,553855,62
27,20,553855,63
27,20,553855,64
27,20,553855,65
27,20,553855,66
27,20,553855,67
27,20,553855,68
27,20,553855,69
27,20,553855,70
27,20,553855,71
27,20,553855,72
27,20,553855,73
27,20,553855,74
27,20,553855,75
27,20,553855,76
27,20,553855,77
27,20,553855,78
27,20,553855,79
27,20,553855,80
27,20,553855,81
27,20,553855,82
27,20,553855,83
27,20,553855,84
27,20,553855,85
27,20,553855,86
27,20,553855,87
27,20,553855,88
27,20,553855,89
27,20,553855,90
27,20,553855,91
27,20,553855,92
27,20,553855,93
27,20,553855,94
27,20,553855,95
27,20,553855,96
27,20,553855,97
27,20,553855,98
27,20,553855,99
27,20,553855,100
27,20,553855,101
27,20,553855,102
27,20,553855,103
27,20,553855,104
27,20,553855,105
27,20,553855,106
27,20,553855,107
27,20,553855,108
27,20,553855,109
27,20,553855,110
27,20,553855,111
27,20,553855,112
27,20,553855,113
27,20,553855,114
27,20,553855,115
27,20,553855,116
27,20,553855,117
27,20,553855,118
27,20,553855,119
27,20,553855,120
27,20,553855,121
27,20,553855,122
27,20,553855,123
27,20,553855,124
27,20,553855,125
27,20,553855,126
27,20,553855,127
27,20,553855,128
27,20,553855,129
27,20,553855,130
27,20,553855,131
27,20,553855,132
27,20,553855,133
27,20,553855,134
27,20,553855,135
27,20,553855,136
27,20,553855,137
27,20,553855,138
27,20,553855,139
27,20,553855,140
27,20,553855,141
27,20,553855,142
27,20,553855,143
27,20,553855,144
27,20,553855,145
27,20,553855,146
27,20,553855,147
27,20,553855,148
27,20,553855,149
27,20,553855,150
27,20,553855,151
27,20,553855,152
27,20,553855,153
27,20,553855,154
27,20,553855,155
27,20,553855,156
27,20,553855,157
27,20,553855,158
27,20,553855,159
27,20,553855,160
27,20,553855,161
27,20,553855,162
27,20,553855,163
27,20,553855,164
27,20,553855,165
27,20,553855,166
27,20,553855,167
27,20,553855,168
27,20,553855,169
27,20,553855,170
27,20,553855,171
27,20,553855,172
27,20,553855,173
27,20,553855,174
27,20,553855,175
27,20,553855,176
27,20,553855,177
27,20,553855,178
27,20,553855,179
27,20,553855,180
27,20,553855,181
27,20,553855,182
27,20,553855,183
27,20,553855,184
27,20,553855,185
27,20,553855,186
27,20,553855,187
27,20,553855,188
27,20,553855,189
27,20,553855,190
27,20,553855,191
27,20,553855,192
27,20,553855,193
27,20,553855,194
27,20,553855,195
27,20,553855,196
27,20,553855,197
27,20,553855,198
27,20,553855,199
27,29,11160,0
27,29,11160,1
27,29,11160,2
27,29,11160,3
27,29,11160,4
27,29,11160,5
27,29,11160,6
27,29,11160,7
27,29,11160,8
27,29,11160,9
27,29,11160,10
27,29,11160,11
27,29,11160,12
27,29,11160,13
27,29,11160,14
27,29,11160,15
27,29,11160,16
27,29,11160,17
27,29,11160,18
27,29,11160,19
27,29,11160,20
27,29,11160,21
27,29,11160,22
27,29,11160,23
27,29,11160,24
27,29,11160,25
27,29,11160,26
27,29,11160,27
27,29,11160,28
27,29,11160,29
27,29,11160,30
27,29,11160,31
27,29,11160,32
27,29,11160,33
27,29,11160,34
27,29,11160,35
27,29,11160,36
27,29,11160,37
27,29,11160,38
27,29,11160,39
27,29,11160,40
27,29,11160,41
27,29,11160,42
27,29,11160,43
27,29,11160,44
27,29,11160,45
27,29,11160,46
27,29,11160,47
27,29,11160,48
27,29,11160,49
27,29,11160,50
27,29,11160,51
27,29,11160,52
27,29,11160,53
27,29,11160,54
27,29,11160,55
27,29,11160,56
27,29,11160,57
27,29,11160,58
27,29,11160,59
27,29,11160,60
27,29,11160,61
27,29,11160,62
27,29,11160,63
27,29,11160,64
27,29,11160,65
27,29,11160,66
27,29,11160,67
27,29,11160,68
27,29,11160,69
27,29,11160,70
27,29,11160,71
27,29,11160,72
27,29,11160,73
27,29,11160,74
27,29,11160,75
27,29,11160,76
27,29,11160,77
27,29,11160,78
27,29,11160,79
27,29,11160,80
27,29,11160,81
27,29,11160,82
27,29,11160,83
27,29,11160,84
27,29,11160,85
27,29,11160,86
27,29,11160,87
27,29,11160,88
27,29,11160,89
27,29,11160,90
27,29,11160,91
27,29,11160,92
27,29,11160,93
27,29,11160,94
27,29,11160,95
27,29,11160,96
27,29,11160,97
27,29,11160,98
27,29,11160,99
27,29,11160,100
27,29,11160,101
27,29,11160,102
27,29,11160,103
27,29,11160,104
27,29,11160,105
27,29,11160,106
27,29,11160,107
27,29,11160,108
27,29,11160,109
27,29,11160,110
27,29,11160,111
27,29,11160,112
27,29,11160,113
27,29,11160,114
27,29,11160,115
27,29,11160,116
27,29,11160,117
27,29,11160,118
27,29,11160,119
27,29,11160,120
27,29,11160,121
27,29,11160,122
27,29,11160,123
27,29,11160,124
27,29,11160,125
27,29,11160,126
27,29,11160,127
27,29,11160,128
27,29,11160,129
27,29,11160,130
27,29,11160,131
27,29,11160,132
27,29,11160,133
27,29,11160,134
27,29,11160,135
27,29,11160,136
27,29,11160,137
27,29,11160,138
27,29,11160,139
27,29,11160,140
27,29,11160,141
27,29,11160,142
27,29,11160,143
27,29,11160,144
27,29,11160,145
27,29,11160,146
27,29,11160,147
27,29,11160,148
27,29,11160,149
27,29,11160,150
27,29,11160,151
27,29,11160,152
27,29,11160,153
27,29,11160,154
27,29,11160,155
27,29,11160,156
27,29,11160,157
27,29,11160,158
27,29,11160,159
27,29,11160,160
27,29,11160,161
27,29,11160,162
27,29,11160,163
27,29,11160,164
27,29,11160,165
27,29,11160,166
27,29,11160,167
27,29,11160,168
27,29,11160,169
27,29,11160,170
27,29,11160,171
27,29,11160,172
27,29,11160,173
27,29,11160,174
27,29,11160,175
27,29,11160,176
27,29,11160,177
27,29,11160,178
27,29,11160,179
27,29,11160,180
27,29,11160,181
27,29,11160,182
27,29,11160,183
27,29,11160,184
27,29,11160,185
27,29,11160,186
27,29,11160,187
27,29,11160,188
27,29,11160,189
27,29,11160,190
27,29,11160,191
27,29,11160,192
27,29,11160,193
27,29,11160,194
27,29,11160,195
27,29,11160,196
27,29,11160,197
27,29,11160,198
27,29,11160,199
29,5,112100,0
29,5,112100,1
29,5,112100,2
29,5,112100,3
29,5,112100,4
29,5,112100,5
29,5,112100,6
29,5,112100,7
29,5,112100,8
29,5,112100,9
29,5,112100,10
29,5,112100,11
29,5,112100,12
29,5,112100,13
29,5,112100,14
29,5,112100,15
29,5,112100,16
29,5,112100,17
29,5,112100,18
29,5,112100,19
29,5,112100,20
29,5,112100,21
29,5,112100,22
29,5,112100,23
29,5,112100,24
29,5,112100,25
29,5,112100,26
29,5,112100,27
29,5,112100,28
29,5,112100,29
29,5,112100,30
29,5,112100,31
29,5,112100,32
29,5,112100,33
29,5,112100,34
29,5,112100,35
29,5,112100,36
29,5,112100,37
29,5,112100,38
29,5,112100,39
29,5,112100,40
29,5,112100,41
29,5,112100,42
29,5,112100,43
29,5,112100,44
29,5,112100,45
29,5,112100,46
29,5,112100,47
29,5,112100,48
29,5,112100,49
29,5,112100,50
29,5,112100,51
29,5,112100,52
29,5,112100,53
29,5,112100,54
29,5,112100,55
29,5,112100,56
29,5,112100,57
29,5,112100,58
29,5,112100,59
29,5,112100,60
29,5,112100,61
29,5,112100,62
29,5,112100,63
29,5,112100,64
29,5,112100,65
29,5,112100,66
29,5,112100,67
29,5,112100,68
29,5,112100,69
29,5,112100,70
29,5,112100,71
29,5,112100,72
29,5,112100,73
29,5,112100,74
29,5,112100,75
29,5,112100,76
29,5,112100,77
29,5,112100,78
29,5,112100,79
29,5,112100,80
29,5,112100,81
29,5,112100,82
29,5,112100,83
29,5,112100,84
29,5,112100,85
29,5,112100,86
29,5,112100,87
29,5,112100,88
29,5,112100,89
29,5,112100,90
29,5,112100,91
29,5,112100,92
29,5,112100,93
29,5,112100,94
29,5,112100,95
29,5,112100,96
29,5,112100,97
29,5,112100,98
29,5,112100,99
29,5,112100,100
29,5,112100,101
29,5,112100,102
29,5,112100,103
29,5,112100,104
29,5,112100,105
29,5,112100,106
29,5,112100,107
29,5,112100,108
29,5,112100,109
29,5,112100,110
29,5,112100,111
29,5,112100,112
29,5,112100,113
29,5,112100,114
29,5,112100,115
29,5,112100,116
29,5,112100,117
29,5,112100,118
29,5,112100,119
29,5,112100,120
29,5,112100,121
29,5,112100,122
29,5,112100,123
29,5,112100,124
29,5,112100,125
29,5,112100,126
29,5,112100,127
29,5,112100,128
29,5,112100,129
29,5,112100,130
29,5,112100,131
29,5,112100,132
29,5,112100,133
29,5,112100,134
29,5,112100,135
29,5,112100,136
29,5,112100,137
29,5,112100,138
29,5,112100,139
29,5,112100,140
29,5,112100,141
29,5,112100,142
29,5,112100,143
29,5,112100,144
29,5,112100,145
29,5,112100,146
29,5,112100,147
29,5,112100,148
29,5,112100,149
29,5,112100,150
29,5,112100,151
29,5,112100,152
29,5,112100,153
29,5,112100,154
29,5,112100,155
29,5,112100,156
29,5,112100,157
29,5,112100,158
29,5,112100,159
29,5,112100,160
29,5,112100,161
29,5,112100,162
29,5,112100,163
29,5,112100,164
29,5,112100,165
29,5,112100,166
29,5,112100,167
29,5,112100,168
29,5,112100,169
29,5,112100,170
29,5,112100,171
29,5,112100,172
29,5,112100,173
29,5,112100,174
29,5,112100,175
29,5,112100,176
29,5,112100,177
29,5,112100,178
29,5,112100,179
29,5,112100,180
29,5,112100,181
29,5,112100,182
29,5,112100,183
29,5,112100,184
29,5,112100,185
29,5,112100,186
29,5,112100,187
29,5,112100,188
29,5,112100,189
29,5,112100,190
29,5,112100,191
29,5,112100,192
29,5,112100,193
29,5,112100,194
29,5,112100,195
29,5,112100,196
29,5,112100,197
29,5,112100,198
29,5,112100,199
29,9,64500,0
29,9,64500,1
29,9,64500,2
29,9,64500,3
29,9,64500,4
29,9,64500,5
29,9,64500,6
29,9,64500,7
29,9,64500,8
29,9,64500,9
29,9,64500,10
29,9,64500,11
29,9,64500,12
29,9,64500,13
29,9,64500,14
29,9,64500,15
29,9,64500,16
29,9,64500,17
29,9,64500,18
29,9,64500,19
29,9,64500,20
29,9,64500,21
29,9,64500,22
29,9,64500,23
29,9,64500,24
29,9,64500,25
29,9,64500,26
29,9,64500,27
29,9,64500,28
29,9,64500,29
29,9,64500,30
29,9,64500,31
29,9,64500,32
29,9,64500,33
29,9,64500,34
29,9,64500,35
29,9,64500,36
29,9,64500,37
29,9,64500,38
29,9,64500,39
29,9,64500,40
29,9,64500,41
29,9,64500,42
29,9,64500,43
29,9,64500,44
29,9,64500,45
29,9,64500,46
29,9,64500,47
29,9,64500,48
29,9,64500,49
29,9,64500,50
29,9,64500,51
29,9,64500,52
29,9,64500,53
29,9,64500,54
29,9,64500,55
29,9,64500,56
29,9,64500,57
29,9,64500,58
29,9,64500,59
29,9,64500,60
29,9,64500,61
29,9,64500,62
29,9,64500,63
29,9,64500,64
29,9,64500,65
29,9,64500,66
29,9,64500,67
29,9,64500,68
29,9,64500,69
29,9,64500,70
29,9,64500,71
29,9,64500,72
29,9,64500,73
29,9,64500,74
29,9,64500,75
29,9,64500,76
29,9,64500,77
29,9,64500,78
29,9,64500,79
29,9,64500,80
29,9,64500,81
29,9,64500,82
29,9,64500,83
29,9,64500,84
29,9,64500,85
29,9,64500,86
29,9,64500,87
29,9,64500,88
29,9,64500,89
29,9,64500,90
29,9,64500,91
29,9,64500,92
29,9,64500,93
29,9,64500,94
29,9,64500,95
29,9,64500,96
29,9,64500,97
29,9,64500,98
29,9,64500,99
29,9,64500,100
29,9,64500,101
29,9,64500,102
29,9,64500,103
29,9,64500,104
29,9,64500,105
29,9,64500,106
29,9,64500,107
29,9,64500,108
29,9,64500,109
29,9,64500,110
29,9,64500,111
29,9,64500,112
29,9,64500,113
29,9,64500,114
29,9,64500,115
29,9,64500,116
29,9,64500,117
29,9,64500,118
29,9,64500,119
29,9,64500,120
29,9,64500,121
29,9,64500,122
29,9,64500,123
29,9,64500,124
29,9,64500,125
29,9,64500,126
29,9,64500,127
29,9,64500,128
29,9,64500,129
29,9,64500,130
29,9,64500,131
29,9,64500,132
29,9,64500,133
29,9,64500,134
29,9,64500,135
29,9,64500,136
29,9,64500,137
29,9,64500,138
29,9,64500,139
29,9,64500,140
29,9,64500,141
29,9,64500,142
29,9,64500,143
29,9,64500,144
29,9,64500,145
29,9,64500,146
29,9,64500,147
29,9,64500,148
29,9,64500,149
29,9,64500,150
29,9,64500,151
29,9,64500,152
29,9,64500,153
29,9,64500,154
29,9,64500,155
29,9,64500,156
29,9,64500,157
29,9,64500,158
29,9,64500,159
29,9,64500,160
29,9,64500,161
29,9,64500,162
29,9,64500,163
29,9,64500,164
29,9,64500,165
29,9,64500,166
29,9,64500,167
29,9,64500,168
29,9,64500,169
29,9,64500,170
29,9,64500,171
29,9,64500,172
29,9,64500,173
29,9,64500,174
29,9,64500,175
29,9,64500,176
29,9,64500,177
29,9,64500,178
29,9,64500,179
29,9,64500,180
29,9,64500,181
29,9,64500,182
29,9,64500,183
29,9,64500,184
29,9,64500,185
29,9,64500,186
29,9,64500,187
29,9,64500,188
29,9,64500,189
29,9,64500,190
29,9,64500,191
29,9,64500,192
29,9,64500,193
29,9,64500,194
29,9,64500,195
29,9,64500,196
29,9,64500,197
29,9,64500,198
29,9,64500,199
29,20,41525,0
29,20,41525,1
29,20,41525,2
29,20,41525,3
29,20,41525,4
29,20,41525,5
29,20,41525,6
29,20,41525,7
29,20,41525,8
29,20,41525,9
29,20,41525,10
29,20,41525,11
29,20,41525,12
29,20,41525,13
29,20,41525,14
29,20,41525,15
29,20,41525,16
29,20,41525,17
29,20,41525,18
29,20,41525,19
29,20,41525,20
29,20,41525,21
29,20,41525,22
29,20,41525,23
29,20,41525,24
29,20,41525,25
29,20,41525,26
29,20,41525,27
29,20,41525,28
29,20,41525,29
29,20,41525,30
29,20,41525,31
29,20,41525,32
29,20,41525,33
29,20,41525,34
29,20,41525,35
29,20,41525,36
29,20,41525,37
29,20,41525,38
29,20,41525,39
29,20,41525,40
29,20,41525,41
29,20,41525,42
29,20,41525,43
29,20,41525,44
29,20,41525,45
29,20,41525,46
29,20,41525,47
29,20,41525,48
29,20,41525,49
29,20,41525,50
29,20,41525,51
29,20,41525,52
29,20,41525,53
29,20,41525,54
29,20,41525,55
29,20,41525,56
29,20,41525,57
29,20,41525,58
29,20,41525,59
29,20,41525,60
29,20,41525,61
29,20,41525,62
29,20,41525,63
29,20,41525,64
29,20,41525,65
29,20,41525,66
29,20,41525,67
29,20,41525,68
29,20,41525,69
29,20,41525,70
29,20,41525,71
29,20,41525,72
29,20,41525,73
29,20,41525,74
29,20,41525,75
29,20,41525,76
29,20,41525,77
29,20,41525,78
29,20,41525,79
29,20,41525,80
29,20,41525,81
29,20,41525,82
29,20,41525,83
29,20,41525,84
29,20,41525,85
29,20,41525,86
29,20,41525,87
29,20,41525,88
29,20,41525,89
29,20,41525,90
29,20,41525,91
29,20,41525,92
29,20,41525,93
29,20,41525,94
29,20,41525,95
29,20,41525,96
29,20,41525,97
29,20,41525,98
29,20,41525,99
29,20,41525,100
29,20,41525,101
29,20,41525,102
29,20,41525,103
29,20,41525,104
29,20,41525,105
29,20,41525,106
29,20,41525,107
29,20,41525,108
29,20,41525,109
29,20,41525,110
29,20,41525,111
29,20,41525,112
29,20,41525,113
29,20,41525,114
29,20,41525,115
29,20,41525,116
29,20,41525,117
29,20,41525,118
29,20,41525,119
29,20,41525,120
29,20,41525,121
29,20,41525,122
29,20,41525,123
29,20,41525,124
29,20,41525,125
29,20,41525,126
29,20,41525,127
29,20,41525,128
29,20,41525,129
29,20,41525,130
29,20,41525,131
29,20,41525,132
29,20,41525,133
29,20,41525,134
29,20,41525,135
29,20,41525,136
29,20,41525,137
29,20,41525,138
29,20,41525,139
29,20,41525,140
29,20,41525,141
29,20,41525,142
29,20,41525,143
29,20,41525,144
29,20,41525,145
29,20,41525,146
29,20,41525,147
29,20,41525,148
29,20,41525,149
29,20,41525,150
29,20,41525,151
29,20,41525,152
29,20,41525,153
29,20,41525,154
29,20,41525,155
29,20,41525,156
29,20,41525,157
29,20,41525,158
29,20,41525,159
29,20,41525,160
29,20,41525,161
29,20,41525,162
29,20,41525,163
29,20,41525,164
29,20,41525,165
29,20,41525,166
29,20,41525,167
29,20,41525,168
29,20,41525,169
29,20,41525,170
29,20,41525,171
29,20,41525,172
29,20,41525,173
29,20,41525,174
29,20,41525,175
29,20,41525,176
29,20,41525,177
29,20,41525,178
29,20,41525,179
29,20,41525,180
29,20,41525,181
29,20,41525,182
29,20,41525,183
29,20,41525,184
29,20,41525,185
29,20,41525,186
29,20,41525,187
29,20,41525,188
29,20,41525,189
29,20,41525,190
29,20,41525,191
29,20,41525,192
29,20,41525,193
29,20,41525,194
29,20,41525,195
29,20,41525,196
29,20,41525,197
29,20,41525,198
29,20,41525,199
